transaction_id,town,state,datestamp,bread_size,bread_price_NGN
1,Maiduguri,Borno,2025-08-07,Large,2200
2,Orlu,Imo,2024-05-15,Medium,1200
3,Vandeikya,Benue,2024-11-14,Small,500
4,Akure,Ondo,2024-10-07,Small,500
5,Brass,Bayelsa,2025-10-17,Medium,1200
6,Illela,Sokoto,2025-09-03,Small,500
7,Talata Mafara,Zamfara,2026-02-08,Extra Large,3500
8,Deba,Gombe,2024-06-29,Large,2200
9,Umuahia,Abia,2025-03-01,Extra Large,3500
10,Idah,Kogi,2024-05-18,Medium,1200
11,Agbani,Enugu,2024-10-03,Small,500
12,Oporoma,Bayelsa,2025-05-01,Small,500
13,Omu-Aran,Kwara,2024-05-16,Large,2200
14,Oron,Akwa Ibom,2024-09-19,Small,500
15,Lafia,Nasarawa,2025-08-15,Large,2200
16,Ikorodu,Lagos,2025-05-30,Medium,1200
17,Bauchi,Bauchi,2024-10-05,Medium,1200
18,Kano,Kano,2025-07-01,Medium,1200
19,Katsina-Ala,Benue,2025-12-09,Large,2200
20,Oyo Town,Oyo,2024-05-01,Medium,1200
21,Badagry,Lagos,2025-12-07,Medium,1200
22,Kaduna,Kaduna,2025-09-19,Medium,1200
23,Potiskum,Yobe,2024-12-31,Medium,1200
24,Iseyin,Oyo,2024-08-18,Large,2200
25,Talata Mafara,Zamfara,2026-03-27,Large,2200
26,Onitsha,Anambra,2024-12-29,Small,500
27,Zuru,Kebbi,2024-07-03,Large,2200
28,Azare,Bauchi,2024-07-06,Large,2200
29,Oji River,Enugu,2026-01-06,Extra Large,3500
30,Ogbomoso,Oyo,2025-07-12,Large,2200
31,Ikom,Cross River,2025-12-08,Large,2200
32,Idanre,Ondo,2025-10-12,Extra Large,3500
33,Ikeja,Lagos,2025-05-23,Medium,1200
34,Gwadabawa,Sokoto,2026-04-08,Small,500
35,Awka,Anambra,2025-01-28,Medium,1200
36,Ohaozara,Ebonyi,2025-06-04,Small,500
37,Nassarawa,Nasarawa,2025-12-24,Extra Large,3500
38,Bali,Taraba,2025-07-23,Small,500
39,Dikwa,Borno,2026-01-16,Large,2200
40,Lokoja,Kogi,2025-06-23,Large,2200
41,Ondo City,Ondo,2025-09-24,Extra Large,3500
42,Ohafia,Abia,2024-05-30,Medium,1200
43,Sokoto,Sokoto,2024-10-10,Large,2200
44,Illela,Sokoto,2024-11-24,Medium,1200
45,Sapele,Delta,2024-06-24,Medium,1200
46,Buni Yadi,Yobe,2024-10-14,Small,500
47,Zuru,Kebbi,2024-07-09,Small,500
48,Monguno,Borno,2024-11-16,Large,2200
49,Owerri,Imo,2025-08-04,Medium,1200
50,Yenagoa,Bayelsa,2025-01-18,Extra Large,3500
51,Jamaare,Bauchi,2025-01-22,Medium,1200
52,Obudu,Cross River,2024-09-27,Medium,1200
53,Birnin Kudu,Jigawa,2024-11-08,Extra Large,3500
54,Udi,Enugu,2026-03-12,Medium,1200
55,Malumfashi,Katsina,2025-08-13,Large,2200
56,Ejigbo,Osun,2025-07-16,Extra Large,3500
57,Biu,Borno,2024-08-30,Medium,1200
58,Misau,Bauchi,2025-10-11,Small,500
59,Talata Mafara,Zamfara,2024-08-24,Medium,1200
60,Aba,Abia,2025-01-29,Small,500
61,Gombe,Gombe,2026-04-20,Small,500
62,Lokoja,Kogi,2025-08-07,Medium,1200
63,Kagoro,Kaduna,2025-06-08,Medium,1200
64,Potiskum,Yobe,2025-09-09,Extra Large,3500
65,Mbaise,Imo,2026-01-03,Extra Large,3500
66,Ado-Ekiti,Ekiti,2025-11-15,Small,500
67,Owo,Ondo,2024-10-11,Extra Large,3500
68,Ilaro,Ogun,2024-05-20,Small,500
69,Makurdi,Benue,2024-12-13,Extra Large,3500
70,Lokoja,Kogi,2024-11-08,Medium,1200
71,Ikere-Ekiti,Ekiti,2024-09-28,Extra Large,3500
72,Obudu,Cross River,2026-03-17,Medium,1200
73,Kagoro,Kaduna,2026-01-27,Medium,1200
74,Dass,Bauchi,2024-12-13,Small,500
75,Ogidi,Anambra,2025-08-19,Small,500
76,Brass,Bayelsa,2025-02-10,Medium,1200
77,Ilaro,Ogun,2026-02-24,Extra Large,3500
78,Oji River,Enugu,2025-03-28,Small,500
79,Ohaozara,Ebonyi,2024-11-06,Small,500
80,Akwanga,Nasarawa,2024-10-24,Extra Large,3500
81,Danbatta,Kano,2025-06-11,Extra Large,3500
82,Warri,Delta,2024-11-05,Large,2200
83,Enugu,Enugu,2025-06-28,Small,500
84,Birnin Kebbi,Kebbi,2026-02-12,Small,500
85,Shendam,Plateau,2025-02-12,Medium,1200
86,Ogidi,Anambra,2024-10-04,Small,500
87,Benin City,Edo,2026-04-26,Small,500
88,Mbaise,Imo,2025-05-04,Small,500
89,Oguta,Imo,2024-07-02,Small,500
90,Oporoma,Bayelsa,2024-05-31,Large,2200
91,Hadejia,Jigawa,2024-07-16,Large,2200
92,Okigwe,Imo,2025-07-29,Extra Large,3500
93,Ogoja,Cross River,2025-11-27,Extra Large,3500
94,Birnin Kebbi,Kebbi,2025-03-01,Small,500
95,Saki,Oyo,2024-06-12,Small,500
96,Jamaare,Bauchi,2025-01-30,Medium,1200
97,Wamako,Sokoto,2026-04-25,Medium,1200
98,Ilorin,Kwara,2025-05-18,Medium,1200
99,Badagry,Lagos,2026-04-06,Medium,1200
100,Ejigbo,Osun,2026-01-16,Large,2200
101,Jalingo,Taraba,2024-05-05,Large,2200
102,Otukpo,Benue,2025-10-05,Large,2200
103,Maiduguri,Borno,2025-09-07,Medium,1200
104,Kafanchan,Kaduna,2025-05-24,Medium,1200
105,Okene,Kogi,2024-11-08,Large,2200
106,Gwadabawa,Sokoto,2025-08-08,Large,2200
107,Awka,Anambra,2024-07-17,Extra Large,3500
108,Kaduna,Kaduna,2025-03-10,Small,500
109,Okene,Kogi,2025-03-24,Large,2200
110,Ohaozara,Ebonyi,2026-03-25,Extra Large,3500
111,Gusau,Zamfara,2026-01-27,Small,500
112,Azare,Bauchi,2024-11-05,Small,500
113,Ikorodu,Lagos,2025-04-27,Medium,1200
114,Ondo City,Ondo,2024-09-04,Small,500
115,Funtua,Katsina,2026-02-23,Small,500
116,Offa,Kwara,2026-01-23,Medium,1200
117,Gboko,Benue,2024-12-01,Extra Large,3500
118,Warri,Delta,2025-08-07,Medium,1200
119,Uromi,Edo,2025-07-16,Small,500
120,Ekpoma,Edo,2024-08-16,Extra Large,3500
121,Okigwe,Imo,2025-11-05,Medium,1200
122,Katsina-Ala,Benue,2025-05-26,Small,500
123,Barkin Ladi,Plateau,2025-11-17,Medium,1200
124,Oyo Town,Oyo,2025-05-19,Large,2200
125,Biu,Gombe,2024-04-27,Small,500
126,Igbara-Odo,Ekiti,2024-12-19,Large,2200
127,Kaduna,Kaduna,2024-05-11,Large,2200
128,Jebba,Kwara,2026-03-07,Extra Large,3500
129,Gashua,Yobe,2026-01-29,Small,500
130,Monguno,Borno,2025-12-25,Medium,1200
131,Dutse,Jigawa,2024-12-07,Small,500
132,Owo,Ondo,2024-06-08,Large,2200
133,Idanre,Ondo,2026-01-28,Small,500
134,Wamba,Nasarawa,2026-03-20,Medium,1200
135,Dutse,Jigawa,2024-06-28,Extra Large,3500
136,Isuikwuato,Abia,2025-04-17,Medium,1200
137,Epe,Lagos,2024-06-16,Small,500
138,Ankpa,Kogi,2025-11-04,Large,2200
139,Monguno,Borno,2025-11-07,Large,2200
140,Sagamu,Ogun,2024-07-29,Extra Large,3500
141,Rano,Kano,2025-04-09,Medium,1200
142,Igbara-Odo,Ekiti,2025-06-02,Extra Large,3500
143,Irrua,Edo,2024-11-06,Large,2200
144,Rijau,Niger,2026-01-24,Small,500
145,Funtua,Katsina,2025-03-02,Medium,1200
146,Idanre,Ondo,2024-09-28,Large,2200
147,Iseyin,Oyo,2025-05-26,Extra Large,3500
148,Udi,Enugu,2025-10-12,Extra Large,3500
149,Abakaliki,Ebonyi,2024-09-21,Large,2200
150,Illela,Sokoto,2024-12-10,Large,2200
151,Brass,Bayelsa,2026-04-24,Large,2200
152,Biu,Gombe,2025-08-15,Medium,1200
153,Yola,Adamawa,2025-03-13,Medium,1200
154,Shendam,Plateau,2025-05-10,Small,500
155,Iseyin,Oyo,2024-07-24,Medium,1200
156,Nassarawa,Nasarawa,2024-10-08,Extra Large,3500
157,Orlu,Imo,2024-12-30,Small,500
158,Katsina-Ala,Benue,2025-07-01,Medium,1200
159,Irrua,Edo,2024-10-12,Extra Large,3500
160,Ogidi,Anambra,2024-10-04,Medium,1200
161,Gwoza,Borno,2024-06-17,Medium,1200
162,Saki,Oyo,2025-08-01,Large,2200
163,Ejigbo,Osun,2024-10-11,Extra Large,3500
164,Kaura Namoda,Zamfara,2026-02-17,Medium,1200
165,Langtang,Plateau,2026-01-15,Large,2200
166,Okigwe,Imo,2024-06-17,Extra Large,3500
167,Okigwe,Imo,2024-10-17,Extra Large,3500
168,Misau,Bauchi,2025-08-29,Medium,1200
169,Kafanchan,Kaduna,2024-09-30,Large,2200
170,Damaturu,Yobe,2024-08-01,Medium,1200
171,Warri,Delta,2026-03-11,Extra Large,3500
172,Warri,Delta,2025-06-18,Small,500
173,Ilaro,Ogun,2025-04-07,Large,2200
174,Nguru,Yobe,2025-11-21,Extra Large,3500
175,Onitsha,Anambra,2025-12-08,Extra Large,3500
176,Wamba,Nasarawa,2024-09-13,Small,500
177,Nassarawa,Nasarawa,2024-07-06,Small,500
178,Omu-Aran,Kwara,2025-03-08,Extra Large,3500
179,Ota,Ogun,2025-03-02,Medium,1200
180,Omoku,Rivers,2025-04-03,Large,2200
181,Ikare,Ondo,2025-10-11,Small,500
182,Akwanga,Nasarawa,2025-09-01,Extra Large,3500
183,Ohaozara,Ebonyi,2026-04-16,Medium,1200
184,Damaturu,Yobe,2024-07-07,Extra Large,3500
185,Yola,Adamawa,2025-02-15,Extra Large,3500
186,Obudu,Cross River,2024-12-31,Medium,1200
187,Nnewi,Anambra,2026-01-16,Extra Large,3500
188,Argungu,Kebbi,2024-10-25,Extra Large,3500
189,Yauri,Kebbi,2024-09-13,Extra Large,3500
190,Kagoro,Kaduna,2025-03-20,Large,2200
191,Oporoma,Bayelsa,2025-03-01,Small,500
192,Damaturu,Yobe,2024-11-16,Large,2200
193,Gombe,Gombe,2024-10-26,Small,500
194,Mubi,Adamawa,2026-03-02,Medium,1200
195,Futungo,Adamawa,2025-03-16,Medium,1200
196,Orlu,Imo,2026-01-16,Extra Large,3500
197,Dikwa,Borno,2025-06-03,Medium,1200
198,Oyo Town,Oyo,2024-06-02,Large,2200
199,Ishieke,Ebonyi,2026-04-27,Small,500
200,Onueke,Ebonyi,2025-12-29,Small,500
201,Numan,Adamawa,2026-04-05,Extra Large,3500
202,Suleja,Niger,2026-03-05,Small,500
203,Owerri,Imo,2026-01-07,Large,2200
204,Dikwa,Borno,2024-08-26,Small,500
205,Jebba,Kwara,2025-04-17,Extra Large,3500
206,Lagos,Lagos,2024-09-30,Large,2200
207,Arochukwu,Abia,2025-02-14,Extra Large,3500
208,Katsina-Ala,Benue,2024-06-08,Large,2200
209,Ogbomoso,Oyo,2025-01-29,Extra Large,3500
210,Irrua,Edo,2026-04-17,Large,2200
211,Nguru,Yobe,2024-11-06,Extra Large,3500
212,Idanre,Ondo,2025-11-21,Large,2200
213,Argungu,Kebbi,2025-03-25,Small,500
214,Kagoro,Kaduna,2025-03-02,Medium,1200
215,Saki,Oyo,2026-03-27,Extra Large,3500
216,Lokoja,Kogi,2026-04-24,Extra Large,3500
217,Argungu,Kebbi,2025-06-07,Extra Large,3500
218,Agbani,Enugu,2025-10-04,Large,2200
219,Idah,Kogi,2024-08-18,Large,2200
220,Gusau,Zamfara,2024-11-29,Medium,1200
221,Brass,Bayelsa,2026-04-05,Extra Large,3500
222,Eleme,Rivers,2025-06-24,Medium,1200
223,Langtang,Plateau,2025-05-28,Extra Large,3500
224,Yola,Adamawa,2025-10-25,Large,2200
225,Deba,Gombe,2024-06-07,Medium,1200
226,Dutsin-Ma,Katsina,2025-06-28,Large,2200
227,Shendam,Plateau,2025-04-29,Large,2200
228,Idanre,Ondo,2026-01-10,Large,2200
229,Kaiama,Kwara,2024-08-20,Large,2200
230,Funtua,Katsina,2026-03-30,Medium,1200
231,Biu,Borno,2024-06-24,Large,2200
232,Dikwa,Borno,2024-09-09,Medium,1200
233,Ikere-Ekiti,Ekiti,2025-07-05,Extra Large,3500
234,Saminaka,Kaduna,2025-09-02,Large,2200
235,Otukpo,Benue,2024-10-15,Large,2200
236,Kaltungo,Gombe,2024-07-23,Medium,1200
237,Katsina,Katsina,2026-02-06,Medium,1200
238,Kaduna,Kaduna,2024-10-23,Small,500
239,Anka,Zamfara,2025-07-05,Medium,1200
240,Port Harcourt,Rivers,2025-07-23,Small,500
241,Danbatta,Kano,2025-02-27,Extra Large,3500
242,Ilesa,Osun,2025-06-27,Medium,1200
243,Nnewi,Anambra,2025-05-14,Extra Large,3500
244,Maiduguri,Borno,2026-03-11,Extra Large,3500
245,Port Harcourt,Rivers,2024-09-23,Small,500
246,Warri,Delta,2025-10-02,Large,2200
247,Brass,Bayelsa,2024-10-18,Small,500
248,Kaura Namoda,Zamfara,2025-02-10,Medium,1200
249,Mutum Biyu,Taraba,2025-08-31,Extra Large,3500
250,Ilesa,Osun,2024-12-02,Extra Large,3500
251,Dutsin-Ma,Katsina,2024-12-14,Small,500
252,Otukpo,Benue,2025-10-28,Medium,1200
253,Dutse,Jigawa,2024-06-19,Medium,1200
254,Orlu,Imo,2025-03-28,Small,500
255,Abakaliki,Ebonyi,2026-04-26,Extra Large,3500
256,Ejigbo,Osun,2026-04-25,Extra Large,3500
257,Kano,Kano,2024-06-19,Medium,1200
258,Bichi,Kano,2024-09-29,Extra Large,3500
259,Azare,Bauchi,2024-11-06,Large,2200
260,Igbara-Odo,Ekiti,2026-03-10,Small,500
261,Potiskum,Yobe,2026-01-30,Medium,1200
262,Zaria,Kaduna,2026-01-29,Small,500
263,Onitsha,Anambra,2025-01-22,Large,2200
264,Danbatta,Kano,2024-08-20,Small,500
265,Oyo Town,Oyo,2025-12-27,Extra Large,3500
266,Saminaka,Kaduna,2025-09-23,Extra Large,3500
267,Osogbo,Osun,2025-07-18,Small,500
268,Owo,Ondo,2026-04-18,Large,2200
269,Yola,Adamawa,2025-08-18,Medium,1200
270,Numan,Adamawa,2024-05-02,Small,500
271,Uromi,Edo,2025-12-15,Extra Large,3500
272,Zaria,Kaduna,2024-12-01,Extra Large,3500
273,Port Harcourt,Rivers,2025-08-24,Extra Large,3500
274,Kaiama,Kwara,2026-03-14,Large,2200
275,Birnin Kebbi,Kebbi,2024-08-03,Medium,1200
276,Kabba,Kogi,2024-07-20,Extra Large,3500
277,Danbatta,Kano,2024-07-14,Small,500
278,Ibadan,Oyo,2025-06-05,Large,2200
279,Gumel,Jigawa,2024-11-12,Small,500
280,Rijau,Niger,2025-07-13,Small,500
281,Nguru,Yobe,2025-10-03,Extra Large,3500
282,Onitsha,Anambra,2024-09-22,Large,2200
283,Degema,Rivers,2025-08-03,Small,500
284,Agbani,Enugu,2024-11-05,Medium,1200
285,Danbatta,Kano,2025-04-19,Extra Large,3500
286,Maiduguri,Borno,2026-02-17,Medium,1200
287,Onueke,Ebonyi,2026-01-05,Small,500
288,Kaura Namoda,Zamfara,2024-07-03,Small,500
289,Gombe,Gombe,2025-03-02,Extra Large,3500
290,Biu,Borno,2024-11-15,Extra Large,3500
291,Rano,Kano,2024-04-29,Large,2200
292,Ilaro,Ogun,2025-11-11,Extra Large,3500
293,Mbaise,Imo,2025-08-05,Medium,1200
294,Keffi,Nasarawa,2024-11-04,Medium,1200
295,Misau,Bauchi,2025-10-20,Extra Large,3500
296,Ankpa,Kogi,2025-06-04,Large,2200
297,Ohafia,Abia,2025-03-05,Large,2200
298,Omoku,Rivers,2024-05-04,Extra Large,3500
299,Nguru,Yobe,2024-06-21,Large,2200
300,Ankpa,Kogi,2026-02-01,Extra Large,3500
301,Oyo Town,Oyo,2026-02-16,Medium,1200
302,Oguta,Imo,2025-05-30,Extra Large,3500
303,Deba,Gombe,2025-12-28,Small,500
304,Zuru,Kebbi,2025-06-26,Extra Large,3500
305,Keffi,Nasarawa,2024-08-13,Extra Large,3500
306,Eket,Akwa Ibom,2024-07-29,Large,2200
307,Katsina-Ala,Benue,2024-12-08,Small,500
308,Mutum Biyu,Taraba,2026-02-13,Small,500
309,Ughelli,Delta,2025-11-29,Medium,1200
310,Dass,Bauchi,2026-01-16,Large,2200
311,Ankpa,Kogi,2026-02-13,Extra Large,3500
312,Sagbama,Bayelsa,2024-09-27,Extra Large,3500
313,Zuru,Kebbi,2024-10-26,Small,500
314,Azare,Bauchi,2024-07-11,Large,2200
315,Gombe,Gombe,2025-11-18,Extra Large,3500
316,Makurdi,Benue,2026-02-02,Extra Large,3500
317,Onueke,Ebonyi,2025-02-18,Small,500
318,Ikot Ekpene,Akwa Ibom,2025-07-24,Small,500
319,Bichi,Kano,2024-08-17,Large,2200
320,Ondo City,Ondo,2026-03-07,Medium,1200
321,Mutum Biyu,Taraba,2026-01-19,Medium,1200
322,Afikpo,Ebonyi,2026-04-10,Small,500
323,Wamba,Nasarawa,2025-12-10,Medium,1200
324,Eleme,Rivers,2026-01-31,Medium,1200
325,Deba,Gombe,2024-05-15,Large,2200
326,Oyo Town,Oyo,2025-10-17,Small,500
327,Oyo Town,Oyo,2024-12-25,Medium,1200
328,Dass,Bauchi,2026-03-08,Large,2200
329,Malumfashi,Katsina,2025-12-04,Large,2200
330,Oyo Town,Oyo,2026-01-18,Medium,1200
331,Nassarawa,Nasarawa,2025-12-10,Small,500
332,Mbaise,Imo,2024-11-08,Large,2200
333,Bichi,Kano,2025-11-23,Small,500
334,Bida,Niger,2024-07-15,Small,500
335,Ogidi,Anambra,2026-01-24,Extra Large,3500
336,Wudil,Kano,2026-01-14,Large,2200
337,Biu,Gombe,2024-10-06,Large,2200
338,Calabar,Cross River,2025-12-14,Small,500
339,Malumfashi,Katsina,2025-03-29,Small,500
340,Ikeja,Lagos,2024-12-06,Small,500
341,Bichi,Kano,2025-11-29,Extra Large,3500
342,Auchi,Edo,2024-10-10,Medium,1200
343,Gashua,Yobe,2024-05-14,Large,2200
344,Onueke,Ebonyi,2024-09-15,Extra Large,3500
345,Bichi,Kano,2024-12-22,Small,500
346,Ibadan,Oyo,2026-01-18,Medium,1200
347,Deba,Gombe,2026-04-03,Large,2200
348,Oporoma,Bayelsa,2024-11-17,Small,500
349,Birnin Kudu,Jigawa,2025-08-08,Small,500
350,Oyo Town,Oyo,2025-02-13,Large,2200
351,Akwanga,Nasarawa,2026-04-14,Small,500
352,Deba,Gombe,2025-05-23,Small,500
353,Anka,Zamfara,2026-03-14,Medium,1200
354,Dass,Bauchi,2024-07-20,Large,2200
355,Abeokuta,Ogun,2026-04-06,Medium,1200
356,Uyo,Akwa Ibom,2024-09-04,Large,2200
357,Port Harcourt,Rivers,2026-03-31,Small,500
358,Oguta,Imo,2024-11-07,Medium,1200
359,Nassarawa,Nasarawa,2024-07-15,Large,2200
360,Nguru,Yobe,2025-03-10,Medium,1200
361,Abeokuta,Ogun,2025-10-11,Extra Large,3500
362,Sagamu,Ogun,2024-12-12,Small,500
363,Ikeja,Lagos,2025-07-14,Extra Large,3500
364,Ile-Ife,Osun,2025-05-05,Large,2200
365,Gboko,Benue,2025-02-02,Large,2200
366,Ekwulobia,Anambra,2025-06-22,Large,2200
367,Ado-Ekiti,Ekiti,2024-10-30,Extra Large,3500
368,Brass,Bayelsa,2025-09-27,Small,500
369,Nnewi,Anambra,2024-04-28,Medium,1200
370,Akamkpa,Cross River,2026-03-04,Medium,1200
371,Jamaare,Bauchi,2025-05-25,Medium,1200
372,Nsukka,Enugu,2025-10-04,Large,2200
373,Agbor,Delta,2025-10-21,Small,500
374,Zaria,Kaduna,2025-08-30,Medium,1200
375,Gashua,Yobe,2025-01-18,Medium,1200
376,Maiduguri,Borno,2024-06-17,Medium,1200
377,Ohafia,Abia,2025-08-25,Medium,1200
378,Birnin Kebbi,Kebbi,2024-12-24,Medium,1200
379,Dutse,Jigawa,2024-12-12,Medium,1200
380,Ota,Ogun,2026-01-06,Small,500
381,Dass,Bauchi,2025-10-05,Extra Large,3500
382,Ikorodu,Lagos,2024-12-02,Small,500
383,Ejigbo,Osun,2024-12-09,Medium,1200
384,Abak,Akwa Ibom,2025-02-19,Large,2200
385,Ibadan,Oyo,2025-02-15,Small,500
386,Langtang,Plateau,2024-11-29,Extra Large,3500
387,Katsina-Ala,Benue,2024-07-29,Extra Large,3500
388,Bauchi,Bauchi,2025-02-28,Large,2200
389,Asaba,Delta,2026-03-15,Medium,1200
390,Saminaka,Kaduna,2025-09-04,Large,2200
391,Wamba,Nasarawa,2026-02-15,Large,2200
392,Saki,Oyo,2025-07-20,Extra Large,3500
393,Makurdi,Benue,2024-12-02,Medium,1200
394,Ikare,Ondo,2025-06-01,Medium,1200
395,Sagamu,Ogun,2024-04-27,Extra Large,3500
396,Kontagora,Niger,2024-11-22,Small,500
397,Zuru,Kebbi,2025-03-07,Large,2200
398,Gumel,Jigawa,2025-06-24,Medium,1200
399,Jos,Plateau,2025-08-18,Small,500
400,Yenagoa,Bayelsa,2025-04-01,Extra Large,3500
401,Gboko,Benue,2025-03-16,Medium,1200
402,Gusau,Zamfara,2024-09-30,Large,2200
403,Gwoza,Borno,2025-04-07,Large,2200
404,Akure,Ondo,2026-02-14,Large,2200
405,Funtua,Katsina,2025-11-29,Small,500
406,Tambuwal,Sokoto,2024-08-29,Medium,1200
407,Barkin Ladi,Plateau,2024-06-27,Small,500
408,Jebba,Kwara,2025-05-08,Large,2200
409,Monguno,Borno,2025-08-02,Medium,1200
410,Idanre,Ondo,2024-12-28,Small,500
411,Kaduna,Kaduna,2025-12-16,Medium,1200
412,Kafanchan,Kaduna,2025-10-28,Large,2200
413,Ilorin,Kwara,2025-08-31,Medium,1200
414,Agbor,Delta,2024-10-08,Extra Large,3500
415,Azare,Bauchi,2024-09-19,Small,500
416,Nembe,Bayelsa,2024-05-14,Medium,1200
417,Nassarawa,Nasarawa,2024-10-22,Extra Large,3500
418,Okene,Kogi,2025-04-09,Large,2200
419,Funtua,Katsina,2026-01-08,Small,500
420,Onitsha,Anambra,2024-06-19,Medium,1200
421,Awka,Anambra,2025-02-23,Large,2200
422,Ede,Osun,2025-07-31,Extra Large,3500
423,Ede,Osun,2024-09-16,Large,2200
424,Udi,Enugu,2025-09-18,Small,500
425,Kaiama,Kwara,2025-04-23,Small,500
426,Rano,Kano,2024-10-22,Extra Large,3500
427,Bali,Taraba,2025-08-19,Small,500
428,Deba,Gombe,2024-05-01,Small,500
429,Umuahia,Abia,2025-10-27,Large,2200
430,Nsukka,Enugu,2025-11-10,Large,2200
431,Bichi,Kano,2024-07-13,Small,500
432,Arochukwu,Abia,2025-03-03,Extra Large,3500
433,Auchi,Edo,2024-09-02,Extra Large,3500
434,Potiskum,Yobe,2026-03-28,Large,2200
435,Dass,Bauchi,2025-05-10,Small,500
436,Akure,Ondo,2024-06-02,Extra Large,3500
437,Misau,Bauchi,2024-10-26,Extra Large,3500
438,Kontagora,Niger,2026-01-07,Large,2200
439,Gwoza,Borno,2025-03-26,Small,500
440,Argungu,Kebbi,2025-12-03,Extra Large,3500
441,Lagos,Lagos,2025-08-27,Extra Large,3500
442,Otukpo,Benue,2026-04-19,Extra Large,3500
443,Rijau,Niger,2025-07-06,Small,500
444,Bida,Niger,2026-03-22,Large,2200
445,Kaltungo,Gombe,2026-02-07,Medium,1200
446,Jamaare,Bauchi,2025-07-18,Small,500
447,Gembu,Taraba,2025-10-04,Medium,1200
448,Omu-Aran,Kwara,2025-04-30,Medium,1200
449,Owerri,Imo,2025-12-25,Medium,1200
450,Hadejia,Jigawa,2025-06-01,Medium,1200
451,Asaba,Delta,2026-02-11,Medium,1200
452,Degema,Rivers,2025-10-22,Extra Large,3500
453,Yauri,Kebbi,2025-04-08,Medium,1200
454,Osogbo,Osun,2024-11-02,Extra Large,3500
455,Ilesa,Osun,2024-10-24,Large,2200
456,Nnewi,Anambra,2025-08-06,Small,500
457,Malumfashi,Katsina,2025-11-07,Extra Large,3500
458,Uyo,Akwa Ibom,2025-05-13,Large,2200
459,Kano,Kano,2025-07-29,Small,500
460,Gwadabawa,Sokoto,2024-11-13,Extra Large,3500
461,Gusau,Zamfara,2024-06-22,Extra Large,3500
462,Omuo-Ekiti,Ekiti,2024-11-21,Extra Large,3500
463,Tambuwal,Sokoto,2024-11-11,Small,500
464,Osogbo,Osun,2024-12-16,Large,2200
465,Nembe,Bayelsa,2025-05-26,Medium,1200
466,Eket,Akwa Ibom,2024-08-06,Extra Large,3500
467,Ejigbo,Osun,2024-10-13,Medium,1200
468,Badagry,Lagos,2025-09-16,Large,2200
469,Nassarawa,Nasarawa,2025-09-25,Large,2200
470,Nnewi,Anambra,2024-06-12,Small,500
471,Lokoja,Kogi,2025-02-18,Extra Large,3500
472,Bichi,Kano,2025-05-28,Medium,1200
473,Lokoja,Kogi,2025-02-24,Medium,1200
474,Omu-Aran,Kwara,2024-09-25,Extra Large,3500
475,Akamkpa,Cross River,2025-02-28,Small,500
476,Dutsin-Ma,Katsina,2026-02-17,Extra Large,3500
477,Okene,Kogi,2025-06-27,Small,500
478,Idanre,Ondo,2025-09-17,Large,2200
479,Numan,Adamawa,2026-01-13,Large,2200
480,Auchi,Edo,2025-11-07,Large,2200
481,Omoku,Rivers,2025-01-30,Medium,1200
482,Ikom,Cross River,2024-05-01,Small,500
483,Kano,Kano,2025-01-09,Small,500
484,Ankpa,Kogi,2025-10-29,Medium,1200
485,Keffi,Nasarawa,2026-01-10,Medium,1200
486,Irrua,Edo,2026-03-24,Medium,1200
487,Osogbo,Osun,2025-02-27,Extra Large,3500
488,Ikeja,Lagos,2025-10-25,Extra Large,3500
489,Danbatta,Kano,2025-05-31,Medium,1200
490,Potiskum,Yobe,2025-07-11,Large,2200
491,Barkin Ladi,Plateau,2024-10-05,Large,2200
492,Ede,Osun,2024-10-04,Large,2200
493,Wamba,Nasarawa,2025-03-11,Extra Large,3500
494,Afikpo,Ebonyi,2024-05-18,Medium,1200
495,Dutse,Jigawa,2024-12-28,Extra Large,3500
496,Ikorodu,Lagos,2025-09-05,Small,500
497,Jalingo,Taraba,2025-02-16,Large,2200
498,Brass,Bayelsa,2024-08-25,Large,2200
499,Ejigbo,Osun,2025-04-03,Medium,1200
500,Akure,Ondo,2024-07-29,Medium,1200
501,Ilesa,Osun,2025-07-25,Small,500
502,Abeokuta,Ogun,2024-05-16,Extra Large,3500
503,Wamako,Sokoto,2025-02-09,Medium,1200
504,Lafia,Nasarawa,2025-06-13,Large,2200
505,Gombe,Gombe,2024-05-16,Large,2200
506,Gboko,Benue,2025-08-09,Medium,1200
507,Calabar,Cross River,2024-08-04,Large,2200
508,Barkin Ladi,Plateau,2025-03-30,Extra Large,3500
509,Ejigbo,Osun,2024-06-02,Small,500
510,Yenagoa,Bayelsa,2025-01-29,Large,2200
511,Nsukka,Enugu,2024-09-28,Extra Large,3500
512,Monguno,Borno,2024-12-21,Medium,1200
513,Katsina,Katsina,2025-11-04,Small,500
514,Mbaise,Imo,2025-01-29,Extra Large,3500
515,Bauchi,Bauchi,2025-10-28,Extra Large,3500
516,Damaturu,Yobe,2025-12-26,Medium,1200
517,Sapele,Delta,2024-10-28,Extra Large,3500
518,Isuikwuato,Abia,2024-06-25,Large,2200
519,Oguta,Imo,2024-05-11,Extra Large,3500
520,Benin City,Edo,2025-05-26,Large,2200
521,Jamaare,Bauchi,2026-04-27,Small,500
522,Nassarawa,Nasarawa,2025-01-07,Small,500
523,Akwanga,Nasarawa,2025-08-15,Large,2200
524,Numan,Adamawa,2025-11-19,Small,500
525,Offa,Kwara,2025-08-16,Small,500
526,Okene,Kogi,2025-10-30,Small,500
527,Jebba,Kwara,2026-03-22,Large,2200
528,Uromi,Edo,2024-09-19,Extra Large,3500
529,Auchi,Edo,2024-05-11,Small,500
530,Ibadan,Oyo,2024-08-16,Large,2200
531,Ado-Ekiti,Ekiti,2024-07-28,Medium,1200
532,Ikot Ekpene,Akwa Ibom,2025-08-29,Large,2200
533,Gwadabawa,Sokoto,2025-06-13,Extra Large,3500
534,Dutse,Jigawa,2024-10-03,Medium,1200
535,Bichi,Kano,2025-09-20,Small,500
536,Idah,Kogi,2025-11-08,Small,500
537,Epe,Lagos,2024-08-27,Extra Large,3500
538,Ede,Osun,2025-07-14,Large,2200
539,Uromi,Edo,2025-10-25,Extra Large,3500
540,Ikorodu,Lagos,2024-07-19,Large,2200
541,Oporoma,Bayelsa,2025-12-16,Small,500
542,Idanre,Ondo,2026-04-02,Medium,1200
543,Gashua,Yobe,2024-07-15,Large,2200
544,Makurdi,Benue,2024-05-15,Large,2200
545,Bichi,Kano,2024-12-11,Extra Large,3500
546,Ondo City,Ondo,2025-09-04,Extra Large,3500
547,Kaiama,Kwara,2026-03-28,Small,500
548,Jebba,Kwara,2025-02-10,Extra Large,3500
549,Kaduna,Kaduna,2025-10-01,Small,500
550,Bida,Niger,2024-06-21,Medium,1200
551,Mubi,Adamawa,2025-09-13,Extra Large,3500
552,Eket,Akwa Ibom,2025-07-29,Small,500
553,Okigwe,Imo,2024-07-10,Large,2200
554,Wamba,Nasarawa,2025-11-12,Small,500
555,Ughelli,Delta,2026-01-08,Large,2200
556,Epe,Lagos,2025-07-09,Small,500
557,Akamkpa,Cross River,2024-07-24,Large,2200
558,Bida,Niger,2026-04-16,Large,2200
559,Owerri,Imo,2025-11-20,Small,500
560,Uromi,Edo,2025-01-05,Extra Large,3500
561,Gusau,Zamfara,2025-03-06,Large,2200
562,Kazaure,Jigawa,2025-01-22,Medium,1200
563,Danbatta,Kano,2025-05-01,Medium,1200
564,Biu,Borno,2025-01-01,Small,500
565,Ile-Ife,Osun,2026-01-08,Extra Large,3500
566,Sagbama,Bayelsa,2025-12-19,Large,2200
567,Jamaare,Bauchi,2024-07-13,Large,2200
568,Daura,Katsina,2026-03-30,Medium,1200
569,Ikorodu,Lagos,2025-08-04,Medium,1200
570,Biu,Borno,2025-12-23,Medium,1200
571,Mbaise,Imo,2025-09-26,Small,500
572,Ikorodu,Lagos,2025-03-11,Large,2200
573,Saki,Oyo,2025-10-15,Medium,1200
574,Yenagoa,Bayelsa,2026-04-02,Large,2200
575,Kontagora,Niger,2024-11-10,Extra Large,3500
576,Ota,Ogun,2025-12-08,Small,500
577,Ogoja,Cross River,2025-05-25,Small,500
578,Ede,Osun,2025-04-15,Large,2200
579,Akamkpa,Cross River,2025-03-11,Medium,1200
580,Obudu,Cross River,2025-10-13,Small,500
581,Dikwa,Borno,2024-11-09,Medium,1200
582,Daura,Katsina,2026-01-09,Medium,1200
583,Argungu,Kebbi,2025-12-25,Large,2200
584,Bali,Taraba,2024-06-29,Small,500
585,Hadejia,Jigawa,2026-01-31,Large,2200
586,Ogoja,Cross River,2024-10-22,Small,500
587,Tambuwal,Sokoto,2025-04-01,Medium,1200
588,Ishieke,Ebonyi,2025-07-17,Large,2200
589,Uyo,Akwa Ibom,2025-01-29,Small,500
590,Abak,Akwa Ibom,2024-05-17,Large,2200
591,Udi,Enugu,2026-01-09,Extra Large,3500
592,Girei,Adamawa,2024-09-06,Large,2200
593,Malumfashi,Katsina,2024-09-29,Medium,1200
594,Bida,Niger,2025-12-01,Extra Large,3500
595,Bauchi,Bauchi,2024-12-31,Medium,1200
596,Ede,Osun,2026-01-30,Extra Large,3500
597,Ogbomoso,Oyo,2025-09-21,Large,2200
598,Sapele,Delta,2024-11-14,Large,2200
599,Kaiama,Kwara,2024-05-04,Medium,1200
600,Ikorodu,Lagos,2026-03-21,Small,500
601,Argungu,Kebbi,2024-06-28,Extra Large,3500
602,Monguno,Borno,2025-10-05,Extra Large,3500
603,Orlu,Imo,2025-04-19,Small,500
604,Nnewi,Anambra,2025-11-02,Extra Large,3500
605,Ijebu-Ode,Ogun,2025-09-13,Medium,1200
606,Kamba,Kebbi,2025-08-12,Large,2200
607,Ikere-Ekiti,Ekiti,2025-04-20,Extra Large,3500
608,Gwadabawa,Sokoto,2025-11-27,Extra Large,3500
609,Malumfashi,Katsina,2024-07-04,Small,500
610,Oporoma,Bayelsa,2024-10-05,Extra Large,3500
611,Orlu,Imo,2025-09-14,Large,2200
612,Awka,Anambra,2024-12-06,Large,2200
613,Eleme,Rivers,2025-06-26,Extra Large,3500
614,Rano,Kano,2025-04-07,Small,500
615,Katsina-Ala,Benue,2025-05-20,Medium,1200
616,Gumel,Jigawa,2025-03-04,Extra Large,3500
617,Lagos,Lagos,2025-10-24,Extra Large,3500
618,Ogidi,Anambra,2024-12-24,Medium,1200
619,Ikorodu,Lagos,2025-09-22,Large,2200
620,Dass,Bauchi,2024-11-11,Extra Large,3500
621,Anka,Zamfara,2024-10-27,Small,500
622,Calabar,Cross River,2024-07-24,Extra Large,3500
623,Badagry,Lagos,2024-09-14,Large,2200
624,Warri,Delta,2024-07-23,Extra Large,3500
625,Sokoto,Sokoto,2025-05-23,Small,500
626,Eket,Akwa Ibom,2025-11-05,Large,2200
627,Shendam,Plateau,2024-09-09,Extra Large,3500
628,Agbor,Delta,2024-10-02,Medium,1200
629,Kamba,Kebbi,2025-04-15,Large,2200
630,Ohaozara,Ebonyi,2025-10-08,Large,2200
631,Ankpa,Kogi,2026-04-10,Extra Large,3500
632,Malumfashi,Katsina,2025-05-15,Small,500
633,Badagry,Lagos,2024-11-19,Small,500
634,Ota,Ogun,2024-07-09,Large,2200
635,Futungo,Adamawa,2024-09-15,Extra Large,3500
636,Birnin Kudu,Jigawa,2024-10-10,Medium,1200
637,Ogidi,Anambra,2024-09-05,Extra Large,3500
638,Ishieke,Ebonyi,2024-05-07,Extra Large,3500
639,Warri,Delta,2025-05-22,Small,500
640,Biu,Borno,2024-11-13,Small,500
641,Ilesa,Osun,2026-04-09,Extra Large,3500
642,Ughelli,Delta,2025-06-05,Medium,1200
643,Ota,Ogun,2025-09-18,Extra Large,3500
644,Onitsha,Anambra,2024-07-28,Medium,1200
645,Anka,Zamfara,2026-01-21,Extra Large,3500
646,Mutum Biyu,Taraba,2025-04-20,Large,2200
647,Uromi,Edo,2026-01-24,Large,2200
648,Gashua,Yobe,2025-06-20,Large,2200
649,Barkin Ladi,Plateau,2025-04-05,Medium,1200
650,Saminaka,Kaduna,2025-03-14,Large,2200
651,Kaltungo,Gombe,2024-09-08,Large,2200
652,Oji River,Enugu,2024-06-03,Large,2200
653,Pankshin,Plateau,2026-03-15,Large,2200
654,Kano,Kano,2025-04-11,Extra Large,3500
655,Bida,Niger,2025-12-18,Medium,1200
656,Kano,Kano,2025-02-13,Large,2200
657,Sagbama,Bayelsa,2024-06-20,Extra Large,3500
658,Kazaure,Jigawa,2025-07-31,Medium,1200
659,Efon,Ekiti,2024-06-05,Large,2200
660,Anka,Zamfara,2024-08-14,Medium,1200
661,Vandeikya,Benue,2025-06-12,Medium,1200
662,Owerri,Imo,2024-12-05,Medium,1200
663,Gombe,Gombe,2026-04-23,Small,500
664,Sagamu,Ogun,2024-07-22,Extra Large,3500
665,Otukpo,Benue,2025-11-06,Small,500
666,Talata Mafara,Zamfara,2025-07-14,Extra Large,3500
667,Langtang,Plateau,2025-11-26,Medium,1200
668,Bichi,Kano,2024-10-08,Large,2200
669,Awka,Anambra,2025-05-14,Medium,1200
670,Damaturu,Yobe,2025-03-22,Medium,1200
671,Ijebu-Ode,Ogun,2025-03-16,Small,500
672,Kontagora,Niger,2026-01-15,Medium,1200
673,Kano,Kano,2026-04-20,Small,500
674,Dutsin-Ma,Katsina,2024-12-06,Small,500
675,Idah,Kogi,2025-07-24,Extra Large,3500
676,Buni Yadi,Yobe,2025-07-16,Extra Large,3500
677,Akamkpa,Cross River,2025-10-20,Extra Large,3500
678,Zaria,Kaduna,2026-03-20,Small,500
679,Okene,Kogi,2024-09-25,Extra Large,3500
680,Hadejia,Jigawa,2024-09-28,Small,500
681,Idah,Kogi,2025-08-22,Medium,1200
682,Irrua,Edo,2024-08-19,Extra Large,3500
683,Idanre,Ondo,2024-09-01,Large,2200
684,Oporoma,Bayelsa,2024-06-20,Small,500
685,Auchi,Edo,2024-04-28,Extra Large,3500
686,Argungu,Kebbi,2025-03-22,Small,500
687,Kazaure,Jigawa,2025-07-05,Medium,1200
688,Ilesa,Osun,2024-11-25,Large,2200
689,Dutsin-Ma,Katsina,2024-10-13,Small,500
690,Gumel,Jigawa,2025-09-25,Medium,1200
691,Awka,Anambra,2025-09-22,Extra Large,3500
692,Daura,Katsina,2025-03-24,Extra Large,3500
693,Wamako,Sokoto,2025-09-11,Small,500
694,Bichi,Kano,2026-03-03,Medium,1200
695,Biu,Gombe,2025-11-23,Extra Large,3500
696,Ughelli,Delta,2025-07-27,Large,2200
697,Ota,Ogun,2025-08-23,Extra Large,3500
698,Potiskum,Yobe,2026-03-10,Medium,1200
699,Nembe,Bayelsa,2025-03-03,Extra Large,3500
700,Bali,Taraba,2025-05-30,Small,500
701,Maiduguri,Borno,2025-08-13,Medium,1200
702,Potiskum,Yobe,2026-02-20,Medium,1200
703,Kamba,Kebbi,2025-12-22,Extra Large,3500
704,Biu,Borno,2024-06-18,Extra Large,3500
705,Nembe,Bayelsa,2024-08-26,Extra Large,3500
706,Ekwulobia,Anambra,2024-12-07,Medium,1200
707,Gwadabawa,Sokoto,2025-10-26,Extra Large,3500
708,Ogidi,Anambra,2025-06-17,Extra Large,3500
709,Katsina,Katsina,2024-11-23,Extra Large,3500
710,Dutse,Jigawa,2024-07-26,Medium,1200
711,Bauchi,Bauchi,2025-09-12,Extra Large,3500
712,Ilorin,Kwara,2025-09-20,Small,500
713,Dass,Bauchi,2026-03-17,Small,500
714,Danbatta,Kano,2025-04-27,Medium,1200
715,Obudu,Cross River,2025-04-22,Large,2200
716,Nassarawa,Nasarawa,2024-06-24,Extra Large,3500
717,Lafia,Nasarawa,2024-05-26,Medium,1200
718,Ilorin,Kwara,2025-03-08,Medium,1200
719,Nguru,Yobe,2024-12-18,Medium,1200
720,Gombe,Gombe,2024-10-27,Small,500
721,Malumfashi,Katsina,2024-07-02,Extra Large,3500
722,Nguru,Yobe,2026-03-31,Medium,1200
723,Mbaise,Imo,2025-12-29,Large,2200
724,Sapele,Delta,2025-06-21,Medium,1200
725,Maiduguri,Borno,2026-03-23,Extra Large,3500
726,Mubi,Adamawa,2026-04-27,Medium,1200
727,Bauchi,Bauchi,2025-08-31,Small,500
728,Ejigbo,Osun,2024-11-10,Small,500
729,Owerri,Imo,2024-05-26,Extra Large,3500
730,Ile-Ife,Osun,2025-10-31,Medium,1200
731,Onitsha,Anambra,2025-04-05,Large,2200
732,Dukku,Gombe,2025-08-16,Large,2200
733,Argungu,Kebbi,2026-02-25,Large,2200
734,Agbor,Delta,2024-09-06,Medium,1200
735,Sagamu,Ogun,2025-06-28,Large,2200
736,Ogidi,Anambra,2025-08-04,Medium,1200
737,Idanre,Ondo,2025-04-21,Extra Large,3500
738,Nnewi,Anambra,2024-07-02,Extra Large,3500
739,Bali,Taraba,2025-01-06,Extra Large,3500
740,Ijebu-Ode,Ogun,2024-12-26,Large,2200
741,Keffi,Nasarawa,2025-08-29,Extra Large,3500
742,Orlu,Imo,2026-01-14,Large,2200
743,Ughelli,Delta,2024-12-24,Small,500
744,Kaura Namoda,Zamfara,2025-09-16,Extra Large,3500
745,Tsafe,Zamfara,2024-11-23,Medium,1200
746,Keffi,Nasarawa,2026-03-18,Large,2200
747,Agbani,Enugu,2025-12-12,Small,500
748,Ilesa,Osun,2025-06-03,Small,500
749,Potiskum,Yobe,2025-03-25,Small,500
750,Kagoro,Kaduna,2024-12-12,Small,500
751,Azare,Bauchi,2024-12-19,Medium,1200
752,Barkin Ladi,Plateau,2026-04-06,Large,2200
753,Katsina,Katsina,2025-02-16,Medium,1200
754,Ado-Ekiti,Ekiti,2025-05-08,Extra Large,3500
755,Oguta,Imo,2026-04-19,Medium,1200
756,Suleja,Niger,2025-08-20,Large,2200
757,Danbatta,Kano,2025-05-28,Extra Large,3500
758,Gashua,Yobe,2025-02-23,Large,2200
759,Gumel,Jigawa,2024-09-11,Extra Large,3500
760,Ibadan,Oyo,2025-01-16,Extra Large,3500
761,Argungu,Kebbi,2025-10-31,Large,2200
762,Zuru,Kebbi,2025-07-28,Small,500
763,Biu,Gombe,2025-11-03,Small,500
764,Birnin Kudu,Jigawa,2024-09-22,Extra Large,3500
765,Wudil,Kano,2025-06-02,Medium,1200
766,Okene,Kogi,2026-03-06,Extra Large,3500
767,Mbaise,Imo,2025-03-13,Large,2200
768,Kazaure,Jigawa,2025-09-19,Extra Large,3500
769,Ogbomoso,Oyo,2024-07-24,Large,2200
770,Afikpo,Ebonyi,2026-04-08,Extra Large,3500
771,Irrua,Edo,2025-07-16,Small,500
772,Jalingo,Taraba,2024-10-18,Small,500
773,Awka,Anambra,2024-08-20,Extra Large,3500
774,Ikom,Cross River,2025-06-03,Small,500
775,Asaba,Delta,2025-06-04,Medium,1200
776,Gwadabawa,Sokoto,2024-07-04,Large,2200
777,Ogidi,Anambra,2026-04-22,Extra Large,3500
778,Port Harcourt,Rivers,2026-02-23,Small,500
779,Buni Yadi,Yobe,2025-03-30,Extra Large,3500
780,Aba,Abia,2024-07-21,Large,2200
781,Gashua,Yobe,2025-12-26,Small,500
782,Gwadabawa,Sokoto,2025-04-26,Medium,1200
783,Makurdi,Benue,2025-10-02,Medium,1200
784,Orlu,Imo,2025-05-03,Large,2200
785,Omu-Aran,Kwara,2024-11-12,Extra Large,3500
786,Sagbama,Bayelsa,2025-12-28,Extra Large,3500
787,Saki,Oyo,2026-04-13,Medium,1200
788,Kaltungo,Gombe,2024-10-22,Small,500
789,Uyo,Akwa Ibom,2025-06-03,Extra Large,3500
790,Nassarawa,Nasarawa,2025-02-01,Extra Large,3500
791,Awka,Anambra,2026-03-01,Medium,1200
792,Oporoma,Bayelsa,2025-05-03,Extra Large,3500
793,Ankpa,Kogi,2026-01-29,Small,500
794,Jalingo,Taraba,2026-01-18,Medium,1200
795,Udi,Enugu,2024-11-14,Extra Large,3500
796,Kaduna,Kaduna,2025-11-25,Small,500
797,Saminaka,Kaduna,2025-02-24,Small,500
798,Ekpoma,Edo,2026-03-10,Small,500
799,Udi,Enugu,2025-05-03,Medium,1200
800,Minna,Niger,2025-12-17,Large,2200
801,Ishieke,Ebonyi,2024-11-19,Medium,1200
802,Wamba,Nasarawa,2024-12-01,Large,2200
803,Keffi,Nasarawa,2025-06-30,Small,500
804,Wamako,Sokoto,2026-04-27,Small,500
805,Katsina-Ala,Benue,2025-04-19,Medium,1200
806,Misau,Bauchi,2024-08-13,Extra Large,3500
807,Birnin Kebbi,Kebbi,2025-05-25,Large,2200
808,Ede,Osun,2025-01-04,Medium,1200
809,Jebba,Kwara,2025-06-04,Extra Large,3500
810,Ondo City,Ondo,2025-05-29,Extra Large,3500
811,Nembe,Bayelsa,2025-03-25,Large,2200
812,Owerri,Imo,2024-12-18,Small,500
813,Zaria,Kaduna,2024-09-11,Extra Large,3500
814,Ughelli,Delta,2025-09-18,Large,2200
815,Lagos,Lagos,2025-06-18,Small,500
816,Ohafia,Abia,2024-10-14,Extra Large,3500
817,Badagry,Lagos,2025-11-14,Small,500
818,Calabar,Cross River,2024-05-28,Medium,1200
819,Ikare,Ondo,2025-10-23,Extra Large,3500
820,Makurdi,Benue,2025-09-24,Small,500
821,Jebba,Kwara,2025-12-11,Small,500
822,Zuru,Kebbi,2025-02-03,Small,500
823,Danbatta,Kano,2025-08-25,Extra Large,3500
824,Nembe,Bayelsa,2025-12-17,Medium,1200
825,Wukari,Taraba,2026-04-13,Extra Large,3500
826,Afikpo,Ebonyi,2025-04-24,Large,2200
827,Funtua,Katsina,2024-05-24,Extra Large,3500
828,Asaba,Delta,2025-04-29,Medium,1200
829,Owo,Ondo,2025-07-02,Extra Large,3500
830,Malumfashi,Katsina,2026-01-22,Small,500
831,Badagry,Lagos,2026-01-26,Medium,1200
832,Eleme,Rivers,2025-03-14,Medium,1200
833,Ibadan,Oyo,2025-05-16,Medium,1200
834,Katsina,Katsina,2025-03-27,Extra Large,3500
835,Ankpa,Kogi,2025-10-07,Extra Large,3500
836,Kabba,Kogi,2025-02-20,Large,2200
837,Idanre,Ondo,2025-08-18,Medium,1200
838,Funtua,Katsina,2024-08-17,Medium,1200
839,Pankshin,Plateau,2025-04-05,Medium,1200
840,Bida,Niger,2026-04-05,Large,2200
841,Eleme,Rivers,2024-12-30,Medium,1200
842,Zuru,Kebbi,2025-09-15,Large,2200
843,Bida,Niger,2025-08-15,Small,500
844,Efon,Ekiti,2026-01-09,Medium,1200
845,Gusau,Zamfara,2026-01-10,Extra Large,3500
846,Oji River,Enugu,2026-01-15,Large,2200
847,Dass,Bauchi,2025-01-29,Extra Large,3500
848,Ogoja,Cross River,2024-12-14,Medium,1200
849,Hadejia,Jigawa,2025-10-04,Extra Large,3500
850,Lafia,Nasarawa,2025-11-03,Extra Large,3500
851,Shendam,Plateau,2026-01-24,Extra Large,3500
852,Buni Yadi,Yobe,2024-05-23,Extra Large,3500
853,Damaturu,Yobe,2024-06-16,Large,2200
854,Buni Yadi,Yobe,2025-08-01,Small,500
855,Otukpo,Benue,2026-03-01,Large,2200
856,Ishieke,Ebonyi,2026-04-26,Small,500
857,Bida,Niger,2025-10-24,Extra Large,3500
858,Makurdi,Benue,2025-03-10,Small,500
859,Hadejia,Jigawa,2024-07-07,Medium,1200
860,Ilesa,Osun,2025-08-03,Extra Large,3500
861,Saki,Oyo,2026-01-24,Medium,1200
862,Ilorin,Kwara,2025-03-17,Extra Large,3500
863,Gboko,Benue,2025-09-16,Extra Large,3500
864,Yenagoa,Bayelsa,2026-02-16,Medium,1200
865,Omu-Aran,Kwara,2024-05-30,Large,2200
866,Ogbomoso,Oyo,2025-11-29,Extra Large,3500
867,Kaiama,Kwara,2024-11-27,Small,500
868,Ede,Osun,2025-01-26,Large,2200
869,Misau,Bauchi,2024-08-11,Small,500
870,Maiduguri,Borno,2025-05-20,Large,2200
871,Otukpo,Benue,2025-06-14,Medium,1200
872,Wukari,Taraba,2025-11-27,Medium,1200
873,Ankpa,Kogi,2024-08-29,Extra Large,3500
874,Ogbomoso,Oyo,2024-06-23,Extra Large,3500
875,Auchi,Edo,2026-01-23,Extra Large,3500
876,Minna,Niger,2025-07-24,Medium,1200
877,Ejigbo,Osun,2024-10-20,Extra Large,3500
878,Lafia,Nasarawa,2026-02-23,Medium,1200
879,Agbani,Enugu,2024-08-09,Small,500
880,Vandeikya,Benue,2025-03-30,Medium,1200
881,Badagry,Lagos,2024-10-29,Medium,1200
882,Ibadan,Oyo,2024-10-30,Large,2200
883,Eleme,Rivers,2024-05-03,Large,2200
884,Wamba,Nasarawa,2025-12-06,Extra Large,3500
885,Monguno,Borno,2026-02-14,Large,2200
886,Saki,Oyo,2025-09-04,Medium,1200
887,Dutsin-Ma,Katsina,2024-08-20,Small,500
888,Ogoja,Cross River,2025-03-15,Small,500
889,Okigwe,Imo,2025-01-04,Small,500
890,Ekpoma,Edo,2025-06-30,Medium,1200
891,Gwadabawa,Sokoto,2025-08-07,Extra Large,3500
892,Akamkpa,Cross River,2025-03-03,Extra Large,3500
893,Ondo City,Ondo,2024-10-26,Extra Large,3500
894,Potiskum,Yobe,2026-01-04,Medium,1200
895,Bori,Rivers,2024-09-19,Medium,1200
896,Ekpoma,Edo,2025-02-02,Extra Large,3500
897,Nnewi,Anambra,2025-04-15,Small,500
898,Omoku,Rivers,2024-10-17,Medium,1200
899,Wamba,Nasarawa,2025-06-19,Extra Large,3500
900,Ilaro,Ogun,2025-06-21,Extra Large,3500
901,Ede,Osun,2026-04-22,Medium,1200
902,Nembe,Bayelsa,2024-11-28,Small,500
903,Kaltungo,Gombe,2026-04-11,Small,500
904,Zaria,Kaduna,2025-08-21,Large,2200
905,Ohaozara,Ebonyi,2024-11-13,Extra Large,3500
906,Tsafe,Zamfara,2025-06-14,Small,500
907,Monguno,Borno,2025-09-10,Large,2200
908,Damaturu,Yobe,2025-10-23,Extra Large,3500
909,Potiskum,Yobe,2024-06-01,Extra Large,3500
910,Otukpo,Benue,2025-07-14,Large,2200
911,Oron,Akwa Ibom,2025-04-25,Large,2200
912,Ilorin,Kwara,2026-02-16,Extra Large,3500
913,Biu,Borno,2024-11-22,Medium,1200
914,Jebba,Kwara,2025-12-01,Extra Large,3500
915,Ishieke,Ebonyi,2025-07-14,Medium,1200
916,Nsukka,Enugu,2025-01-09,Small,500
917,Jebba,Kwara,2025-08-05,Large,2200
918,Potiskum,Yobe,2025-07-24,Large,2200
919,Bichi,Kano,2025-09-04,Large,2200
920,Sokoto,Sokoto,2025-10-05,Medium,1200
921,Abeokuta,Ogun,2025-08-21,Large,2200
922,Ikom,Cross River,2025-12-30,Medium,1200
923,Sapele,Delta,2025-07-30,Medium,1200
924,Kontagora,Niger,2026-02-16,Medium,1200
925,Kagoro,Kaduna,2025-08-12,Extra Large,3500
926,Osogbo,Osun,2024-12-08,Small,500
927,Rijau,Niger,2025-03-15,Large,2200
928,Epe,Lagos,2025-06-24,Extra Large,3500
929,Kamba,Kebbi,2025-10-14,Small,500
930,Oporoma,Bayelsa,2024-07-01,Large,2200
931,Jamaare,Bauchi,2024-11-28,Extra Large,3500
932,Oji River,Enugu,2025-10-25,Medium,1200
933,Bori,Rivers,2024-09-02,Large,2200
934,Bichi,Kano,2024-08-01,Medium,1200
935,Bori,Rivers,2025-05-26,Small,500
936,Uyo,Akwa Ibom,2026-04-07,Extra Large,3500
937,Yola,Adamawa,2025-05-20,Medium,1200
938,Ede,Osun,2026-02-23,Small,500
939,Ondo City,Ondo,2025-12-25,Medium,1200
940,Daura,Katsina,2024-10-31,Large,2200
941,Sagbama,Bayelsa,2025-12-20,Large,2200
942,Sagbama,Bayelsa,2025-04-14,Medium,1200
943,Ekwulobia,Anambra,2025-12-07,Large,2200
944,Deba,Gombe,2025-10-24,Small,500
945,Makurdi,Benue,2024-12-30,Medium,1200
946,Jos,Plateau,2024-07-20,Medium,1200
947,Dukku,Gombe,2026-03-31,Extra Large,3500
948,Aba,Abia,2024-08-07,Large,2200
949,Gwoza,Borno,2026-04-03,Medium,1200
950,Jos,Plateau,2026-01-15,Medium,1200
951,Lafia,Nasarawa,2025-10-08,Small,500
952,Gboko,Benue,2026-04-13,Large,2200
953,Daura,Katsina,2026-04-04,Extra Large,3500
954,Ikom,Cross River,2025-12-06,Small,500
955,Gembu,Taraba,2025-01-19,Small,500
956,Ohaozara,Ebonyi,2025-11-25,Large,2200
957,Nsukka,Enugu,2024-05-07,Extra Large,3500
958,Ile-Ife,Osun,2025-05-24,Small,500
959,Otukpo,Benue,2025-03-25,Small,500
960,Akwanga,Nasarawa,2025-08-31,Extra Large,3500
961,Argungu,Kebbi,2025-08-31,Medium,1200
962,Kaduna,Kaduna,2025-06-28,Medium,1200
963,Tsafe,Zamfara,2025-12-19,Large,2200
964,Numan,Adamawa,2026-03-15,Medium,1200
965,Gembu,Taraba,2024-07-15,Medium,1200
966,Bida,Niger,2024-10-14,Small,500
967,Mbaise,Imo,2024-05-15,Extra Large,3500
968,Biu,Borno,2026-02-02,Extra Large,3500
969,Jamaare,Bauchi,2025-06-11,Small,500
970,Badagry,Lagos,2026-02-25,Medium,1200
971,Wamba,Nasarawa,2024-10-05,Extra Large,3500
972,Ikorodu,Lagos,2024-06-12,Medium,1200
973,Jos,Plateau,2025-12-20,Small,500
974,Bauchi,Bauchi,2026-02-20,Large,2200
975,Enugu,Enugu,2024-12-03,Small,500
976,Rijau,Niger,2025-02-19,Large,2200
977,Gwadabawa,Sokoto,2024-08-07,Extra Large,3500
978,Minna,Niger,2026-03-19,Medium,1200
979,Kaduna,Kaduna,2024-12-05,Large,2200
980,Nembe,Bayelsa,2025-04-22,Medium,1200
981,Agbor,Delta,2024-07-07,Large,2200
982,Rijau,Niger,2026-02-04,Small,500
983,Malumfashi,Katsina,2024-08-04,Medium,1200
984,Onitsha,Anambra,2025-03-24,Small,500
985,Akure,Ondo,2025-08-30,Extra Large,3500
986,Nnewi,Anambra,2025-10-22,Medium,1200
987,Maiduguri,Borno,2026-03-19,Medium,1200
988,Umuahia,Abia,2025-02-27,Extra Large,3500
989,Jebba,Kwara,2025-10-21,Large,2200
990,Onueke,Ebonyi,2024-08-17,Medium,1200
991,Kaduna,Kaduna,2025-02-24,Small,500
992,Kabba,Kogi,2024-07-08,Large,2200
993,Jalingo,Taraba,2025-04-19,Large,2200
994,Dass,Bauchi,2025-02-19,Extra Large,3500
995,Wamako,Sokoto,2026-03-23,Small,500
996,Eleme,Rivers,2024-05-20,Medium,1200
997,Ikeja,Lagos,2025-01-22,Large,2200
998,Vandeikya,Benue,2025-03-17,Small,500
999,Dukku,Gombe,2026-03-22,Small,500
1000,Uyo,Akwa Ibom,2026-01-12,Medium,1200
1001,Oron,Akwa Ibom,2024-07-08,Large,2200
1002,Keffi,Nasarawa,2025-09-10,Medium,1200
1003,Abak,Akwa Ibom,2025-05-30,Extra Large,3500
1004,Kaltungo,Gombe,2026-04-11,Medium,1200
1005,Sagamu,Ogun,2025-01-14,Large,2200
1006,Jamaare,Bauchi,2025-02-12,Large,2200
1007,Dikwa,Borno,2024-09-12,Small,500
1008,Auchi,Edo,2024-07-25,Small,500
1009,Minna,Niger,2026-01-06,Extra Large,3500
1010,Bichi,Kano,2025-03-25,Large,2200
1011,Nembe,Bayelsa,2025-08-24,Extra Large,3500
1012,Ohafia,Abia,2025-08-09,Medium,1200
1013,Rano,Kano,2025-07-07,Large,2200
1014,Mbaise,Imo,2024-05-12,Large,2200
1015,Omoku,Rivers,2025-11-23,Medium,1200
1016,Asaba,Delta,2024-10-22,Extra Large,3500
1017,Mubi,Adamawa,2024-07-28,Large,2200
1018,Ohafia,Abia,2025-06-13,Small,500
1019,Akwanga,Nasarawa,2024-06-16,Small,500
1020,Udi,Enugu,2025-11-07,Medium,1200
1021,Ilaro,Ogun,2024-09-25,Small,500
1022,Sapele,Delta,2024-10-01,Small,500
1023,Eket,Akwa Ibom,2026-01-22,Extra Large,3500
1024,Epe,Lagos,2024-12-23,Small,500
1025,Vandeikya,Benue,2024-08-12,Medium,1200
1026,Minna,Niger,2026-02-14,Small,500
1027,Ondo City,Ondo,2024-04-29,Medium,1200
1028,Bichi,Kano,2026-01-14,Large,2200
1029,Bida,Niger,2024-08-10,Large,2200
1030,Ilesa,Osun,2024-07-31,Medium,1200
1031,Azare,Bauchi,2024-10-27,Medium,1200
1032,Otukpo,Benue,2024-09-01,Small,500
1033,Ohaozara,Ebonyi,2025-08-23,Extra Large,3500
1034,Zuru,Kebbi,2024-05-15,Small,500
1035,Gashua,Yobe,2024-05-07,Medium,1200
1036,Ilesa,Osun,2025-11-25,Extra Large,3500
1037,Dutse,Jigawa,2024-10-17,Small,500
1038,Onueke,Ebonyi,2024-12-19,Small,500
1039,Agbani,Enugu,2024-09-01,Medium,1200
1040,Brass,Bayelsa,2024-06-04,Large,2200
1041,Rijau,Niger,2025-10-21,Small,500
1042,Funtua,Katsina,2025-05-16,Medium,1200
1043,Girei,Adamawa,2025-10-24,Extra Large,3500
1044,Tsafe,Zamfara,2025-04-10,Medium,1200
1045,Katsina-Ala,Benue,2025-11-16,Small,500
1046,Calabar,Cross River,2025-05-07,Small,500
1047,Onitsha,Anambra,2024-07-15,Medium,1200
1048,Igbara-Odo,Ekiti,2025-04-30,Large,2200
1049,Nembe,Bayelsa,2026-03-19,Large,2200
1050,Bauchi,Bauchi,2024-05-28,Small,500
1051,Igbara-Odo,Ekiti,2025-11-20,Medium,1200
1052,Sagbama,Bayelsa,2026-01-20,Small,500
1053,Oron,Akwa Ibom,2025-05-13,Small,500
1054,Ishieke,Ebonyi,2025-03-27,Extra Large,3500
1055,Kontagora,Niger,2026-04-01,Small,500
1056,Nassarawa,Nasarawa,2024-06-10,Medium,1200
1057,Offa,Kwara,2025-04-12,Medium,1200
1058,Kafanchan,Kaduna,2025-02-14,Extra Large,3500
1059,Asaba,Delta,2025-09-10,Medium,1200
1060,Danbatta,Kano,2025-04-20,Extra Large,3500
1061,Kaura Namoda,Zamfara,2026-02-20,Small,500
1062,Sagbama,Bayelsa,2024-06-19,Extra Large,3500
1063,Obudu,Cross River,2024-06-25,Medium,1200
1064,Wukari,Taraba,2025-07-15,Small,500
1065,Akwanga,Nasarawa,2024-06-14,Extra Large,3500
1066,Nguru,Yobe,2024-11-14,Large,2200
1067,Wamako,Sokoto,2025-08-02,Extra Large,3500
1068,Zaria,Kaduna,2025-06-01,Small,500
1069,Kamba,Kebbi,2024-12-20,Medium,1200
1070,Numan,Adamawa,2026-04-24,Small,500
1071,Shendam,Plateau,2025-05-19,Large,2200
1072,Biu,Gombe,2025-03-24,Small,500
1073,Orlu,Imo,2025-07-13,Large,2200
1074,Damaturu,Yobe,2024-07-08,Medium,1200
1075,Akwanga,Nasarawa,2025-09-22,Medium,1200
1076,Auchi,Edo,2026-01-10,Large,2200
1077,Jebba,Kwara,2025-08-15,Small,500
1078,Jebba,Kwara,2025-11-10,Medium,1200
1079,Igbara-Odo,Ekiti,2025-10-05,Large,2200
1080,Uromi,Edo,2024-10-01,Small,500
1081,Yenagoa,Bayelsa,2025-03-23,Medium,1200
1082,Gombe,Gombe,2024-10-11,Extra Large,3500
1083,Ohafia,Abia,2024-12-30,Medium,1200
1084,Ogoja,Cross River,2025-03-24,Medium,1200
1085,Birnin Kebbi,Kebbi,2025-02-25,Small,500
1086,Agbor,Delta,2024-07-05,Medium,1200
1087,Dikwa,Borno,2025-03-04,Large,2200
1088,Misau,Bauchi,2025-08-26,Extra Large,3500
1089,Gboko,Benue,2025-01-25,Large,2200
1090,Argungu,Kebbi,2024-08-16,Medium,1200
1091,Ikare,Ondo,2026-03-02,Large,2200
1092,Irrua,Edo,2024-06-15,Large,2200
1093,Dukku,Gombe,2025-12-26,Medium,1200
1094,Akwanga,Nasarawa,2024-07-04,Large,2200
1095,Ikom,Cross River,2024-07-06,Small,500
1096,Rijau,Niger,2025-10-19,Small,500
1097,Irrua,Edo,2025-12-11,Large,2200
1098,Dukku,Gombe,2025-06-07,Small,500
1099,Omoku,Rivers,2025-06-29,Large,2200
1100,Azare,Bauchi,2025-06-11,Large,2200
1101,Argungu,Kebbi,2024-12-23,Small,500
1102,Kabba,Kogi,2024-07-25,Small,500
1103,Hadejia,Jigawa,2025-01-10,Medium,1200
1104,Misau,Bauchi,2025-08-26,Large,2200
1105,Makurdi,Benue,2025-10-27,Small,500
1106,Nassarawa,Nasarawa,2026-01-21,Extra Large,3500
1107,Ohaozara,Ebonyi,2025-10-06,Extra Large,3500
1108,Akwanga,Nasarawa,2026-04-04,Extra Large,3500
1109,Katsina-Ala,Benue,2025-07-09,Medium,1200
1110,Ohaozara,Ebonyi,2025-01-09,Small,500
1111,Ikot Ekpene,Akwa Ibom,2025-06-23,Small,500
1112,Yauri,Kebbi,2024-09-29,Small,500
1113,Misau,Bauchi,2025-08-20,Medium,1200
1114,Keffi,Nasarawa,2024-10-07,Small,500
1115,Gusau,Zamfara,2024-07-15,Large,2200
1116,Jos,Plateau,2026-01-04,Extra Large,3500
1117,Ishieke,Ebonyi,2025-01-20,Extra Large,3500
1118,Abakaliki,Ebonyi,2025-11-05,Small,500
1119,Okene,Kogi,2025-06-20,Medium,1200
1120,Ota,Ogun,2025-12-08,Large,2200
1121,Bichi,Kano,2026-01-04,Medium,1200
1122,Makurdi,Benue,2026-04-09,Extra Large,3500
1123,Kaura Namoda,Zamfara,2025-12-16,Medium,1200
1124,Nnewi,Anambra,2025-07-19,Small,500
1125,Akure,Ondo,2025-08-09,Large,2200
1126,Barkin Ladi,Plateau,2024-05-16,Small,500
1127,Mubi,Adamawa,2026-03-07,Medium,1200
1128,Kano,Kano,2025-12-24,Extra Large,3500
1129,Monguno,Borno,2024-11-08,Extra Large,3500
1130,Langtang,Plateau,2024-09-05,Large,2200
1131,Nembe,Bayelsa,2025-09-22,Extra Large,3500
1132,Ekpoma,Edo,2024-12-08,Extra Large,3500
1133,Ikeja,Lagos,2024-12-31,Extra Large,3500
1134,Ikot Ekpene,Akwa Ibom,2024-05-01,Extra Large,3500
1135,Oyo Town,Oyo,2026-01-22,Medium,1200
1136,Saminaka,Kaduna,2025-06-14,Small,500
1137,Asaba,Delta,2025-02-13,Small,500
1138,Jebba,Kwara,2024-08-08,Extra Large,3500
1139,Dukku,Gombe,2025-08-02,Small,500
1140,Wamba,Nasarawa,2024-05-19,Extra Large,3500
1141,Nguru,Yobe,2025-10-24,Medium,1200
1142,Pankshin,Plateau,2024-10-01,Small,500
1143,Minna,Niger,2025-02-27,Medium,1200
1144,Gwoza,Borno,2025-01-01,Medium,1200
1145,Afikpo,Ebonyi,2025-01-22,Medium,1200
1146,Calabar,Cross River,2025-10-06,Extra Large,3500
1147,Oporoma,Bayelsa,2025-11-15,Medium,1200
1148,Agbor,Delta,2025-06-15,Large,2200
1149,Birnin Kebbi,Kebbi,2024-06-28,Small,500
1150,Wamba,Nasarawa,2024-06-04,Extra Large,3500
1151,Anka,Zamfara,2024-08-20,Large,2200
1152,Mutum Biyu,Taraba,2025-07-22,Small,500
1153,Mutum Biyu,Taraba,2025-09-01,Small,500
1154,Ijebu-Ode,Ogun,2024-11-11,Medium,1200
1155,Makurdi,Benue,2025-08-23,Small,500
1156,Rano,Kano,2025-04-17,Large,2200
1157,Sagamu,Ogun,2025-03-16,Extra Large,3500
1158,Eleme,Rivers,2024-11-12,Extra Large,3500
1159,Eket,Akwa Ibom,2025-10-30,Large,2200
1160,Suleja,Niger,2024-07-19,Extra Large,3500
1161,Oron,Akwa Ibom,2025-03-07,Large,2200
1162,Owerri,Imo,2024-11-20,Extra Large,3500
1163,Kafanchan,Kaduna,2025-09-04,Small,500
1164,Idah,Kogi,2025-04-17,Large,2200
1165,Kagoro,Kaduna,2025-08-27,Small,500
1166,Biu,Gombe,2024-05-30,Large,2200
1167,Ilesa,Osun,2025-02-09,Large,2200
1168,Ota,Ogun,2025-07-09,Small,500
1169,Igbara-Odo,Ekiti,2024-05-02,Medium,1200
1170,Ilaro,Ogun,2024-12-03,Large,2200
1171,Ogidi,Anambra,2024-09-28,Medium,1200
1172,Misau,Bauchi,2024-08-05,Extra Large,3500
1173,Akamkpa,Cross River,2024-10-30,Small,500
1174,Auchi,Edo,2024-12-22,Medium,1200
1175,Onitsha,Anambra,2024-05-02,Small,500
1176,Ibadan,Oyo,2025-10-25,Large,2200
1177,Omuo-Ekiti,Ekiti,2024-09-02,Large,2200
1178,Saki,Oyo,2025-01-29,Extra Large,3500
1179,Maiduguri,Borno,2025-09-23,Medium,1200
1180,Epe,Lagos,2025-04-27,Extra Large,3500
1181,Uromi,Edo,2025-12-27,Large,2200
1182,Offa,Kwara,2025-12-07,Large,2200
1183,Sagbama,Bayelsa,2024-06-18,Small,500
1184,Lafia,Nasarawa,2026-01-16,Medium,1200
1185,Nsukka,Enugu,2024-05-27,Medium,1200
1186,Agbani,Enugu,2024-05-10,Extra Large,3500
1187,Sokoto,Sokoto,2026-03-01,Small,500
1188,Barkin Ladi,Plateau,2026-01-17,Medium,1200
1189,Umuahia,Abia,2025-06-21,Large,2200
1190,Funtua,Katsina,2025-06-20,Extra Large,3500
1191,Akwanga,Nasarawa,2025-09-27,Extra Large,3500
1192,Hadejia,Jigawa,2025-02-26,Extra Large,3500
1193,Dutsin-Ma,Katsina,2024-07-20,Extra Large,3500
1194,Makurdi,Benue,2024-05-12,Large,2200
1195,Tsafe,Zamfara,2024-12-20,Large,2200
1196,Katsina,Katsina,2025-12-03,Extra Large,3500
1197,Misau,Bauchi,2025-07-22,Large,2200
1198,Yauri,Kebbi,2025-12-26,Large,2200
1199,Daura,Katsina,2026-02-28,Medium,1200
1200,Wukari,Taraba,2024-06-30,Small,500
1201,Bida,Niger,2026-01-04,Medium,1200
1202,Girei,Adamawa,2024-10-21,Large,2200
1203,Kazaure,Jigawa,2025-07-01,Extra Large,3500
1204,Lafia,Nasarawa,2025-05-15,Medium,1200
1205,Okene,Kogi,2025-02-10,Extra Large,3500
1206,Jebba,Kwara,2024-12-09,Large,2200
1207,Ishieke,Ebonyi,2024-12-31,Medium,1200
1208,Kano,Kano,2024-12-26,Extra Large,3500
1209,Ogoja,Cross River,2024-08-27,Medium,1200
1210,Lokoja,Kogi,2025-05-05,Medium,1200
1211,Offa,Kwara,2024-07-19,Large,2200
1212,Sagamu,Ogun,2025-05-04,Large,2200
1213,Birnin Kudu,Jigawa,2026-02-18,Large,2200
1214,Ibadan,Oyo,2025-01-07,Extra Large,3500
1215,Ogidi,Anambra,2025-10-10,Small,500
1216,Barkin Ladi,Plateau,2025-12-16,Small,500
1217,Wamba,Nasarawa,2025-12-13,Large,2200
1218,Abeokuta,Ogun,2024-10-16,Medium,1200
1219,Ikom,Cross River,2024-08-12,Large,2200
1220,Ota,Ogun,2024-09-18,Extra Large,3500
1221,Sapele,Delta,2025-07-11,Medium,1200
1222,Oporoma,Bayelsa,2025-11-03,Large,2200
1223,Ekpoma,Edo,2025-08-19,Small,500
1224,Arochukwu,Abia,2024-09-03,Large,2200
1225,Nsukka,Enugu,2025-11-12,Medium,1200
1226,Port Harcourt,Rivers,2025-04-23,Medium,1200
1227,Ikare,Ondo,2025-10-30,Extra Large,3500
1228,Ikare,Ondo,2025-11-03,Extra Large,3500
1229,Aba,Abia,2025-03-21,Medium,1200
1230,Lagos,Lagos,2026-03-03,Large,2200
1231,Wukari,Taraba,2025-06-13,Small,500
1232,Umuahia,Abia,2025-08-04,Medium,1200
1233,Omu-Aran,Kwara,2025-07-27,Medium,1200
1234,Katsina-Ala,Benue,2026-01-18,Large,2200
1235,Abakaliki,Ebonyi,2025-07-29,Small,500
1236,Funtua,Katsina,2024-08-15,Extra Large,3500
1237,Gembu,Taraba,2024-06-15,Large,2200
1238,Ondo City,Ondo,2025-03-16,Large,2200
1239,Bori,Rivers,2024-12-04,Medium,1200
1240,Ohaozara,Ebonyi,2024-11-13,Small,500
1241,Biu,Gombe,2024-06-07,Medium,1200
1242,Enugu,Enugu,2025-05-02,Medium,1200
1243,Monguno,Borno,2024-12-09,Small,500
1244,Akwanga,Nasarawa,2025-03-23,Small,500
1245,Awka,Anambra,2024-06-07,Small,500
1246,Awka,Anambra,2025-12-25,Extra Large,3500
1247,Ede,Osun,2024-06-22,Small,500
1248,Anka,Zamfara,2026-01-18,Extra Large,3500
1249,Warri,Delta,2026-01-12,Small,500
1250,Malumfashi,Katsina,2025-07-20,Small,500
1251,Bali,Taraba,2025-05-02,Medium,1200
1252,Abeokuta,Ogun,2025-03-31,Small,500
1253,Kano,Kano,2025-06-06,Small,500
1254,Omoku,Rivers,2025-11-26,Medium,1200
1255,Birnin Kudu,Jigawa,2026-02-10,Medium,1200
1256,Kaiama,Kwara,2025-03-21,Large,2200
1257,Abakaliki,Ebonyi,2025-12-09,Extra Large,3500
1258,Oji River,Enugu,2025-08-16,Large,2200
1259,Owerri,Imo,2024-12-18,Small,500
1260,Yenagoa,Bayelsa,2025-04-09,Extra Large,3500
1261,Asaba,Delta,2024-08-15,Small,500
1262,Gboko,Benue,2024-06-11,Medium,1200
1263,Oyo Town,Oyo,2024-07-11,Large,2200
1264,Ibadan,Oyo,2026-02-13,Small,500
1265,Benin City,Edo,2025-01-03,Large,2200
1266,Badagry,Lagos,2025-10-01,Extra Large,3500
1267,Maiduguri,Borno,2025-04-30,Small,500
1268,Umuahia,Abia,2024-08-31,Medium,1200
1269,Idah,Kogi,2024-10-25,Extra Large,3500
1270,Kaduna,Kaduna,2025-03-13,Large,2200
1271,Okene,Kogi,2025-03-14,Small,500
1272,Kontagora,Niger,2025-05-14,Extra Large,3500
1273,Kagoro,Kaduna,2024-08-21,Extra Large,3500
1274,Ijebu-Ode,Ogun,2025-01-24,Small,500
1275,Calabar,Cross River,2024-11-19,Medium,1200
1276,Katsina-Ala,Benue,2025-02-19,Extra Large,3500
1277,Ile-Ife,Osun,2024-12-30,Extra Large,3500
1278,Jebba,Kwara,2025-07-08,Small,500
1279,Obudu,Cross River,2025-11-24,Extra Large,3500
1280,Gwoza,Borno,2025-08-13,Extra Large,3500
1281,Uyo,Akwa Ibom,2024-06-14,Large,2200
1282,Birnin Kebbi,Kebbi,2024-07-05,Medium,1200
1283,Ankpa,Kogi,2025-09-04,Small,500
1284,Ondo City,Ondo,2024-11-20,Extra Large,3500
1285,Kaiama,Kwara,2025-10-08,Medium,1200
1286,Tsafe,Zamfara,2025-08-19,Small,500
1287,Umuahia,Abia,2026-02-18,Extra Large,3500
1288,Omoku,Rivers,2026-01-25,Small,500
1289,Bori,Rivers,2024-12-26,Medium,1200
1290,Idah,Kogi,2025-06-26,Small,500
1291,Tambuwal,Sokoto,2024-08-08,Extra Large,3500
1292,Suleja,Niger,2025-01-07,Small,500
1293,Iseyin,Oyo,2026-04-04,Extra Large,3500
1294,Oporoma,Bayelsa,2025-09-19,Extra Large,3500
1295,Birnin Kebbi,Kebbi,2025-02-07,Extra Large,3500
1296,Yola,Adamawa,2025-07-05,Extra Large,3500
1297,Abeokuta,Ogun,2026-03-13,Small,500
1298,Nembe,Bayelsa,2024-12-09,Large,2200
1299,Illela,Sokoto,2025-01-27,Medium,1200
1300,Oyo Town,Oyo,2025-11-26,Large,2200
1301,Onitsha,Anambra,2025-12-12,Extra Large,3500
1302,Ankpa,Kogi,2025-08-29,Extra Large,3500
1303,Epe,Lagos,2025-12-23,Small,500
1304,Otukpo,Benue,2025-10-19,Small,500
1305,Idah,Kogi,2025-09-10,Large,2200
1306,Tsafe,Zamfara,2025-05-16,Large,2200
1307,Makurdi,Benue,2025-08-12,Medium,1200
1308,Omoku,Rivers,2025-03-02,Extra Large,3500
1309,Gboko,Benue,2025-01-16,Medium,1200
1310,Ado-Ekiti,Ekiti,2025-01-17,Extra Large,3500
1311,Oji River,Enugu,2024-09-05,Medium,1200
1312,Lokoja,Kogi,2024-09-30,Extra Large,3500
1313,Abak,Akwa Ibom,2026-03-20,Small,500
1314,Ede,Osun,2025-04-17,Medium,1200
1315,Port Harcourt,Rivers,2024-10-09,Small,500
1316,Kaura Namoda,Zamfara,2024-08-05,Extra Large,3500
1317,Tambuwal,Sokoto,2024-06-22,Medium,1200
1318,Calabar,Cross River,2026-01-04,Extra Large,3500
1319,Kamba,Kebbi,2024-07-09,Extra Large,3500
1320,Ota,Ogun,2025-11-11,Medium,1200
1321,Kagoro,Kaduna,2025-12-28,Large,2200
1322,Danbatta,Kano,2026-02-01,Medium,1200
1323,Obudu,Cross River,2024-05-24,Large,2200
1324,Anka,Zamfara,2024-12-29,Medium,1200
1325,Ikere-Ekiti,Ekiti,2025-11-08,Large,2200
1326,Offa,Kwara,2024-07-31,Medium,1200
1327,Illela,Sokoto,2025-01-27,Large,2200
1328,Monguno,Borno,2024-08-23,Extra Large,3500
1329,Ota,Ogun,2025-12-25,Large,2200
1330,Akure,Ondo,2025-11-11,Small,500
1331,Girei,Adamawa,2025-12-09,Medium,1200
1332,Awka,Anambra,2024-08-26,Medium,1200
1333,Zaria,Kaduna,2025-03-12,Large,2200
1334,Hadejia,Jigawa,2025-02-21,Small,500
1335,Wudil,Kano,2025-09-03,Small,500
1336,Kaiama,Kwara,2024-10-17,Small,500
1337,Talata Mafara,Zamfara,2025-03-17,Extra Large,3500
1338,Oguta,Imo,2024-11-21,Large,2200
1339,Ekwulobia,Anambra,2025-10-26,Extra Large,3500
1340,Sagamu,Ogun,2025-03-21,Small,500
1341,Ohafia,Abia,2025-05-22,Medium,1200
1342,Ile-Ife,Osun,2024-12-09,Large,2200
1343,Buni Yadi,Yobe,2025-12-09,Medium,1200
1344,Omuo-Ekiti,Ekiti,2025-04-04,Extra Large,3500
1345,Benin City,Edo,2025-12-28,Medium,1200
1346,Irrua,Edo,2025-01-20,Small,500
1347,Lafia,Nasarawa,2026-03-20,Extra Large,3500
1348,Saminaka,Kaduna,2026-04-16,Large,2200
1349,Ikom,Cross River,2025-03-30,Large,2200
1350,Ohafia,Abia,2024-11-18,Extra Large,3500
1351,Asaba,Delta,2025-01-31,Medium,1200
1352,Kamba,Kebbi,2025-05-17,Small,500
1353,Malumfashi,Katsina,2026-04-03,Large,2200
1354,Misau,Bauchi,2025-12-15,Medium,1200
1355,Irrua,Edo,2025-12-03,Small,500
1356,Tambuwal,Sokoto,2024-08-06,Extra Large,3500
1357,Buni Yadi,Yobe,2024-10-26,Extra Large,3500
1358,Sagbama,Bayelsa,2025-08-08,Medium,1200
1359,Agbani,Enugu,2026-01-25,Large,2200
1360,Badagry,Lagos,2025-06-06,Medium,1200
1361,Mutum Biyu,Taraba,2024-07-10,Small,500
1362,Monguno,Borno,2026-01-05,Extra Large,3500
1363,Oguta,Imo,2026-01-09,Medium,1200
1364,Ikot Ekpene,Akwa Ibom,2024-11-21,Extra Large,3500
1365,Gwoza,Borno,2025-11-05,Large,2200
1366,Gashua,Yobe,2024-11-12,Small,500
1367,Bali,Taraba,2026-02-17,Extra Large,3500
1368,Port Harcourt,Rivers,2024-08-12,Large,2200
1369,Omuo-Ekiti,Ekiti,2025-03-12,Small,500
1370,Otukpo,Benue,2026-03-19,Small,500
1371,Azare,Bauchi,2024-10-06,Medium,1200
1372,Akure,Ondo,2025-03-22,Medium,1200
1373,Nguru,Yobe,2025-01-07,Small,500
1374,Asaba,Delta,2024-05-16,Extra Large,3500
1375,Lokoja,Kogi,2024-06-04,Small,500
1376,Bauchi,Bauchi,2025-04-28,Medium,1200
1377,Birnin Kudu,Jigawa,2024-10-16,Small,500
1378,Kaltungo,Gombe,2026-04-23,Extra Large,3500
1379,Nassarawa,Nasarawa,2025-01-26,Extra Large,3500
1380,Owo,Ondo,2024-05-17,Small,500
1381,Lafia,Nasarawa,2026-03-08,Small,500
1382,Jamaare,Bauchi,2025-12-31,Small,500
1383,Misau,Bauchi,2025-08-15,Small,500
1384,Bichi,Kano,2025-11-26,Small,500
1385,Danbatta,Kano,2024-08-05,Extra Large,3500
1386,Minna,Niger,2024-11-22,Extra Large,3500
1387,Ishieke,Ebonyi,2025-12-24,Medium,1200
1388,Obudu,Cross River,2025-09-17,Large,2200
1389,Sapele,Delta,2024-08-06,Large,2200
1390,Isuikwuato,Abia,2025-09-24,Medium,1200
1391,Maiduguri,Borno,2025-03-20,Small,500
1392,Rijau,Niger,2024-04-30,Small,500
1393,Daura,Katsina,2024-06-23,Large,2200
1394,Oji River,Enugu,2024-10-31,Medium,1200
1395,Afikpo,Ebonyi,2025-12-28,Medium,1200
1396,Hadejia,Jigawa,2025-06-02,Small,500
1397,Irrua,Edo,2025-10-10,Small,500
1398,Kaura Namoda,Zamfara,2025-05-17,Small,500
1399,Kano,Kano,2024-07-17,Large,2200
1400,Otukpo,Benue,2024-11-23,Extra Large,3500
1401,Idah,Kogi,2024-12-03,Medium,1200
1402,Owerri,Imo,2024-05-31,Large,2200
1403,Azare,Bauchi,2025-02-27,Large,2200
1404,Degema,Rivers,2025-11-28,Large,2200
1405,Dutsin-Ma,Katsina,2025-03-27,Medium,1200
1406,Badagry,Lagos,2024-07-17,Extra Large,3500
1407,Abakaliki,Ebonyi,2026-02-17,Large,2200
1408,Orlu,Imo,2025-07-07,Extra Large,3500
1409,Kafanchan,Kaduna,2024-05-09,Medium,1200
1410,Kabba,Kogi,2025-05-08,Extra Large,3500
1411,Ilesa,Osun,2024-10-20,Large,2200
1412,Eleme,Rivers,2024-08-09,Small,500
1413,Irrua,Edo,2025-03-06,Small,500
1414,Zaria,Kaduna,2025-07-20,Medium,1200
1415,Dutse,Jigawa,2024-10-19,Small,500
1416,Futungo,Adamawa,2025-02-25,Small,500
1417,Rijau,Niger,2025-08-25,Medium,1200
1418,Abak,Akwa Ibom,2024-06-28,Large,2200
1419,Buni Yadi,Yobe,2026-04-09,Extra Large,3500
1420,Sapele,Delta,2024-06-15,Extra Large,3500
1421,Dukku,Gombe,2025-05-16,Large,2200
1422,Obudu,Cross River,2025-05-02,Small,500
1423,Bida,Niger,2026-04-19,Small,500
1424,Oguta,Imo,2025-06-06,Medium,1200
1425,Tambuwal,Sokoto,2025-02-06,Extra Large,3500
1426,Afikpo,Ebonyi,2025-04-05,Medium,1200
1427,Pankshin,Plateau,2025-08-04,Small,500
1428,Deba,Gombe,2026-04-14,Medium,1200
1429,Misau,Bauchi,2024-10-29,Large,2200
1430,Gombe,Gombe,2024-05-08,Medium,1200
1431,Bali,Taraba,2025-11-24,Extra Large,3500
1432,Langtang,Plateau,2025-01-04,Small,500
1433,Ikot Ekpene,Akwa Ibom,2025-10-14,Small,500
1434,Bali,Taraba,2025-07-30,Large,2200
1435,Buni Yadi,Yobe,2025-11-11,Medium,1200
1436,Nassarawa,Nasarawa,2025-10-16,Large,2200
1437,Jamaare,Bauchi,2024-12-26,Large,2200
1438,Keffi,Nasarawa,2024-05-29,Extra Large,3500
1439,Omu-Aran,Kwara,2025-05-31,Extra Large,3500
1440,Shendam,Plateau,2025-12-12,Small,500
1441,Tambuwal,Sokoto,2024-09-01,Extra Large,3500
1442,Afikpo,Ebonyi,2025-11-17,Small,500
1443,Wamako,Sokoto,2025-04-01,Medium,1200
1444,Warri,Delta,2025-09-17,Medium,1200
1445,Ikorodu,Lagos,2025-08-01,Small,500
1446,Deba,Gombe,2025-12-11,Large,2200
1447,Gwoza,Borno,2024-06-12,Extra Large,3500
1448,Barkin Ladi,Plateau,2025-11-15,Medium,1200
1449,Abeokuta,Ogun,2025-03-27,Medium,1200
1450,Eket,Akwa Ibom,2024-11-27,Medium,1200
1451,Akamkpa,Cross River,2024-05-29,Small,500
1452,Asaba,Delta,2024-09-19,Medium,1200
1453,Hadejia,Jigawa,2024-05-27,Extra Large,3500
1454,Numan,Adamawa,2026-03-10,Small,500
1455,Oji River,Enugu,2025-05-08,Extra Large,3500
1456,Barkin Ladi,Plateau,2026-04-20,Medium,1200
1457,Ota,Ogun,2025-05-28,Medium,1200
1458,Irrua,Edo,2024-10-29,Large,2200
1459,Onueke,Ebonyi,2025-10-29,Extra Large,3500
1460,Azare,Bauchi,2024-09-13,Extra Large,3500
1461,Keffi,Nasarawa,2025-01-12,Small,500
1462,Mubi,Adamawa,2025-11-18,Extra Large,3500
1463,Agbor,Delta,2026-01-19,Small,500
1464,Uromi,Edo,2024-12-25,Small,500
1465,Buni Yadi,Yobe,2024-07-26,Small,500
1466,Oporoma,Bayelsa,2025-01-21,Medium,1200
1467,Damaturu,Yobe,2026-02-06,Extra Large,3500
1468,Mutum Biyu,Taraba,2025-10-22,Large,2200
1469,Abak,Akwa Ibom,2026-02-09,Extra Large,3500
1470,Deba,Gombe,2025-02-03,Extra Large,3500
1471,Jebba,Kwara,2026-04-08,Small,500
1472,Ondo City,Ondo,2025-04-24,Large,2200
1473,Barkin Ladi,Plateau,2025-04-25,Small,500
1474,Rano,Kano,2026-03-03,Extra Large,3500
1475,Hadejia,Jigawa,2025-05-11,Small,500
1476,Isuikwuato,Abia,2025-12-03,Small,500
1477,Jalingo,Taraba,2025-10-10,Extra Large,3500
1478,Agbani,Enugu,2024-06-23,Extra Large,3500
1479,Lagos,Lagos,2025-07-11,Medium,1200
1480,Idanre,Ondo,2025-12-19,Large,2200
1481,Birnin Kudu,Jigawa,2025-05-30,Extra Large,3500
1482,Ikorodu,Lagos,2024-12-17,Large,2200
1483,Suleja,Niger,2024-06-24,Extra Large,3500
1484,Tsafe,Zamfara,2025-08-23,Extra Large,3500
1485,Ekpoma,Edo,2024-12-07,Extra Large,3500
1486,Gumel,Jigawa,2025-07-11,Large,2200
1487,Suleja,Niger,2025-03-04,Small,500
1488,Deba,Gombe,2025-09-13,Medium,1200
1489,Otukpo,Benue,2025-01-08,Extra Large,3500
1490,Ankpa,Kogi,2024-05-27,Small,500
1491,Ohaozara,Ebonyi,2026-01-22,Small,500
1492,Brass,Bayelsa,2025-01-09,Extra Large,3500
1493,Akure,Ondo,2026-04-26,Small,500
1494,Hadejia,Jigawa,2024-11-13,Large,2200
1495,Nembe,Bayelsa,2026-04-13,Small,500
1496,Nassarawa,Nasarawa,2026-03-20,Large,2200
1497,Onitsha,Anambra,2024-06-20,Extra Large,3500
1498,Osogbo,Osun,2025-08-06,Medium,1200
1499,Bali,Taraba,2025-01-17,Medium,1200
1500,Abak,Akwa Ibom,2025-12-03,Medium,1200
1501,Abakaliki,Ebonyi,2025-09-05,Large,2200
1502,Owerri,Imo,2026-03-24,Medium,1200
1503,Sagbama,Bayelsa,2024-08-09,Extra Large,3500
1504,Kaiama,Kwara,2025-07-15,Extra Large,3500
1505,Efon,Ekiti,2025-11-19,Small,500
1506,Bauchi,Bauchi,2024-05-22,Large,2200
1507,Tsafe,Zamfara,2024-06-15,Large,2200
1508,Omu-Aran,Kwara,2025-11-17,Medium,1200
1509,Igbara-Odo,Ekiti,2025-01-19,Extra Large,3500
1510,Ohafia,Abia,2025-01-31,Medium,1200
1511,Ota,Ogun,2025-06-15,Small,500
1512,Gusau,Zamfara,2025-07-13,Large,2200
1513,Lokoja,Kogi,2025-09-05,Large,2200
1514,Buni Yadi,Yobe,2026-03-21,Large,2200
1515,Ede,Osun,2025-01-23,Extra Large,3500
1516,Okigwe,Imo,2025-11-05,Extra Large,3500
1517,Saki,Oyo,2025-06-20,Small,500
1518,Jos,Plateau,2025-05-19,Large,2200
1519,Dass,Bauchi,2025-02-11,Medium,1200
1520,Kaltungo,Gombe,2025-08-14,Extra Large,3500
1521,Jebba,Kwara,2024-10-26,Small,500
1522,Hadejia,Jigawa,2024-07-18,Large,2200
1523,Oporoma,Bayelsa,2025-10-16,Large,2200
1524,Jamaare,Bauchi,2025-04-26,Medium,1200
1525,Pankshin,Plateau,2025-02-03,Large,2200
1526,Udi,Enugu,2025-06-11,Large,2200
1527,Auchi,Edo,2024-11-04,Extra Large,3500
1528,Ikere-Ekiti,Ekiti,2024-11-03,Medium,1200
1529,Hadejia,Jigawa,2025-03-19,Medium,1200
1530,Ikere-Ekiti,Ekiti,2026-04-25,Large,2200
1531,Asaba,Delta,2024-11-21,Small,500
1532,Oporoma,Bayelsa,2026-02-25,Small,500
1533,Damaturu,Yobe,2025-04-21,Extra Large,3500
1534,Ikorodu,Lagos,2024-07-25,Large,2200
1535,Eleme,Rivers,2026-01-10,Large,2200
1536,Omoku,Rivers,2025-03-23,Large,2200
1537,Suleja,Niger,2026-02-12,Medium,1200
1538,Ogidi,Anambra,2025-03-18,Extra Large,3500
1539,Shendam,Plateau,2024-06-30,Small,500
1540,Wamako,Sokoto,2025-09-07,Extra Large,3500
1541,Uromi,Edo,2026-01-05,Small,500
1542,Mutum Biyu,Taraba,2024-12-16,Large,2200
1543,Aba,Abia,2025-01-05,Medium,1200
1544,Wamba,Nasarawa,2024-06-13,Small,500
1545,Yauri,Kebbi,2025-05-28,Large,2200
1546,Irrua,Edo,2026-02-07,Large,2200
1547,Okigwe,Imo,2026-01-09,Extra Large,3500
1548,Idah,Kogi,2025-09-29,Medium,1200
1549,Degema,Rivers,2026-03-05,Medium,1200
1550,Sagamu,Ogun,2025-08-06,Large,2200
1551,Bida,Niger,2025-11-28,Extra Large,3500
1552,Irrua,Edo,2025-05-03,Medium,1200
1553,Gombe,Gombe,2024-07-24,Large,2200
1554,Oguta,Imo,2024-09-20,Extra Large,3500
1555,Keffi,Nasarawa,2024-08-06,Medium,1200
1556,Ughelli,Delta,2025-11-25,Small,500
1557,Uromi,Edo,2024-05-16,Extra Large,3500
1558,Akamkpa,Cross River,2025-06-05,Large,2200
1559,Bori,Rivers,2025-01-21,Large,2200
1560,Tsafe,Zamfara,2025-12-05,Small,500
1561,Minna,Niger,2025-06-04,Medium,1200
1562,Onitsha,Anambra,2025-07-18,Large,2200
1563,Jos,Plateau,2024-06-29,Extra Large,3500
1564,Idah,Kogi,2024-12-09,Large,2200
1565,Ikorodu,Lagos,2026-04-27,Large,2200
1566,Ilorin,Kwara,2025-10-04,Extra Large,3500
1567,Monguno,Borno,2025-05-16,Medium,1200
1568,Potiskum,Yobe,2025-11-10,Large,2200
1569,Omu-Aran,Kwara,2025-12-19,Extra Large,3500
1570,Osogbo,Osun,2024-06-19,Extra Large,3500
1571,Danbatta,Kano,2026-04-07,Medium,1200
1572,Onueke,Ebonyi,2025-08-09,Extra Large,3500
1573,Minna,Niger,2025-03-21,Small,500
1574,Onueke,Ebonyi,2025-09-06,Medium,1200
1575,Yauri,Kebbi,2025-01-03,Large,2200
1576,Saminaka,Kaduna,2026-01-28,Extra Large,3500
1577,Kagoro,Kaduna,2025-11-18,Large,2200
1578,Mutum Biyu,Taraba,2025-08-07,Extra Large,3500
1579,Afikpo,Ebonyi,2024-09-07,Small,500
1580,Ikom,Cross River,2026-04-03,Large,2200
1581,Brass,Bayelsa,2025-03-09,Medium,1200
1582,Minna,Niger,2026-02-21,Small,500
1583,Dass,Bauchi,2024-06-06,Small,500
1584,Girei,Adamawa,2024-07-26,Small,500
1585,Gboko,Benue,2024-08-16,Medium,1200
1586,Oporoma,Bayelsa,2024-08-25,Large,2200
1587,Biu,Gombe,2024-12-18,Large,2200
1588,Ile-Ife,Osun,2025-09-27,Medium,1200
1589,Wukari,Taraba,2025-01-04,Small,500
1590,Ikot Ekpene,Akwa Ibom,2026-03-15,Large,2200
1591,Langtang,Plateau,2026-02-10,Large,2200
1592,Kaura Namoda,Zamfara,2026-01-05,Medium,1200
1593,Potiskum,Yobe,2024-10-27,Extra Large,3500
1594,Idanre,Ondo,2025-08-04,Large,2200
1595,Kaiama,Kwara,2025-06-03,Medium,1200
1596,Oporoma,Bayelsa,2024-07-27,Large,2200
1597,Epe,Lagos,2024-12-04,Large,2200
1598,Sapele,Delta,2025-05-21,Small,500
1599,Isuikwuato,Abia,2025-04-29,Medium,1200
1600,Omu-Aran,Kwara,2024-08-28,Extra Large,3500
1601,Damaturu,Yobe,2026-03-16,Extra Large,3500
1602,Pankshin,Plateau,2024-08-17,Small,500
1603,Owo,Ondo,2025-08-21,Medium,1200
1604,Isuikwuato,Abia,2025-10-05,Large,2200
1605,Igbara-Odo,Ekiti,2025-07-13,Extra Large,3500
1606,Suleja,Niger,2026-01-02,Medium,1200
1607,Nassarawa,Nasarawa,2025-06-13,Medium,1200
1608,Dutse,Jigawa,2025-12-21,Extra Large,3500
1609,Oguta,Imo,2024-05-17,Large,2200
1610,Rano,Kano,2024-05-30,Large,2200
1611,Ijebu-Ode,Ogun,2025-08-08,Small,500
1612,Auchi,Edo,2025-06-22,Large,2200
1613,Gwoza,Borno,2025-08-15,Extra Large,3500
1614,Saminaka,Kaduna,2025-11-08,Extra Large,3500
1615,Omuo-Ekiti,Ekiti,2025-02-25,Small,500
1616,Asaba,Delta,2025-08-07,Small,500
1617,Benin City,Edo,2025-04-26,Large,2200
1618,Zaria,Kaduna,2025-07-29,Extra Large,3500
1619,Umuahia,Abia,2024-11-24,Small,500
1620,Asaba,Delta,2026-03-27,Extra Large,3500
1621,Agbani,Enugu,2025-04-15,Extra Large,3500
1622,Malumfashi,Katsina,2025-12-06,Large,2200
1623,Ibadan,Oyo,2025-09-09,Large,2200
1624,Brass,Bayelsa,2024-11-30,Small,500
1625,Kagoro,Kaduna,2024-06-19,Small,500
1626,Nguru,Yobe,2024-06-09,Medium,1200
1627,Omuo-Ekiti,Ekiti,2025-03-14,Extra Large,3500
1628,Aba,Abia,2025-04-15,Medium,1200
1629,Nassarawa,Nasarawa,2024-09-23,Medium,1200
1630,Eket,Akwa Ibom,2025-07-14,Extra Large,3500
1631,Vandeikya,Benue,2024-12-11,Medium,1200
1632,Langtang,Plateau,2025-10-04,Large,2200
1633,Argungu,Kebbi,2025-10-15,Small,500
1634,Tsafe,Zamfara,2026-01-16,Small,500
1635,Kazaure,Jigawa,2026-04-09,Large,2200
1636,Omuo-Ekiti,Ekiti,2024-07-31,Small,500
1637,Enugu,Enugu,2025-01-22,Medium,1200
1638,Owo,Ondo,2025-06-11,Small,500
1639,Onueke,Ebonyi,2024-12-16,Small,500
1640,Suleja,Niger,2025-04-02,Small,500
1641,Abak,Akwa Ibom,2024-11-08,Extra Large,3500
1642,Sapele,Delta,2024-10-25,Small,500
1643,Orlu,Imo,2024-07-06,Extra Large,3500
1644,Nembe,Bayelsa,2024-11-25,Large,2200
1645,Awka,Anambra,2025-02-01,Large,2200
1646,Agbor,Delta,2025-07-20,Small,500
1647,Obudu,Cross River,2024-10-25,Medium,1200
1648,Kamba,Kebbi,2026-01-19,Large,2200
1649,Ile-Ife,Osun,2024-08-21,Small,500
1650,Akwanga,Nasarawa,2024-12-22,Medium,1200
1651,Dutse,Jigawa,2025-06-23,Extra Large,3500
1652,Ejigbo,Osun,2024-12-11,Large,2200
1653,Nguru,Yobe,2025-11-05,Medium,1200
1654,Irrua,Edo,2025-04-26,Large,2200
1655,Zuru,Kebbi,2025-05-08,Large,2200
1656,Talata Mafara,Zamfara,2025-04-26,Small,500
1657,Wukari,Taraba,2024-12-08,Extra Large,3500
1658,Bichi,Kano,2024-05-13,Large,2200
1659,Ibadan,Oyo,2026-03-18,Extra Large,3500
1660,Benin City,Edo,2025-05-01,Large,2200
1661,Okigwe,Imo,2026-04-03,Small,500
1662,Nguru,Yobe,2024-10-01,Medium,1200
1663,Mutum Biyu,Taraba,2025-01-09,Medium,1200
1664,Bichi,Kano,2024-06-02,Extra Large,3500
1665,Birnin Kebbi,Kebbi,2025-04-23,Small,500
1666,Jalingo,Taraba,2026-01-31,Small,500
1667,Ikom,Cross River,2025-08-18,Small,500
1668,Ado-Ekiti,Ekiti,2025-04-05,Extra Large,3500
1669,Ado-Ekiti,Ekiti,2025-05-24,Small,500
1670,Nassarawa,Nasarawa,2026-01-06,Large,2200
1671,Nnewi,Anambra,2025-03-08,Medium,1200
1672,Bauchi,Bauchi,2026-02-01,Medium,1200
1673,Port Harcourt,Rivers,2025-10-10,Extra Large,3500
1674,Nnewi,Anambra,2025-11-06,Extra Large,3500
1675,Lagos,Lagos,2025-01-19,Large,2200
1676,Jalingo,Taraba,2025-02-13,Small,500
1677,Katsina,Katsina,2025-06-17,Medium,1200
1678,Jalingo,Taraba,2024-09-16,Small,500
1679,Dukku,Gombe,2025-06-05,Extra Large,3500
1680,Ikere-Ekiti,Ekiti,2024-06-19,Medium,1200
1681,Irrua,Edo,2025-04-30,Extra Large,3500
1682,Vandeikya,Benue,2025-11-06,Large,2200
1683,Iseyin,Oyo,2024-11-17,Small,500
1684,Afikpo,Ebonyi,2026-04-20,Extra Large,3500
1685,Wamako,Sokoto,2025-09-06,Medium,1200
1686,Buni Yadi,Yobe,2024-07-22,Extra Large,3500
1687,Omu-Aran,Kwara,2026-04-09,Large,2200
1688,Epe,Lagos,2025-02-08,Extra Large,3500
1689,Kamba,Kebbi,2025-11-29,Medium,1200
1690,Potiskum,Yobe,2024-12-30,Extra Large,3500
1691,Anka,Zamfara,2026-03-14,Large,2200
1692,Ede,Osun,2025-10-30,Extra Large,3500
1693,Aba,Abia,2024-09-19,Large,2200
1694,Futungo,Adamawa,2025-05-04,Medium,1200
1695,Katsina,Katsina,2025-04-27,Large,2200
1696,Biu,Gombe,2024-05-30,Large,2200
1697,Numan,Adamawa,2024-08-05,Medium,1200
1698,Makurdi,Benue,2024-12-26,Extra Large,3500
1699,Offa,Kwara,2025-04-08,Medium,1200
1700,Gumel,Jigawa,2025-03-27,Medium,1200
1701,Kaltungo,Gombe,2025-07-14,Large,2200
1702,Nembe,Bayelsa,2025-05-08,Extra Large,3500
1703,Enugu,Enugu,2024-12-22,Large,2200
1704,Barkin Ladi,Plateau,2025-07-19,Extra Large,3500
1705,Vandeikya,Benue,2024-08-23,Large,2200
1706,Abak,Akwa Ibom,2026-04-21,Extra Large,3500
1707,Yenagoa,Bayelsa,2025-10-19,Large,2200
1708,Kaiama,Kwara,2024-12-01,Extra Large,3500
1709,Biu,Borno,2024-12-28,Small,500
1710,Lafia,Nasarawa,2025-12-23,Large,2200
1711,Jalingo,Taraba,2025-05-21,Large,2200
1712,Buni Yadi,Yobe,2025-09-27,Medium,1200
1713,Kamba,Kebbi,2024-12-02,Medium,1200
1714,Asaba,Delta,2025-12-14,Extra Large,3500
1715,Ejigbo,Osun,2025-01-21,Small,500
1716,Deba,Gombe,2025-09-01,Large,2200
1717,Suleja,Niger,2026-04-13,Medium,1200
1718,Lokoja,Kogi,2025-06-27,Extra Large,3500
1719,Ogidi,Anambra,2025-11-30,Extra Large,3500
1720,Dutse,Jigawa,2025-10-09,Extra Large,3500
1721,Gwadabawa,Sokoto,2025-09-11,Medium,1200
1722,Obudu,Cross River,2024-05-16,Medium,1200
1723,Degema,Rivers,2025-04-08,Medium,1200
1724,Tsafe,Zamfara,2026-04-03,Medium,1200
1725,Owerri,Imo,2025-11-20,Large,2200
1726,Owo,Ondo,2025-11-15,Small,500
1727,Gwoza,Borno,2025-06-23,Extra Large,3500
1728,Badagry,Lagos,2025-10-06,Medium,1200
1729,Yauri,Kebbi,2025-06-27,Small,500
1730,Daura,Katsina,2024-08-29,Large,2200
1731,Ejigbo,Osun,2025-07-30,Medium,1200
1732,Osogbo,Osun,2025-07-24,Medium,1200
1733,Omuo-Ekiti,Ekiti,2026-01-01,Medium,1200
1734,Yenagoa,Bayelsa,2024-08-13,Small,500
1735,Oguta,Imo,2025-09-06,Medium,1200
1736,Kano,Kano,2024-05-20,Large,2200
1737,Monguno,Borno,2026-03-21,Extra Large,3500
1738,Jos,Plateau,2024-07-16,Large,2200
1739,Udi,Enugu,2024-05-10,Medium,1200
1740,Udi,Enugu,2024-12-12,Large,2200
1741,Kaura Namoda,Zamfara,2024-08-15,Medium,1200
1742,Girei,Adamawa,2025-09-13,Small,500
1743,Hadejia,Jigawa,2025-02-20,Small,500
1744,Wudil,Kano,2025-11-14,Large,2200
1745,Ekwulobia,Anambra,2026-02-28,Small,500
1746,Dass,Bauchi,2026-01-25,Large,2200
1747,Lagos,Lagos,2025-10-16,Small,500
1748,Danbatta,Kano,2024-06-11,Medium,1200
1749,Wamba,Nasarawa,2024-08-05,Small,500
1750,Zuru,Kebbi,2024-09-25,Small,500
1751,Auchi,Edo,2024-12-20,Extra Large,3500
1752,Gusau,Zamfara,2025-08-24,Small,500
1753,Oguta,Imo,2025-05-16,Large,2200
1754,Kabba,Kogi,2024-12-12,Extra Large,3500
1755,Abakaliki,Ebonyi,2024-08-31,Large,2200
1756,Omu-Aran,Kwara,2026-02-22,Large,2200
1757,Oguta,Imo,2025-01-02,Large,2200
1758,Nnewi,Anambra,2025-01-10,Extra Large,3500
1759,Futungo,Adamawa,2025-11-12,Large,2200
1760,Biu,Gombe,2025-10-05,Large,2200
1761,Suleja,Niger,2025-08-10,Small,500
1762,Wamba,Nasarawa,2025-09-15,Medium,1200
1763,Ijebu-Ode,Ogun,2025-07-16,Medium,1200
1764,Owo,Ondo,2024-09-14,Large,2200
1765,Ejigbo,Osun,2024-10-24,Medium,1200
1766,Nsukka,Enugu,2025-06-08,Medium,1200
1767,Ogoja,Cross River,2024-10-08,Medium,1200
1768,Ondo City,Ondo,2026-04-08,Medium,1200
1769,Birnin Kebbi,Kebbi,2024-11-30,Small,500
1770,Ekpoma,Edo,2024-11-24,Medium,1200
1771,Numan,Adamawa,2024-09-25,Extra Large,3500
1772,Sagamu,Ogun,2025-09-24,Extra Large,3500
1773,Zaria,Kaduna,2024-12-14,Medium,1200
1774,Otukpo,Benue,2025-01-06,Medium,1200
1775,Futungo,Adamawa,2026-03-10,Large,2200
1776,Dukku,Gombe,2025-11-29,Medium,1200
1777,Gombe,Gombe,2024-11-12,Large,2200
1778,Oporoma,Bayelsa,2024-07-25,Medium,1200
1779,Illela,Sokoto,2025-09-03,Extra Large,3500
1780,Ikeja,Lagos,2025-01-29,Extra Large,3500
1781,Degema,Rivers,2026-04-13,Medium,1200
1782,Afikpo,Ebonyi,2025-12-16,Medium,1200
1783,Oron,Akwa Ibom,2026-03-25,Small,500
1784,Kagoro,Kaduna,2025-12-06,Medium,1200
1785,Ikere-Ekiti,Ekiti,2024-11-25,Small,500
1786,Uromi,Edo,2024-11-23,Extra Large,3500
1787,Zuru,Kebbi,2025-10-01,Medium,1200
1788,Ikare,Ondo,2025-01-05,Small,500
1789,Akwanga,Nasarawa,2025-03-16,Extra Large,3500
1790,Buni Yadi,Yobe,2024-10-31,Small,500
1791,Jalingo,Taraba,2025-04-12,Extra Large,3500
1792,Ibadan,Oyo,2024-09-21,Medium,1200
1793,Gembu,Taraba,2025-05-25,Extra Large,3500
1794,Abak,Akwa Ibom,2026-03-10,Extra Large,3500
1795,Jalingo,Taraba,2025-09-17,Medium,1200
1796,Danbatta,Kano,2024-08-05,Extra Large,3500
1797,Funtua,Katsina,2025-07-21,Extra Large,3500
1798,Ohaozara,Ebonyi,2025-06-29,Large,2200
1799,Ogidi,Anambra,2024-10-21,Medium,1200
1800,Iseyin,Oyo,2025-08-29,Small,500
1801,Sokoto,Sokoto,2025-05-20,Medium,1200
1802,Potiskum,Yobe,2025-08-06,Extra Large,3500
1803,Sagamu,Ogun,2024-06-04,Extra Large,3500
1804,Mubi,Adamawa,2025-02-23,Extra Large,3500
1805,Igbara-Odo,Ekiti,2025-10-03,Small,500
1806,Gumel,Jigawa,2024-07-09,Medium,1200
1807,Maiduguri,Borno,2025-11-11,Small,500
1808,Ilesa,Osun,2024-04-30,Small,500
1809,Mutum Biyu,Taraba,2025-06-03,Medium,1200
1810,Wamba,Nasarawa,2026-03-07,Extra Large,3500
1811,Eket,Akwa Ibom,2025-02-18,Large,2200
1812,Warri,Delta,2026-03-11,Medium,1200
1813,Benin City,Edo,2026-01-29,Extra Large,3500
1814,Funtua,Katsina,2025-04-11,Extra Large,3500
1815,Wudil,Kano,2024-09-19,Small,500
1816,Ikom,Cross River,2026-04-01,Small,500
1817,Dutse,Jigawa,2024-12-17,Extra Large,3500
1818,Degema,Rivers,2025-08-12,Small,500
1819,Omoku,Rivers,2026-02-19,Medium,1200
1820,Langtang,Plateau,2024-07-01,Extra Large,3500
1821,Osogbo,Osun,2025-06-20,Small,500
1822,Oguta,Imo,2025-05-23,Large,2200
1823,Talata Mafara,Zamfara,2025-10-07,Small,500
1824,Auchi,Edo,2026-03-12,Small,500
1825,Ilorin,Kwara,2026-02-23,Medium,1200
1826,Abak,Akwa Ibom,2024-09-01,Large,2200
1827,Lokoja,Kogi,2026-01-31,Small,500
1828,Katsina-Ala,Benue,2024-09-02,Medium,1200
1829,Onueke,Ebonyi,2026-02-28,Medium,1200
1830,Saki,Oyo,2026-04-25,Large,2200
1831,Uyo,Akwa Ibom,2025-02-11,Large,2200
1832,Yauri,Kebbi,2025-04-24,Extra Large,3500
1833,Dass,Bauchi,2026-03-12,Small,500
1834,Danbatta,Kano,2026-03-31,Medium,1200
1835,Monguno,Borno,2026-03-04,Large,2200
1836,Mutum Biyu,Taraba,2026-01-27,Medium,1200
1837,Udi,Enugu,2024-05-03,Small,500
1838,Vandeikya,Benue,2025-06-16,Small,500
1839,Shendam,Plateau,2024-07-14,Large,2200
1840,Idanre,Ondo,2026-04-15,Large,2200
1841,Birnin Kudu,Jigawa,2024-11-21,Large,2200
1842,Akamkpa,Cross River,2026-04-20,Extra Large,3500
1843,Mutum Biyu,Taraba,2025-05-29,Extra Large,3500
1844,Irrua,Edo,2025-04-23,Medium,1200
1845,Wudil,Kano,2026-03-14,Small,500
1846,Maiduguri,Borno,2026-01-09,Extra Large,3500
1847,Biu,Borno,2025-04-04,Extra Large,3500
1848,Abeokuta,Ogun,2024-09-14,Large,2200
1849,Jebba,Kwara,2024-07-18,Medium,1200
1850,Umuahia,Abia,2024-08-23,Large,2200
1851,Dutse,Jigawa,2025-03-28,Large,2200
1852,Dutsin-Ma,Katsina,2024-11-01,Large,2200
1853,Aba,Abia,2024-09-10,Large,2200
1854,Kabba,Kogi,2025-10-17,Small,500
1855,Auchi,Edo,2025-11-26,Large,2200
1856,Kabba,Kogi,2025-06-16,Extra Large,3500
1857,Eket,Akwa Ibom,2025-11-01,Extra Large,3500
1858,Ughelli,Delta,2024-09-02,Large,2200
1859,Iseyin,Oyo,2026-01-12,Small,500
1860,Bali,Taraba,2026-02-11,Large,2200
1861,Tsafe,Zamfara,2025-12-22,Small,500
1862,Udi,Enugu,2025-05-08,Large,2200
1863,Ilorin,Kwara,2024-06-29,Medium,1200
1864,Kaduna,Kaduna,2025-08-29,Large,2200
1865,Wamba,Nasarawa,2024-09-09,Medium,1200
1866,Keffi,Nasarawa,2024-08-07,Small,500
1867,Funtua,Katsina,2024-12-19,Small,500
1868,Kagoro,Kaduna,2024-10-25,Small,500
1869,Omoku,Rivers,2024-11-03,Large,2200
1870,Ilesa,Osun,2024-10-16,Medium,1200
1871,Bali,Taraba,2025-10-29,Medium,1200
1872,Monguno,Borno,2026-03-25,Small,500
1873,Ado-Ekiti,Ekiti,2024-12-03,Extra Large,3500
1874,Sokoto,Sokoto,2025-10-07,Extra Large,3500
1875,Tambuwal,Sokoto,2024-05-05,Medium,1200
1876,Kabba,Kogi,2025-08-17,Large,2200
1877,Argungu,Kebbi,2025-09-15,Small,500
1878,Wukari,Taraba,2024-06-11,Medium,1200
1879,Oron,Akwa Ibom,2024-07-22,Extra Large,3500
1880,Jalingo,Taraba,2024-12-07,Small,500
1881,Katsina,Katsina,2025-02-17,Small,500
1882,Kabba,Kogi,2025-04-29,Small,500
1883,Vandeikya,Benue,2026-02-10,Large,2200
1884,Futungo,Adamawa,2025-09-23,Large,2200
1885,Agbani,Enugu,2024-12-10,Medium,1200
1886,Omuo-Ekiti,Ekiti,2024-07-21,Large,2200
1887,Gashua,Yobe,2026-02-25,Extra Large,3500
1888,Monguno,Borno,2024-11-28,Medium,1200
1889,Onueke,Ebonyi,2025-07-20,Small,500
1890,Isuikwuato,Abia,2024-10-04,Small,500
1891,Udi,Enugu,2024-08-02,Large,2200
1892,Anka,Zamfara,2024-08-16,Large,2200
1893,Sapele,Delta,2025-10-25,Medium,1200
1894,Abakaliki,Ebonyi,2025-07-13,Large,2200
1895,Ankpa,Kogi,2025-02-24,Extra Large,3500
1896,Onitsha,Anambra,2025-06-02,Small,500
1897,Jos,Plateau,2025-04-06,Small,500
1898,Lafia,Nasarawa,2025-05-24,Small,500
1899,Ikare,Ondo,2025-08-25,Medium,1200
1900,Ejigbo,Osun,2024-10-03,Large,2200
1901,Funtua,Katsina,2024-10-24,Medium,1200
1902,Damaturu,Yobe,2025-10-30,Extra Large,3500
1903,Calabar,Cross River,2026-01-25,Extra Large,3500
1904,Katsina-Ala,Benue,2024-06-25,Large,2200
1905,Iseyin,Oyo,2025-03-19,Medium,1200
1906,Biu,Gombe,2025-09-23,Large,2200
1907,Epe,Lagos,2024-06-23,Medium,1200
1908,Idah,Kogi,2025-06-13,Extra Large,3500
1909,Port Harcourt,Rivers,2024-06-11,Small,500
1910,Jos,Plateau,2025-06-01,Large,2200
1911,Langtang,Plateau,2025-05-01,Medium,1200
1912,Bichi,Kano,2025-06-19,Medium,1200
1913,Sokoto,Sokoto,2024-08-14,Extra Large,3500
1914,Gboko,Benue,2024-12-22,Small,500
1915,Dutsin-Ma,Katsina,2025-05-12,Extra Large,3500
1916,Rijau,Niger,2024-07-20,Extra Large,3500
1917,Oguta,Imo,2024-09-24,Medium,1200
1918,Talata Mafara,Zamfara,2025-06-27,Extra Large,3500
1919,Lafia,Nasarawa,2024-07-02,Large,2200
1920,Udi,Enugu,2025-05-05,Extra Large,3500
1921,Idanre,Ondo,2025-12-09,Large,2200
1922,Potiskum,Yobe,2025-03-24,Medium,1200
1923,Jamaare,Bauchi,2025-05-07,Extra Large,3500
1924,Dikwa,Borno,2025-03-26,Extra Large,3500
1925,Kamba,Kebbi,2024-06-08,Small,500
1926,Ile-Ife,Osun,2025-03-30,Large,2200
1927,Minna,Niger,2025-12-07,Small,500
1928,Akwanga,Nasarawa,2025-10-07,Extra Large,3500
1929,Awka,Anambra,2025-02-10,Medium,1200
1930,Akamkpa,Cross River,2025-12-14,Small,500
1931,Warri,Delta,2025-10-24,Extra Large,3500
1932,Gashua,Yobe,2025-06-23,Extra Large,3500
1933,Ile-Ife,Osun,2024-05-30,Medium,1200
1934,Yauri,Kebbi,2025-01-03,Large,2200
1935,Owo,Ondo,2024-06-12,Small,500
1936,Isuikwuato,Abia,2026-04-23,Extra Large,3500
1937,Ogoja,Cross River,2026-03-11,Small,500
1938,Ikorodu,Lagos,2024-06-16,Small,500
1939,Isuikwuato,Abia,2026-03-10,Large,2200
1940,Monguno,Borno,2024-05-20,Small,500
1941,Mbaise,Imo,2025-02-19,Extra Large,3500
1942,Zuru,Kebbi,2025-11-10,Extra Large,3500
1943,Nassarawa,Nasarawa,2025-11-07,Medium,1200
1944,Uromi,Edo,2026-04-12,Medium,1200
1945,Efon,Ekiti,2025-08-12,Extra Large,3500
1946,Epe,Lagos,2025-02-28,Medium,1200
1947,Wudil,Kano,2026-04-22,Medium,1200
1948,Aba,Abia,2025-01-31,Small,500
1949,Ughelli,Delta,2026-01-22,Extra Large,3500
1950,Calabar,Cross River,2026-02-18,Medium,1200
1951,Ilaro,Ogun,2025-01-26,Extra Large,3500
1952,Uromi,Edo,2025-09-08,Extra Large,3500
1953,Kaura Namoda,Zamfara,2025-08-23,Extra Large,3500
1954,Offa,Kwara,2025-05-26,Medium,1200
1955,Idanre,Ondo,2025-08-17,Small,500
1956,Omoku,Rivers,2025-01-06,Large,2200
1957,Ota,Ogun,2024-09-04,Large,2200
1958,Uyo,Akwa Ibom,2025-05-24,Extra Large,3500
1959,Lagos,Lagos,2025-05-18,Extra Large,3500
1960,Brass,Bayelsa,2025-10-11,Large,2200
1961,Saki,Oyo,2024-10-06,Small,500
1962,Gembu,Taraba,2024-04-29,Small,500
1963,Mbaise,Imo,2024-05-13,Small,500
1964,Buni Yadi,Yobe,2024-12-01,Large,2200
1965,Nnewi,Anambra,2025-09-01,Small,500
1966,Langtang,Plateau,2025-05-29,Extra Large,3500
1967,Kabba,Kogi,2025-05-20,Large,2200
1968,Bichi,Kano,2025-12-19,Medium,1200
1969,Abak,Akwa Ibom,2024-10-24,Large,2200
1970,Dutse,Jigawa,2025-01-05,Extra Large,3500
1971,Ishieke,Ebonyi,2024-11-14,Small,500
1972,Rano,Kano,2026-03-13,Small,500
1973,Danbatta,Kano,2025-10-08,Small,500
1974,Akamkpa,Cross River,2024-07-18,Small,500
1975,Kafanchan,Kaduna,2025-12-09,Medium,1200
1976,Kafanchan,Kaduna,2025-02-27,Large,2200
1977,Aba,Abia,2025-11-07,Medium,1200
1978,Ughelli,Delta,2026-02-02,Large,2200
1979,Ekpoma,Edo,2024-05-08,Medium,1200
1980,Omoku,Rivers,2024-09-24,Small,500
1981,Lokoja,Kogi,2024-07-09,Medium,1200
1982,Ughelli,Delta,2024-05-21,Extra Large,3500
1983,Keffi,Nasarawa,2025-07-07,Extra Large,3500
1984,Afikpo,Ebonyi,2025-09-23,Large,2200
1985,Nnewi,Anambra,2024-06-01,Small,500
1986,Onitsha,Anambra,2025-10-20,Extra Large,3500
1987,Kontagora,Niger,2025-02-15,Large,2200
1988,Shendam,Plateau,2024-10-15,Medium,1200
1989,Nassarawa,Nasarawa,2024-10-02,Extra Large,3500
1990,Hadejia,Jigawa,2026-01-18,Extra Large,3500
1991,Ohafia,Abia,2024-06-07,Extra Large,3500
1992,Akwanga,Nasarawa,2025-04-30,Small,500
1993,Vandeikya,Benue,2024-11-24,Large,2200
1994,Idanre,Ondo,2025-12-14,Large,2200
1995,Idah,Kogi,2025-10-13,Large,2200
1996,Gboko,Benue,2024-12-16,Extra Large,3500
1997,Ogbomoso,Oyo,2025-07-08,Medium,1200
1998,Bali,Taraba,2025-08-31,Medium,1200
1999,Kamba,Kebbi,2024-12-17,Small,500
2000,Aba,Abia,2024-12-03,Small,500
2001,Abeokuta,Ogun,2024-08-09,Small,500
2002,Ilesa,Osun,2025-08-22,Medium,1200
2003,Bichi,Kano,2024-10-05,Medium,1200
2004,Uyo,Akwa Ibom,2024-12-02,Small,500
2005,Ogidi,Anambra,2024-06-10,Medium,1200
2006,Maiduguri,Borno,2026-03-21,Small,500
2007,Obudu,Cross River,2026-01-30,Medium,1200
2008,Biu,Borno,2026-02-22,Large,2200
2009,Danbatta,Kano,2025-07-28,Small,500
2010,Oyo Town,Oyo,2025-03-05,Extra Large,3500
2011,Yauri,Kebbi,2025-04-24,Medium,1200
2012,Misau,Bauchi,2026-04-07,Small,500
2013,Nassarawa,Nasarawa,2026-03-16,Large,2200
2014,Nnewi,Anambra,2025-08-30,Large,2200
2015,Uromi,Edo,2025-11-22,Small,500
2016,Omoku,Rivers,2024-12-15,Extra Large,3500
2017,Uromi,Edo,2025-02-25,Small,500
2018,Agbor,Delta,2024-08-14,Extra Large,3500
2019,Udi,Enugu,2025-01-27,Small,500
2020,Ilesa,Osun,2025-10-30,Small,500
2021,Uyo,Akwa Ibom,2025-04-08,Small,500
2022,Kazaure,Jigawa,2026-01-07,Small,500
2023,Omoku,Rivers,2024-12-02,Small,500
2024,Oron,Akwa Ibom,2025-09-26,Large,2200
2025,Sapele,Delta,2025-12-07,Extra Large,3500
2026,Isuikwuato,Abia,2026-02-24,Extra Large,3500
2027,Langtang,Plateau,2025-06-12,Extra Large,3500
2028,Jamaare,Bauchi,2026-04-04,Medium,1200
2029,Arochukwu,Abia,2025-06-08,Extra Large,3500
2030,Dikwa,Borno,2024-08-03,Large,2200
2031,Idah,Kogi,2024-10-21,Extra Large,3500
2032,Awka,Anambra,2024-09-22,Large,2200
2033,Gashua,Yobe,2025-08-12,Small,500
2034,Oyo Town,Oyo,2026-03-02,Medium,1200
2035,Irrua,Edo,2026-01-06,Small,500
2036,Keffi,Nasarawa,2024-07-03,Large,2200
2037,Lafia,Nasarawa,2025-10-08,Large,2200
2038,Port Harcourt,Rivers,2024-09-13,Extra Large,3500
2039,Ikere-Ekiti,Ekiti,2024-11-09,Small,500
2040,Ado-Ekiti,Ekiti,2025-09-01,Medium,1200
2041,Degema,Rivers,2025-07-11,Small,500
2042,Gashua,Yobe,2026-01-25,Extra Large,3500
2043,Nguru,Yobe,2024-09-11,Small,500
2044,Ikot Ekpene,Akwa Ibom,2025-11-04,Small,500
2045,Lokoja,Kogi,2025-10-08,Extra Large,3500
2046,Biu,Borno,2025-06-09,Extra Large,3500
2047,Potiskum,Yobe,2025-04-12,Medium,1200
2048,Bauchi,Bauchi,2026-01-22,Medium,1200
2049,Port Harcourt,Rivers,2024-12-26,Extra Large,3500
2050,Eket,Akwa Ibom,2026-03-27,Medium,1200
2051,Umuahia,Abia,2024-05-08,Small,500
2052,Katsina,Katsina,2026-03-13,Extra Large,3500
2053,Ishieke,Ebonyi,2026-03-31,Small,500
2054,Makurdi,Benue,2024-07-21,Extra Large,3500
2055,Gombe,Gombe,2026-04-27,Medium,1200
2056,Owo,Ondo,2025-04-12,Extra Large,3500
2057,Birnin Kebbi,Kebbi,2024-10-21,Medium,1200
2058,Argungu,Kebbi,2025-07-12,Small,500
2059,Ekpoma,Edo,2024-09-23,Small,500
2060,Monguno,Borno,2026-02-24,Medium,1200
2061,Ijebu-Ode,Ogun,2025-06-04,Large,2200
2062,Talata Mafara,Zamfara,2025-11-14,Extra Large,3500
2063,Oguta,Imo,2025-01-30,Small,500
2064,Calabar,Cross River,2025-05-22,Extra Large,3500
2065,Abakaliki,Ebonyi,2025-01-14,Extra Large,3500
2066,Yenagoa,Bayelsa,2024-11-04,Small,500
2067,Benin City,Edo,2025-05-06,Large,2200
2068,Ilaro,Ogun,2025-04-25,Medium,1200
2069,Nsukka,Enugu,2024-07-08,Large,2200
2070,Mutum Biyu,Taraba,2026-04-14,Extra Large,3500
2071,Orlu,Imo,2025-04-05,Small,500
2072,Uromi,Edo,2025-12-31,Small,500
2073,Funtua,Katsina,2026-02-24,Extra Large,3500
2074,Isuikwuato,Abia,2025-01-22,Medium,1200
2075,Ado-Ekiti,Ekiti,2025-02-23,Small,500
2076,Ikorodu,Lagos,2025-06-12,Medium,1200
2077,Ogbomoso,Oyo,2024-10-05,Large,2200
2078,Onitsha,Anambra,2024-08-11,Small,500
2079,Ughelli,Delta,2024-11-03,Extra Large,3500
2080,Auchi,Edo,2026-03-11,Small,500
2081,Nnewi,Anambra,2025-06-24,Large,2200
2082,Oji River,Enugu,2025-02-26,Large,2200
2083,Ankpa,Kogi,2024-08-16,Extra Large,3500
2084,Uyo,Akwa Ibom,2024-12-24,Small,500
2085,Potiskum,Yobe,2025-01-29,Medium,1200
2086,Girei,Adamawa,2025-12-27,Small,500
2087,Azare,Bauchi,2025-04-26,Extra Large,3500
2088,Zuru,Kebbi,2025-08-18,Medium,1200
2089,Argungu,Kebbi,2025-09-09,Small,500
2090,Argungu,Kebbi,2024-11-01,Small,500
2091,Mbaise,Imo,2025-12-18,Medium,1200
2092,Keffi,Nasarawa,2026-04-03,Small,500
2093,Shendam,Plateau,2025-08-09,Extra Large,3500
2094,Ekwulobia,Anambra,2025-04-20,Medium,1200
2095,Udi,Enugu,2024-08-27,Extra Large,3500
2096,Uromi,Edo,2025-11-29,Large,2200
2097,Obudu,Cross River,2024-08-28,Medium,1200
2098,Omu-Aran,Kwara,2025-10-05,Medium,1200
2099,Okene,Kogi,2025-04-18,Small,500
2100,Nnewi,Anambra,2026-02-26,Medium,1200
2101,Gwoza,Borno,2025-05-28,Extra Large,3500
2102,Ijebu-Ode,Ogun,2025-08-09,Large,2200
2103,Kaltungo,Gombe,2024-06-08,Medium,1200
2104,Ishieke,Ebonyi,2024-05-21,Medium,1200
2105,Oporoma,Bayelsa,2026-01-05,Extra Large,3500
2106,Udi,Enugu,2026-03-18,Extra Large,3500
2107,Oyo Town,Oyo,2025-08-28,Small,500
2108,Ondo City,Ondo,2025-11-06,Medium,1200
2109,Zuru,Kebbi,2025-02-22,Medium,1200
2110,Agbor,Delta,2026-01-02,Small,500
2111,Abeokuta,Ogun,2024-10-13,Small,500
2112,Shendam,Plateau,2025-09-25,Small,500
2113,Idanre,Ondo,2024-05-03,Extra Large,3500
2114,Jos,Plateau,2025-05-01,Extra Large,3500
2115,Omoku,Rivers,2025-01-24,Small,500
2116,Gusau,Zamfara,2025-07-22,Extra Large,3500
2117,Nsukka,Enugu,2025-08-27,Large,2200
2118,Wudil,Kano,2025-07-21,Small,500
2119,Girei,Adamawa,2025-04-15,Large,2200
2120,Ohaozara,Ebonyi,2025-04-18,Small,500
2121,Iseyin,Oyo,2024-05-01,Medium,1200
2122,Suleja,Niger,2025-06-04,Large,2200
2123,Ibadan,Oyo,2024-05-05,Small,500
2124,Akwanga,Nasarawa,2025-05-19,Small,500
2125,Danbatta,Kano,2024-11-13,Large,2200
2126,Buni Yadi,Yobe,2026-04-11,Medium,1200
2127,Nembe,Bayelsa,2024-05-09,Large,2200
2128,Ogidi,Anambra,2025-12-12,Large,2200
2129,Awka,Anambra,2025-09-01,Extra Large,3500
2130,Epe,Lagos,2025-12-07,Small,500
2131,Badagry,Lagos,2026-02-21,Medium,1200
2132,Gusau,Zamfara,2024-07-14,Medium,1200
2133,Ogoja,Cross River,2024-07-06,Medium,1200
2134,Damaturu,Yobe,2024-08-13,Extra Large,3500
2135,Nsukka,Enugu,2024-09-14,Large,2200
2136,Omu-Aran,Kwara,2025-05-16,Extra Large,3500
2137,Kaduna,Kaduna,2025-12-13,Small,500
2138,Badagry,Lagos,2024-11-08,Extra Large,3500
2139,Eleme,Rivers,2025-02-11,Small,500
2140,Shendam,Plateau,2025-01-24,Large,2200
2141,Ejigbo,Osun,2025-02-17,Large,2200
2142,Azare,Bauchi,2025-06-14,Extra Large,3500
2143,Yenagoa,Bayelsa,2026-04-20,Extra Large,3500
2144,Ekpoma,Edo,2024-10-09,Small,500
2145,Otukpo,Benue,2025-09-09,Large,2200
2146,Biu,Borno,2026-01-06,Extra Large,3500
2147,Warri,Delta,2025-08-17,Small,500
2148,Danbatta,Kano,2026-01-14,Medium,1200
2149,Pankshin,Plateau,2025-11-03,Extra Large,3500
2150,Osogbo,Osun,2024-07-04,Large,2200
2151,Ado-Ekiti,Ekiti,2025-01-29,Small,500
2152,Dukku,Gombe,2025-06-05,Large,2200
2153,Ota,Ogun,2024-06-07,Large,2200
2154,Zuru,Kebbi,2024-05-03,Extra Large,3500
2155,Oyo Town,Oyo,2024-08-30,Medium,1200
2156,Daura,Katsina,2025-04-27,Large,2200
2157,Deba,Gombe,2025-03-10,Large,2200
2158,Kano,Kano,2025-11-21,Medium,1200
2159,Omu-Aran,Kwara,2025-06-14,Extra Large,3500
2160,Ishieke,Ebonyi,2026-01-14,Medium,1200
2161,Gashua,Yobe,2024-07-05,Medium,1200
2162,Auchi,Edo,2025-05-18,Medium,1200
2163,Owerri,Imo,2024-05-28,Small,500
2164,Kamba,Kebbi,2024-09-28,Medium,1200
2165,Ilesa,Osun,2026-01-21,Large,2200
2166,Auchi,Edo,2026-02-04,Small,500
2167,Yauri,Kebbi,2025-04-09,Medium,1200
2168,Epe,Lagos,2024-05-31,Medium,1200
2169,Gashua,Yobe,2024-06-20,Small,500
2170,Girei,Adamawa,2026-03-04,Extra Large,3500
2171,Ughelli,Delta,2026-02-13,Large,2200
2172,Asaba,Delta,2025-06-12,Large,2200
2173,Danbatta,Kano,2024-05-21,Large,2200
2174,Agbor,Delta,2026-03-06,Extra Large,3500
2175,Lokoja,Kogi,2024-12-12,Extra Large,3500
2176,Eket,Akwa Ibom,2026-03-30,Small,500
2177,Katsina,Katsina,2025-06-30,Extra Large,3500
2178,Deba,Gombe,2025-10-28,Large,2200
2179,Sagbama,Bayelsa,2025-09-29,Small,500
2180,Efon,Ekiti,2025-02-12,Medium,1200
2181,Zaria,Kaduna,2024-06-22,Small,500
2182,Nembe,Bayelsa,2024-08-23,Extra Large,3500
2183,Nembe,Bayelsa,2024-10-19,Extra Large,3500
2184,Igbara-Odo,Ekiti,2025-12-28,Large,2200
2185,Sokoto,Sokoto,2025-02-05,Large,2200
2186,Suleja,Niger,2026-02-11,Extra Large,3500
2187,Epe,Lagos,2024-12-25,Large,2200
2188,Ohafia,Abia,2025-10-31,Large,2200
2189,Omu-Aran,Kwara,2024-08-07,Extra Large,3500
2190,Gusau,Zamfara,2026-04-19,Medium,1200
2191,Ede,Osun,2025-10-08,Extra Large,3500
2192,Wudil,Kano,2025-04-28,Extra Large,3500
2193,Ijebu-Ode,Ogun,2026-04-09,Small,500
2194,Warri,Delta,2024-06-05,Large,2200
2195,Shendam,Plateau,2025-03-12,Large,2200
2196,Jamaare,Bauchi,2025-12-31,Extra Large,3500
2197,Yenagoa,Bayelsa,2024-12-31,Extra Large,3500
2198,Kagoro,Kaduna,2025-11-10,Medium,1200
2199,Kaura Namoda,Zamfara,2026-03-26,Medium,1200
2200,Ikere-Ekiti,Ekiti,2025-02-10,Extra Large,3500
2201,Rano,Kano,2025-11-13,Extra Large,3500
2202,Ikot Ekpene,Akwa Ibom,2024-05-18,Large,2200
2203,Eleme,Rivers,2024-11-12,Extra Large,3500
2204,Gombe,Gombe,2026-04-22,Small,500
2205,Sapele,Delta,2025-04-20,Large,2200
2206,Jos,Plateau,2025-01-12,Large,2200
2207,Ijebu-Ode,Ogun,2026-03-15,Extra Large,3500
2208,Owerri,Imo,2025-03-08,Small,500
2209,Kagoro,Kaduna,2025-09-05,Small,500
2210,Ikorodu,Lagos,2025-08-22,Extra Large,3500
2211,Owo,Ondo,2024-06-28,Extra Large,3500
2212,Monguno,Borno,2025-07-23,Small,500
2213,Hadejia,Jigawa,2025-12-01,Small,500
2214,Sapele,Delta,2025-09-30,Extra Large,3500
2215,Ogoja,Cross River,2024-06-25,Medium,1200
2216,Nnewi,Anambra,2024-08-17,Large,2200
2217,Sagamu,Ogun,2025-09-29,Small,500
2218,Bichi,Kano,2025-08-03,Small,500
2219,Tambuwal,Sokoto,2025-10-19,Medium,1200
2220,Vandeikya,Benue,2024-12-14,Medium,1200
2221,Gashua,Yobe,2024-07-13,Large,2200
2222,Funtua,Katsina,2024-04-30,Large,2200
2223,Vandeikya,Benue,2024-12-08,Large,2200
2224,Asaba,Delta,2025-01-15,Medium,1200
2225,Bali,Taraba,2024-11-10,Large,2200
2226,Degema,Rivers,2024-08-01,Large,2200
2227,Abakaliki,Ebonyi,2024-09-10,Medium,1200
2228,Agbor,Delta,2025-03-21,Medium,1200
2229,Efon,Ekiti,2025-06-06,Small,500
2230,Ilaro,Ogun,2025-02-19,Small,500
2231,Biu,Borno,2024-05-16,Small,500
2232,Pankshin,Plateau,2025-01-10,Large,2200
2233,Ikeja,Lagos,2024-07-04,Extra Large,3500
2234,Bali,Taraba,2025-07-08,Medium,1200
2235,Katsina,Katsina,2024-12-20,Small,500
2236,Biu,Gombe,2025-02-02,Medium,1200
2237,Kaltungo,Gombe,2024-11-26,Medium,1200
2238,Nsukka,Enugu,2025-02-04,Small,500
2239,Akure,Ondo,2024-06-27,Small,500
2240,Girei,Adamawa,2026-02-14,Extra Large,3500
2241,Eket,Akwa Ibom,2026-02-17,Small,500
2242,Abak,Akwa Ibom,2026-04-12,Small,500
2243,Jos,Plateau,2025-06-19,Large,2200
2244,Uyo,Akwa Ibom,2024-08-28,Large,2200
2245,Aba,Abia,2025-01-30,Small,500
2246,Udi,Enugu,2024-08-06,Medium,1200
2247,Ekpoma,Edo,2024-12-03,Small,500
2248,Brass,Bayelsa,2025-04-22,Large,2200
2249,Omu-Aran,Kwara,2024-06-12,Medium,1200
2250,Illela,Sokoto,2025-03-10,Medium,1200
2251,Illela,Sokoto,2025-02-28,Small,500
2252,Vandeikya,Benue,2025-04-15,Small,500
2253,Wukari,Taraba,2024-06-22,Medium,1200
2254,Wudil,Kano,2024-10-27,Small,500
2255,Otukpo,Benue,2024-10-24,Extra Large,3500
2256,Ikorodu,Lagos,2025-07-27,Medium,1200
2257,Osogbo,Osun,2025-07-05,Medium,1200
2258,Kaiama,Kwara,2024-09-16,Extra Large,3500
2259,Udi,Enugu,2024-07-14,Medium,1200
2260,Abeokuta,Ogun,2024-12-05,Large,2200
2261,Gwoza,Borno,2026-03-21,Small,500
2262,Wukari,Taraba,2024-12-25,Extra Large,3500
2263,Badagry,Lagos,2025-07-24,Small,500
2264,Sagbama,Bayelsa,2025-12-05,Extra Large,3500
2265,Gwoza,Borno,2024-12-23,Large,2200
2266,Saki,Oyo,2024-12-27,Large,2200
2267,Ile-Ife,Osun,2025-12-14,Extra Large,3500
2268,Danbatta,Kano,2026-01-15,Medium,1200
2269,Dass,Bauchi,2026-04-09,Large,2200
2270,Benin City,Edo,2024-08-04,Extra Large,3500
2271,Katsina-Ala,Benue,2024-12-17,Extra Large,3500
2272,Jalingo,Taraba,2026-03-20,Small,500
2273,Ughelli,Delta,2024-09-20,Extra Large,3500
2274,Otukpo,Benue,2024-12-12,Small,500
2275,Ikeja,Lagos,2026-04-02,Large,2200
2276,Efon,Ekiti,2026-04-05,Extra Large,3500
2277,Biu,Borno,2024-11-26,Extra Large,3500
2278,Bori,Rivers,2025-09-17,Large,2200
2279,Bida,Niger,2025-04-20,Extra Large,3500
2280,Kontagora,Niger,2025-06-21,Large,2200
2281,Ughelli,Delta,2024-10-21,Small,500
2282,Monguno,Borno,2025-01-26,Extra Large,3500
2283,Omoku,Rivers,2025-12-14,Medium,1200
2284,Yola,Adamawa,2025-02-08,Small,500
2285,Dass,Bauchi,2024-07-19,Small,500
2286,Uromi,Edo,2025-06-13,Large,2200
2287,Sapele,Delta,2025-07-03,Small,500
2288,Jamaare,Bauchi,2025-05-30,Extra Large,3500
2289,Ogbomoso,Oyo,2025-09-07,Large,2200
2290,Degema,Rivers,2025-06-03,Large,2200
2291,Gashua,Yobe,2026-03-24,Small,500
2292,Oron,Akwa Ibom,2025-03-30,Small,500
2293,Nassarawa,Nasarawa,2025-09-26,Large,2200
2294,Nassarawa,Nasarawa,2025-03-13,Extra Large,3500
2295,Uyo,Akwa Ibom,2024-11-25,Medium,1200
2296,Anka,Zamfara,2025-09-15,Medium,1200
2297,Degema,Rivers,2025-12-16,Medium,1200
2298,Malumfashi,Katsina,2025-11-29,Extra Large,3500
2299,Dikwa,Borno,2025-02-20,Extra Large,3500
2300,Tsafe,Zamfara,2025-04-26,Extra Large,3500
2301,Shendam,Plateau,2025-08-02,Medium,1200
2302,Sokoto,Sokoto,2024-10-20,Extra Large,3500
2303,Kazaure,Jigawa,2025-08-21,Extra Large,3500
2304,Omu-Aran,Kwara,2025-10-01,Large,2200
2305,Awka,Anambra,2025-11-24,Small,500
2306,Ogoja,Cross River,2024-06-20,Large,2200
2307,Numan,Adamawa,2026-04-21,Extra Large,3500
2308,Katsina-Ala,Benue,2025-04-12,Large,2200
2309,Kaiama,Kwara,2025-02-13,Large,2200
2310,Onitsha,Anambra,2025-05-02,Medium,1200
2311,Okigwe,Imo,2026-02-28,Small,500
2312,Misau,Bauchi,2025-09-14,Small,500
2313,Okene,Kogi,2025-05-29,Small,500
2314,Gashua,Yobe,2025-11-26,Small,500
2315,Iseyin,Oyo,2025-01-14,Extra Large,3500
2316,Kaduna,Kaduna,2026-02-10,Extra Large,3500
2317,Numan,Adamawa,2025-05-24,Extra Large,3500
2318,Akwanga,Nasarawa,2025-08-06,Small,500
2319,Port Harcourt,Rivers,2024-06-28,Medium,1200
2320,Kabba,Kogi,2025-11-10,Large,2200
2321,Ishieke,Ebonyi,2025-08-20,Large,2200
2322,Epe,Lagos,2025-01-11,Medium,1200
2323,Port Harcourt,Rivers,2025-08-12,Medium,1200
2324,Bichi,Kano,2024-05-29,Small,500
2325,Dutsin-Ma,Katsina,2026-04-16,Extra Large,3500
2326,Dukku,Gombe,2025-09-04,Small,500
2327,Vandeikya,Benue,2025-02-13,Large,2200
2328,Kaduna,Kaduna,2025-10-29,Extra Large,3500
2329,Ondo City,Ondo,2026-04-02,Large,2200
2330,Misau,Bauchi,2025-03-07,Large,2200
2331,Idanre,Ondo,2024-05-04,Large,2200
2332,Igbara-Odo,Ekiti,2024-11-02,Extra Large,3500
2333,Birnin Kudu,Jigawa,2025-05-05,Extra Large,3500
2334,Talata Mafara,Zamfara,2025-05-11,Small,500
2335,Wukari,Taraba,2025-06-25,Extra Large,3500
2336,Oji River,Enugu,2025-06-21,Large,2200
2337,Buni Yadi,Yobe,2025-03-18,Extra Large,3500
2338,Ogidi,Anambra,2025-02-06,Medium,1200
2339,Epe,Lagos,2025-11-12,Medium,1200
2340,Orlu,Imo,2025-07-01,Large,2200
2341,Ikare,Ondo,2025-04-27,Large,2200
2342,Azare,Bauchi,2025-01-04,Extra Large,3500
2343,Kafanchan,Kaduna,2024-05-14,Medium,1200
2344,Birnin Kudu,Jigawa,2024-07-12,Medium,1200
2345,Suleja,Niger,2025-02-25,Small,500
2346,Warri,Delta,2026-03-31,Small,500
2347,Okigwe,Imo,2024-07-20,Extra Large,3500
2348,Eleme,Rivers,2026-03-15,Extra Large,3500
2349,Akure,Ondo,2024-08-08,Medium,1200
2350,Onueke,Ebonyi,2024-12-10,Medium,1200
2351,Numan,Adamawa,2025-03-25,Large,2200
2352,Talata Mafara,Zamfara,2024-09-25,Small,500
2353,Port Harcourt,Rivers,2025-04-15,Small,500
2354,Sagbama,Bayelsa,2025-04-10,Large,2200
2355,Dass,Bauchi,2025-03-13,Large,2200
2356,Oporoma,Bayelsa,2025-09-18,Medium,1200
2357,Owerri,Imo,2024-12-16,Small,500
2358,Gembu,Taraba,2024-12-02,Large,2200
2359,Port Harcourt,Rivers,2025-12-10,Medium,1200
2360,Monguno,Borno,2024-07-20,Large,2200
2361,Keffi,Nasarawa,2026-01-07,Extra Large,3500
2362,Nsukka,Enugu,2025-08-13,Small,500
2363,Auchi,Edo,2025-09-03,Large,2200
2364,Ede,Osun,2024-08-25,Large,2200
2365,Ekwulobia,Anambra,2026-04-16,Large,2200
2366,Monguno,Borno,2024-10-22,Extra Large,3500
2367,Barkin Ladi,Plateau,2024-09-01,Large,2200
2368,Sapele,Delta,2024-08-22,Extra Large,3500
2369,Badagry,Lagos,2025-06-10,Small,500
2370,Uyo,Akwa Ibom,2026-03-28,Medium,1200
2371,Birnin Kudu,Jigawa,2024-10-13,Extra Large,3500
2372,Funtua,Katsina,2025-02-17,Small,500
2373,Potiskum,Yobe,2024-09-08,Extra Large,3500
2374,Lafia,Nasarawa,2025-08-08,Extra Large,3500
2375,Gumel,Jigawa,2025-03-08,Small,500
2376,Okigwe,Imo,2024-05-18,Medium,1200
2377,Ohaozara,Ebonyi,2025-07-19,Large,2200
2378,Abeokuta,Ogun,2024-09-18,Large,2200
2379,Oporoma,Bayelsa,2025-07-03,Extra Large,3500
2380,Sagamu,Ogun,2025-02-05,Extra Large,3500
2381,Otukpo,Benue,2025-09-24,Large,2200
2382,Sokoto,Sokoto,2024-09-24,Large,2200
2383,Ota,Ogun,2025-10-28,Large,2200
2384,Ibadan,Oyo,2025-12-09,Small,500
2385,Uromi,Edo,2024-06-11,Medium,1200
2386,Arochukwu,Abia,2024-07-10,Medium,1200
2387,Funtua,Katsina,2026-01-24,Small,500
2388,Biu,Borno,2024-09-10,Medium,1200
2389,Wukari,Taraba,2024-12-21,Extra Large,3500
2390,Zuru,Kebbi,2025-03-27,Extra Large,3500
2391,Ogoja,Cross River,2024-11-04,Medium,1200
2392,Yauri,Kebbi,2026-01-17,Medium,1200
2393,Oporoma,Bayelsa,2025-05-17,Large,2200
2394,Uromi,Edo,2025-08-07,Extra Large,3500
2395,Gombe,Gombe,2025-07-07,Small,500
2396,Tsafe,Zamfara,2025-07-17,Medium,1200
2397,Oporoma,Bayelsa,2025-06-30,Medium,1200
2398,Hadejia,Jigawa,2025-01-06,Small,500
2399,Rijau,Niger,2026-01-05,Extra Large,3500
2400,Hadejia,Jigawa,2025-07-22,Small,500
2401,Ikeja,Lagos,2025-12-12,Small,500
2402,Isuikwuato,Abia,2025-09-25,Extra Large,3500
2403,Iseyin,Oyo,2024-11-30,Small,500
2404,Biu,Gombe,2025-07-20,Medium,1200
2405,Kafanchan,Kaduna,2024-06-27,Extra Large,3500
2406,Keffi,Nasarawa,2024-08-02,Extra Large,3500
2407,Udi,Enugu,2024-07-22,Medium,1200
2408,Wudil,Kano,2024-12-06,Extra Large,3500
2409,Uromi,Edo,2024-09-07,Medium,1200
2410,Numan,Adamawa,2025-09-15,Large,2200
2411,Oguta,Imo,2025-05-05,Extra Large,3500
2412,Okigwe,Imo,2025-02-26,Extra Large,3500
2413,Yenagoa,Bayelsa,2024-08-05,Extra Large,3500
2414,Ogoja,Cross River,2025-02-01,Extra Large,3500
2415,Oji River,Enugu,2024-09-09,Extra Large,3500
2416,Dutse,Jigawa,2025-08-04,Small,500
2417,Gusau,Zamfara,2025-09-15,Small,500
2418,Okene,Kogi,2025-08-11,Extra Large,3500
2419,Jebba,Kwara,2026-04-27,Small,500
2420,Ohafia,Abia,2025-06-06,Extra Large,3500
2421,Malumfashi,Katsina,2025-04-19,Large,2200
2422,Akamkpa,Cross River,2024-08-07,Small,500
2423,Ekpoma,Edo,2024-12-12,Medium,1200
2424,Gwadabawa,Sokoto,2025-03-22,Large,2200
2425,Ogbomoso,Oyo,2024-06-05,Small,500
2426,Kamba,Kebbi,2025-01-14,Extra Large,3500
2427,Sapele,Delta,2024-05-04,Small,500
2428,Birnin Kebbi,Kebbi,2024-08-04,Medium,1200
2429,Bori,Rivers,2025-12-13,Large,2200
2430,Owo,Ondo,2026-04-01,Large,2200
2431,Birnin Kudu,Jigawa,2025-05-01,Large,2200
2432,Ondo City,Ondo,2025-04-23,Large,2200
2433,Omoku,Rivers,2025-09-09,Extra Large,3500
2434,Onitsha,Anambra,2025-02-24,Medium,1200
2435,Onitsha,Anambra,2025-12-31,Medium,1200
2436,Oron,Akwa Ibom,2025-04-19,Large,2200
2437,Ohaozara,Ebonyi,2024-06-26,Extra Large,3500
2438,Gwoza,Borno,2024-05-19,Small,500
2439,Ilesa,Osun,2025-11-04,Extra Large,3500
2440,Iseyin,Oyo,2024-11-26,Small,500
2441,Asaba,Delta,2024-11-13,Large,2200
2442,Brass,Bayelsa,2025-05-24,Large,2200
2443,Auchi,Edo,2024-08-27,Large,2200
2444,Udi,Enugu,2025-03-27,Small,500
2445,Gembu,Taraba,2025-10-21,Medium,1200
2446,Abeokuta,Ogun,2025-11-07,Medium,1200
2447,Port Harcourt,Rivers,2025-06-02,Large,2200
2448,Numan,Adamawa,2024-07-18,Small,500
2449,Bida,Niger,2024-07-19,Small,500
2450,Argungu,Kebbi,2025-11-14,Small,500
2451,Oporoma,Bayelsa,2025-12-19,Extra Large,3500
2452,Oyo Town,Oyo,2025-01-20,Small,500
2453,Lokoja,Kogi,2025-12-19,Extra Large,3500
2454,Kamba,Kebbi,2024-05-27,Medium,1200
2455,Enugu,Enugu,2025-10-04,Large,2200
2456,Birnin Kebbi,Kebbi,2025-05-31,Small,500
2457,Tsafe,Zamfara,2026-04-20,Extra Large,3500
2458,Oporoma,Bayelsa,2024-07-10,Large,2200
2459,Auchi,Edo,2025-12-24,Extra Large,3500
2460,Yenagoa,Bayelsa,2025-10-28,Medium,1200
2461,Ohaozara,Ebonyi,2024-11-30,Extra Large,3500
2462,Wudil,Kano,2026-04-27,Small,500
2463,Malumfashi,Katsina,2025-03-21,Extra Large,3500
2464,Dutsin-Ma,Katsina,2025-01-06,Medium,1200
2465,Ilorin,Kwara,2025-12-15,Large,2200
2466,Tambuwal,Sokoto,2025-03-13,Extra Large,3500
2467,Ede,Osun,2026-04-23,Extra Large,3500
2468,Saminaka,Kaduna,2025-11-14,Extra Large,3500
2469,Oporoma,Bayelsa,2024-10-17,Large,2200
2470,Uromi,Edo,2025-12-10,Extra Large,3500
2471,Yenagoa,Bayelsa,2025-06-30,Large,2200
2472,Ogbomoso,Oyo,2025-01-08,Medium,1200
2473,Eleme,Rivers,2025-09-28,Small,500
2474,Danbatta,Kano,2025-08-02,Extra Large,3500
2475,Oporoma,Bayelsa,2024-08-26,Large,2200
2476,Warri,Delta,2024-08-06,Large,2200
2477,Oguta,Imo,2024-09-25,Extra Large,3500
2478,Rano,Kano,2024-09-25,Small,500
2479,Gusau,Zamfara,2024-06-09,Small,500
2480,Sokoto,Sokoto,2025-01-08,Extra Large,3500
2481,Abeokuta,Ogun,2024-11-18,Extra Large,3500
2482,Gumel,Jigawa,2025-05-25,Large,2200
2483,Nembe,Bayelsa,2024-12-19,Small,500
2484,Gwoza,Borno,2025-09-23,Medium,1200
2485,Uromi,Edo,2024-11-24,Small,500
2486,Oporoma,Bayelsa,2024-11-08,Large,2200
2487,Kamba,Kebbi,2026-01-14,Extra Large,3500
2488,Ejigbo,Osun,2026-04-17,Large,2200
2489,Okene,Kogi,2025-09-05,Medium,1200
2490,Benin City,Edo,2024-07-05,Large,2200
2491,Katsina-Ala,Benue,2026-03-31,Small,500
2492,Arochukwu,Abia,2025-11-22,Small,500
2493,Umuahia,Abia,2026-02-27,Extra Large,3500
2494,Iseyin,Oyo,2026-04-22,Extra Large,3500
2495,Dutsin-Ma,Katsina,2026-01-20,Large,2200
2496,Bida,Niger,2024-07-28,Small,500
2497,Ikom,Cross River,2026-01-20,Small,500
2498,Ado-Ekiti,Ekiti,2024-10-26,Small,500
2499,Ado-Ekiti,Ekiti,2025-09-29,Medium,1200
2500,Barkin Ladi,Plateau,2025-12-23,Medium,1200
2501,Idanre,Ondo,2025-11-04,Medium,1200
2502,Sagbama,Bayelsa,2025-09-03,Extra Large,3500
2503,Ughelli,Delta,2025-04-19,Extra Large,3500
2504,Yola,Adamawa,2025-06-23,Medium,1200
2505,Ughelli,Delta,2024-11-09,Extra Large,3500
2506,Jos,Plateau,2025-02-23,Extra Large,3500
2507,Orlu,Imo,2025-03-23,Large,2200
2508,Minna,Niger,2025-08-03,Large,2200
2509,Aba,Abia,2026-01-30,Extra Large,3500
2510,Ilaro,Ogun,2024-07-04,Large,2200
2511,Oron,Akwa Ibom,2025-05-08,Extra Large,3500
2512,Eleme,Rivers,2024-11-16,Extra Large,3500
2513,Gombe,Gombe,2026-03-12,Small,500
2514,Idanre,Ondo,2025-01-21,Large,2200
2515,Gusau,Zamfara,2026-03-22,Large,2200
2516,Ilaro,Ogun,2024-12-22,Small,500
2517,Eleme,Rivers,2024-04-28,Large,2200
2518,Ede,Osun,2025-11-13,Small,500
2519,Onueke,Ebonyi,2025-10-14,Medium,1200
2520,Pankshin,Plateau,2025-10-13,Extra Large,3500
2521,Dukku,Gombe,2025-03-28,Medium,1200
2522,Ankpa,Kogi,2025-08-25,Extra Large,3500
2523,Ogoja,Cross River,2025-01-13,Extra Large,3500
2524,Sagamu,Ogun,2024-06-12,Extra Large,3500
2525,Ishieke,Ebonyi,2025-05-22,Medium,1200
2526,Kano,Kano,2024-10-03,Extra Large,3500
2527,Ikom,Cross River,2025-03-07,Medium,1200
2528,Ishieke,Ebonyi,2024-09-28,Extra Large,3500
2529,Katsina-Ala,Benue,2024-11-09,Extra Large,3500
2530,Daura,Katsina,2025-12-23,Medium,1200
2531,Gusau,Zamfara,2024-12-29,Small,500
2532,Omu-Aran,Kwara,2025-06-23,Large,2200
2533,Afikpo,Ebonyi,2025-06-14,Small,500
2534,Misau,Bauchi,2025-04-16,Extra Large,3500
2535,Dikwa,Borno,2025-01-03,Medium,1200
2536,Dikwa,Borno,2025-09-07,Medium,1200
2537,Bori,Rivers,2024-06-01,Large,2200
2538,Ilorin,Kwara,2024-07-08,Large,2200
2539,Agbor,Delta,2025-11-21,Small,500
2540,Ekwulobia,Anambra,2025-03-28,Extra Large,3500
2541,Maiduguri,Borno,2024-07-26,Small,500
2542,Gusau,Zamfara,2026-01-13,Small,500
2543,Abakaliki,Ebonyi,2025-03-15,Medium,1200
2544,Ikeja,Lagos,2024-04-27,Large,2200
2545,Ejigbo,Osun,2026-03-28,Extra Large,3500
2546,Otukpo,Benue,2024-09-21,Large,2200
2547,Okene,Kogi,2025-09-12,Small,500
2548,Igbara-Odo,Ekiti,2024-08-01,Extra Large,3500
2549,Umuahia,Abia,2025-08-15,Extra Large,3500
2550,Idah,Kogi,2024-08-21,Medium,1200
2551,Sagbama,Bayelsa,2026-03-09,Large,2200
2552,Sagamu,Ogun,2024-11-13,Medium,1200
2553,Agbor,Delta,2025-08-18,Extra Large,3500
2554,Biu,Gombe,2024-10-27,Extra Large,3500
2555,Ilaro,Ogun,2025-01-23,Extra Large,3500
2556,Bali,Taraba,2026-02-16,Small,500
2557,Ile-Ife,Osun,2024-08-25,Small,500
2558,Jalingo,Taraba,2025-02-10,Small,500
2559,Idah,Kogi,2024-12-06,Extra Large,3500
2560,Ohaozara,Ebonyi,2025-09-20,Small,500
2561,Minna,Niger,2024-10-15,Medium,1200
2562,Ogidi,Anambra,2025-08-19,Large,2200
2563,Ilaro,Ogun,2025-09-23,Large,2200
2564,Yauri,Kebbi,2024-04-27,Small,500
2565,Saminaka,Kaduna,2025-04-10,Medium,1200
2566,Kontagora,Niger,2024-08-02,Medium,1200
2567,Buni Yadi,Yobe,2024-10-09,Extra Large,3500
2568,Kaiama,Kwara,2025-09-06,Medium,1200
2569,Katsina,Katsina,2024-05-03,Small,500
2570,Gashua,Yobe,2025-09-17,Extra Large,3500
2571,Akamkpa,Cross River,2025-12-15,Large,2200
2572,Enugu,Enugu,2026-04-19,Large,2200
2573,Bali,Taraba,2025-03-01,Medium,1200
2574,Yola,Adamawa,2024-08-01,Large,2200
2575,Okigwe,Imo,2024-06-17,Extra Large,3500
2576,Sokoto,Sokoto,2025-02-01,Small,500
2577,Badagry,Lagos,2025-10-13,Large,2200
2578,Maiduguri,Borno,2024-07-10,Small,500
2579,Ilesa,Osun,2024-12-12,Small,500
2580,Oyo Town,Oyo,2026-01-31,Medium,1200
2581,Buni Yadi,Yobe,2024-08-05,Medium,1200
2582,Omu-Aran,Kwara,2025-11-13,Large,2200
2583,Obudu,Cross River,2025-10-29,Medium,1200
2584,Gboko,Benue,2024-08-02,Medium,1200
2585,Epe,Lagos,2026-04-22,Small,500
2586,Ughelli,Delta,2024-08-09,Extra Large,3500
2587,Yenagoa,Bayelsa,2025-05-19,Small,500
2588,Ondo City,Ondo,2024-05-03,Extra Large,3500
2589,Oji River,Enugu,2025-08-15,Small,500
2590,Ikorodu,Lagos,2025-03-14,Extra Large,3500
2591,Tsafe,Zamfara,2025-10-07,Extra Large,3500
2592,Birnin Kudu,Jigawa,2025-07-30,Extra Large,3500
2593,Ikare,Ondo,2024-08-15,Extra Large,3500
2594,Ijebu-Ode,Ogun,2025-02-21,Medium,1200
2595,Tambuwal,Sokoto,2025-09-10,Extra Large,3500
2596,Ogbomoso,Oyo,2026-01-15,Small,500
2597,Oji River,Enugu,2024-06-29,Extra Large,3500
2598,Eket,Akwa Ibom,2024-07-09,Large,2200
2599,Dikwa,Borno,2025-10-29,Extra Large,3500
2600,Maiduguri,Borno,2025-07-01,Large,2200
2601,Kano,Kano,2025-02-01,Medium,1200
2602,Monguno,Borno,2026-04-01,Large,2200
2603,Badagry,Lagos,2024-12-12,Large,2200
2604,Port Harcourt,Rivers,2024-08-07,Medium,1200
2605,Agbor,Delta,2024-11-15,Extra Large,3500
2606,Nnewi,Anambra,2024-06-27,Large,2200
2607,Nsukka,Enugu,2025-06-05,Extra Large,3500
2608,Aba,Abia,2025-07-09,Large,2200
2609,Bauchi,Bauchi,2025-07-15,Extra Large,3500
2610,Shendam,Plateau,2025-11-17,Large,2200
2611,Ilesa,Osun,2025-09-13,Extra Large,3500
2612,Shendam,Plateau,2026-01-06,Medium,1200
2613,Akamkpa,Cross River,2025-08-21,Extra Large,3500
2614,Ede,Osun,2024-12-03,Medium,1200
2615,Birnin Kebbi,Kebbi,2025-05-10,Extra Large,3500
2616,Keffi,Nasarawa,2025-05-04,Extra Large,3500
2617,Ankpa,Kogi,2025-10-25,Small,500
2618,Ilesa,Osun,2024-11-29,Small,500
2619,Abakaliki,Ebonyi,2024-06-05,Large,2200
2620,Gusau,Zamfara,2026-02-12,Small,500
2621,Efon,Ekiti,2026-03-25,Small,500
2622,Wukari,Taraba,2025-04-23,Extra Large,3500
2623,Sokoto,Sokoto,2024-07-18,Small,500
2624,Potiskum,Yobe,2025-04-27,Small,500
2625,Zaria,Kaduna,2025-07-05,Medium,1200
2626,Osogbo,Osun,2025-05-18,Large,2200
2627,Rijau,Niger,2026-04-11,Small,500
2628,Port Harcourt,Rivers,2026-04-18,Large,2200
2629,Ondo City,Ondo,2026-03-10,Extra Large,3500
2630,Futungo,Adamawa,2024-08-01,Large,2200
2631,Akwanga,Nasarawa,2026-01-16,Small,500
2632,Maiduguri,Borno,2025-06-16,Medium,1200
2633,Wudil,Kano,2025-01-19,Medium,1200
2634,Dutse,Jigawa,2025-09-08,Medium,1200
2635,Malumfashi,Katsina,2025-11-05,Medium,1200
2636,Ogidi,Anambra,2026-03-25,Large,2200
2637,Benin City,Edo,2025-11-11,Small,500
2638,Malumfashi,Katsina,2024-05-09,Small,500
2639,Argungu,Kebbi,2024-06-15,Extra Large,3500
2640,Yauri,Kebbi,2024-11-04,Extra Large,3500
2641,Maiduguri,Borno,2024-05-26,Medium,1200
2642,Oguta,Imo,2024-06-10,Medium,1200
2643,Eleme,Rivers,2025-11-24,Extra Large,3500
2644,Monguno,Borno,2025-05-02,Small,500
2645,Zuru,Kebbi,2025-07-30,Extra Large,3500
2646,Dass,Bauchi,2025-04-28,Small,500
2647,Ijebu-Ode,Ogun,2025-02-24,Small,500
2648,Saminaka,Kaduna,2025-09-22,Small,500
2649,Oguta,Imo,2024-06-26,Medium,1200
2650,Dutsin-Ma,Katsina,2025-05-24,Extra Large,3500
2651,Osogbo,Osun,2025-07-21,Medium,1200
2652,Sapele,Delta,2024-11-15,Medium,1200
2653,Oguta,Imo,2024-12-09,Extra Large,3500
2654,Kaura Namoda,Zamfara,2025-05-05,Small,500
2655,Arochukwu,Abia,2024-09-22,Large,2200
2656,Abakaliki,Ebonyi,2025-12-08,Small,500
2657,Pankshin,Plateau,2025-05-24,Large,2200
2658,Akwanga,Nasarawa,2025-02-06,Medium,1200
2659,Wamako,Sokoto,2025-08-03,Small,500
2660,Ishieke,Ebonyi,2025-12-28,Small,500
2661,Katsina,Katsina,2025-09-06,Extra Large,3500
2662,Biu,Borno,2024-06-14,Large,2200
2663,Ondo City,Ondo,2025-09-19,Large,2200
2664,Idah,Kogi,2025-10-12,Extra Large,3500
2665,Zaria,Kaduna,2026-01-05,Large,2200
2666,Okene,Kogi,2024-06-08,Extra Large,3500
2667,Lokoja,Kogi,2024-06-29,Medium,1200
2668,Isuikwuato,Abia,2025-03-10,Extra Large,3500
2669,Aba,Abia,2025-03-24,Medium,1200
2670,Ota,Ogun,2025-07-16,Extra Large,3500
2671,Rijau,Niger,2024-12-09,Small,500
2672,Jamaare,Bauchi,2025-10-21,Small,500
2673,Osogbo,Osun,2025-10-20,Large,2200
2674,Wamba,Nasarawa,2024-07-23,Large,2200
2675,Keffi,Nasarawa,2025-09-26,Small,500
2676,Gwoza,Borno,2025-09-21,Large,2200
2677,Igbara-Odo,Ekiti,2024-08-24,Small,500
2678,Gombe,Gombe,2026-03-24,Large,2200
2679,Offa,Kwara,2025-05-14,Small,500
2680,Daura,Katsina,2025-11-20,Medium,1200
2681,Bori,Rivers,2025-10-05,Small,500
2682,Kagoro,Kaduna,2024-08-27,Medium,1200
2683,Umuahia,Abia,2024-07-28,Extra Large,3500
2684,Monguno,Borno,2025-11-19,Extra Large,3500
2685,Ishieke,Ebonyi,2024-11-09,Medium,1200
2686,Benin City,Edo,2026-02-03,Medium,1200
2687,Azare,Bauchi,2025-11-11,Large,2200
2688,Dukku,Gombe,2024-05-18,Large,2200
2689,Ado-Ekiti,Ekiti,2025-12-07,Large,2200
2690,Kaura Namoda,Zamfara,2024-11-11,Small,500
2691,Akure,Ondo,2024-06-12,Large,2200
2692,Ikare,Ondo,2025-09-29,Large,2200
2693,Dikwa,Borno,2025-06-22,Extra Large,3500
2694,Bori,Rivers,2024-06-22,Small,500
2695,Gombe,Gombe,2025-03-25,Large,2200
2696,Ota,Ogun,2025-01-15,Extra Large,3500
2697,Birnin Kebbi,Kebbi,2025-04-27,Extra Large,3500
2698,Omuo-Ekiti,Ekiti,2025-06-15,Small,500
2699,Mubi,Adamawa,2025-01-20,Extra Large,3500
2700,Azare,Bauchi,2024-10-30,Medium,1200
2701,Onueke,Ebonyi,2024-07-11,Large,2200
2702,Bauchi,Bauchi,2025-06-20,Small,500
2703,Langtang,Plateau,2025-10-07,Small,500
2704,Idah,Kogi,2024-10-10,Medium,1200
2705,Katsina-Ala,Benue,2025-05-03,Medium,1200
2706,Lokoja,Kogi,2024-05-29,Large,2200
2707,Wukari,Taraba,2026-01-17,Small,500
2708,Osogbo,Osun,2024-10-22,Extra Large,3500
2709,Maiduguri,Borno,2025-04-06,Small,500
2710,Oron,Akwa Ibom,2025-01-31,Large,2200
2711,Azare,Bauchi,2024-08-14,Small,500
2712,Osogbo,Osun,2026-03-08,Large,2200
2713,Akure,Ondo,2026-01-13,Small,500
2714,Ogidi,Anambra,2025-06-05,Small,500
2715,Danbatta,Kano,2026-02-24,Extra Large,3500
2716,Vandeikya,Benue,2025-10-20,Extra Large,3500
2717,Dukku,Gombe,2025-02-27,Small,500
2718,Iseyin,Oyo,2024-12-18,Extra Large,3500
2719,Idanre,Ondo,2025-02-25,Small,500
2720,Lokoja,Kogi,2025-10-05,Extra Large,3500
2721,Bali,Taraba,2024-11-11,Medium,1200
2722,Makurdi,Benue,2024-06-22,Small,500
2723,Jamaare,Bauchi,2025-01-24,Medium,1200
2724,Akamkpa,Cross River,2025-04-28,Large,2200
2725,Kaiama,Kwara,2026-02-15,Extra Large,3500
2726,Ile-Ife,Osun,2024-09-05,Medium,1200
2727,Calabar,Cross River,2025-12-05,Small,500
2728,Ogoja,Cross River,2026-04-14,Extra Large,3500
2729,Wamako,Sokoto,2026-03-25,Large,2200
2730,Potiskum,Yobe,2024-06-16,Medium,1200
2731,Pankshin,Plateau,2025-04-01,Large,2200
2732,Bichi,Kano,2024-11-19,Small,500
2733,Gembu,Taraba,2026-01-04,Medium,1200
2734,Onitsha,Anambra,2024-12-22,Small,500
2735,Owo,Ondo,2025-06-05,Medium,1200
2736,Ikere-Ekiti,Ekiti,2024-05-02,Small,500
2737,Okene,Kogi,2024-09-20,Extra Large,3500
2738,Saki,Oyo,2025-06-13,Large,2200
2739,Ankpa,Kogi,2024-12-05,Large,2200
2740,Sagamu,Ogun,2025-07-26,Medium,1200
2741,Katsina-Ala,Benue,2025-04-01,Small,500
2742,Omoku,Rivers,2025-07-03,Small,500
2743,Biu,Gombe,2025-04-22,Extra Large,3500
2744,Nsukka,Enugu,2025-11-12,Extra Large,3500
2745,Kabba,Kogi,2024-09-16,Medium,1200
2746,Suleja,Niger,2026-02-14,Small,500
2747,Lagos,Lagos,2025-11-03,Small,500
2748,Ilorin,Kwara,2024-10-23,Small,500
2749,Sapele,Delta,2024-05-01,Extra Large,3500
2750,Efon,Ekiti,2025-02-20,Large,2200
2751,Uyo,Akwa Ibom,2024-10-14,Medium,1200
2752,Omuo-Ekiti,Ekiti,2025-01-05,Medium,1200
2753,Kaltungo,Gombe,2025-12-31,Medium,1200
2754,Ankpa,Kogi,2026-01-28,Medium,1200
2755,Auchi,Edo,2026-03-23,Small,500
2756,Ekpoma,Edo,2024-04-28,Small,500
2757,Mubi,Adamawa,2025-08-20,Extra Large,3500
2758,Monguno,Borno,2026-01-07,Medium,1200
2759,Malumfashi,Katsina,2025-10-10,Medium,1200
2760,Badagry,Lagos,2024-07-11,Medium,1200
2761,Gembu,Taraba,2025-05-19,Extra Large,3500
2762,Bauchi,Bauchi,2024-10-18,Medium,1200
2763,Ikom,Cross River,2025-04-21,Medium,1200
2764,Nguru,Yobe,2024-06-09,Large,2200
2765,Kamba,Kebbi,2026-04-25,Extra Large,3500
2766,Owerri,Imo,2025-09-29,Medium,1200
2767,Gashua,Yobe,2024-07-04,Medium,1200
2768,Argungu,Kebbi,2026-03-01,Small,500
2769,Zaria,Kaduna,2026-02-11,Extra Large,3500
2770,Enugu,Enugu,2025-05-11,Extra Large,3500
2771,Azare,Bauchi,2025-09-21,Extra Large,3500
2772,Wamako,Sokoto,2025-01-24,Extra Large,3500
2773,Mutum Biyu,Taraba,2026-04-09,Medium,1200
2774,Yauri,Kebbi,2024-06-28,Extra Large,3500
2775,Degema,Rivers,2024-07-05,Large,2200
2776,Rijau,Niger,2024-08-02,Small,500
2777,Nsukka,Enugu,2025-12-17,Medium,1200
2778,Ile-Ife,Osun,2024-06-20,Extra Large,3500
2779,Agbani,Enugu,2025-06-16,Extra Large,3500
2780,Wamba,Nasarawa,2025-03-10,Medium,1200
2781,Badagry,Lagos,2026-04-01,Small,500
2782,Calabar,Cross River,2024-10-17,Large,2200
2783,Ejigbo,Osun,2024-11-03,Large,2200
2784,Dukku,Gombe,2024-12-13,Small,500
2785,Saki,Oyo,2025-12-03,Large,2200
2786,Ikare,Ondo,2025-09-21,Extra Large,3500
2787,Ikare,Ondo,2025-10-16,Large,2200
2788,Bori,Rivers,2024-12-15,Large,2200
2789,Lafia,Nasarawa,2024-11-11,Medium,1200
2790,Ile-Ife,Osun,2024-06-20,Large,2200
2791,Misau,Bauchi,2024-09-22,Small,500
2792,Rano,Kano,2025-11-18,Small,500
2793,Zaria,Kaduna,2025-06-28,Small,500
2794,Maiduguri,Borno,2024-08-18,Large,2200
2795,Abak,Akwa Ibom,2024-08-25,Medium,1200
2796,Okene,Kogi,2025-04-02,Large,2200
2797,Gumel,Jigawa,2025-02-18,Large,2200
2798,Efon,Ekiti,2025-05-23,Medium,1200
2799,Gashua,Yobe,2026-04-02,Small,500
2800,Funtua,Katsina,2024-09-25,Large,2200
2801,Kontagora,Niger,2024-12-08,Small,500
2802,Shendam,Plateau,2024-11-06,Medium,1200
2803,Suleja,Niger,2024-07-23,Medium,1200
2804,Oji River,Enugu,2024-08-20,Medium,1200
2805,Gembu,Taraba,2025-09-10,Extra Large,3500
2806,Oyo Town,Oyo,2025-12-22,Small,500
2807,Argungu,Kebbi,2025-09-18,Extra Large,3500
2808,Ijebu-Ode,Ogun,2024-05-26,Extra Large,3500
2809,Ejigbo,Osun,2025-12-29,Small,500
2810,Ikeja,Lagos,2024-12-22,Medium,1200
2811,Katsina,Katsina,2024-07-02,Extra Large,3500
2812,Omu-Aran,Kwara,2024-10-25,Medium,1200
2813,Ilaro,Ogun,2025-01-12,Extra Large,3500
2814,Gashua,Yobe,2025-05-07,Large,2200
2815,Futungo,Adamawa,2025-09-04,Small,500
2816,Ikom,Cross River,2024-11-03,Large,2200
2817,Kontagora,Niger,2026-04-21,Medium,1200
2818,Minna,Niger,2024-05-19,Extra Large,3500
2819,Igbara-Odo,Ekiti,2025-02-16,Small,500
2820,Ankpa,Kogi,2025-03-23,Extra Large,3500
2821,Katsina,Katsina,2025-10-25,Medium,1200
2822,Vandeikya,Benue,2024-10-26,Medium,1200
2823,Abak,Akwa Ibom,2025-03-30,Extra Large,3500
2824,Mubi,Adamawa,2025-12-05,Medium,1200
2825,Dass,Bauchi,2024-08-07,Large,2200
2826,Nsukka,Enugu,2024-05-05,Large,2200
2827,Jalingo,Taraba,2025-12-25,Extra Large,3500
2828,Nnewi,Anambra,2026-04-15,Small,500
2829,Onueke,Ebonyi,2024-07-31,Extra Large,3500
2830,Suleja,Niger,2025-12-20,Small,500
2831,Akamkpa,Cross River,2025-01-24,Extra Large,3500
2832,Jos,Plateau,2025-07-31,Extra Large,3500
2833,Nsukka,Enugu,2025-08-11,Medium,1200
2834,Malumfashi,Katsina,2025-06-26,Extra Large,3500
2835,Ishieke,Ebonyi,2024-11-02,Large,2200
2836,Efon,Ekiti,2025-12-12,Extra Large,3500
2837,Zaria,Kaduna,2024-05-12,Small,500
2838,Ughelli,Delta,2024-06-13,Small,500
2839,Rijau,Niger,2026-02-15,Medium,1200
2840,Bali,Taraba,2025-03-17,Extra Large,3500
2841,Iseyin,Oyo,2024-07-30,Small,500
2842,Sagbama,Bayelsa,2026-02-17,Extra Large,3500
2843,Omu-Aran,Kwara,2025-12-24,Extra Large,3500
2844,Uromi,Edo,2024-12-25,Medium,1200
2845,Irrua,Edo,2024-05-28,Extra Large,3500
2846,Iseyin,Oyo,2025-03-29,Medium,1200
2847,Katsina-Ala,Benue,2024-08-27,Small,500
2848,Orlu,Imo,2025-06-20,Large,2200
2849,Gashua,Yobe,2025-12-18,Small,500
2850,Oji River,Enugu,2025-02-09,Extra Large,3500
2851,Gusau,Zamfara,2024-05-18,Large,2200
2852,Bauchi,Bauchi,2025-09-08,Large,2200
2853,Ilaro,Ogun,2024-08-31,Medium,1200
2854,Hadejia,Jigawa,2024-09-30,Small,500
2855,Ibadan,Oyo,2024-09-10,Small,500
2856,Iseyin,Oyo,2024-11-17,Large,2200
2857,Suleja,Niger,2026-02-01,Extra Large,3500
2858,Uyo,Akwa Ibom,2024-05-22,Large,2200
2859,Biu,Borno,2025-07-23,Large,2200
2860,Iseyin,Oyo,2024-10-23,Extra Large,3500
2861,Bauchi,Bauchi,2024-11-28,Medium,1200
2862,Ile-Ife,Osun,2025-02-22,Extra Large,3500
2863,Zaria,Kaduna,2025-06-03,Medium,1200
2864,Futungo,Adamawa,2024-06-10,Small,500
2865,Ekpoma,Edo,2024-11-17,Small,500
2866,Nguru,Yobe,2024-08-05,Medium,1200
2867,Bauchi,Bauchi,2024-09-19,Large,2200
2868,Ughelli,Delta,2026-02-02,Large,2200
2869,Auchi,Edo,2025-05-16,Small,500
2870,Potiskum,Yobe,2025-08-01,Extra Large,3500
2871,Ogidi,Anambra,2025-12-04,Small,500
2872,Akwanga,Nasarawa,2025-11-29,Extra Large,3500
2873,Ogidi,Anambra,2026-04-20,Small,500
2874,Ekwulobia,Anambra,2025-11-19,Medium,1200
2875,Okigwe,Imo,2025-01-14,Medium,1200
2876,Ado-Ekiti,Ekiti,2025-05-30,Small,500
2877,Abeokuta,Ogun,2025-04-16,Small,500
2878,Okene,Kogi,2026-02-23,Small,500
2879,Gombe,Gombe,2025-04-29,Medium,1200
2880,Abakaliki,Ebonyi,2025-02-04,Extra Large,3500
2881,Sokoto,Sokoto,2024-09-05,Large,2200
2882,Kamba,Kebbi,2024-12-16,Medium,1200
2883,Udi,Enugu,2024-10-04,Extra Large,3500
2884,Akure,Ondo,2026-02-10,Medium,1200
2885,Enugu,Enugu,2025-11-17,Large,2200
2886,Argungu,Kebbi,2024-06-08,Small,500
2887,Bida,Niger,2026-04-21,Small,500
2888,Keffi,Nasarawa,2025-05-19,Extra Large,3500
2889,Gombe,Gombe,2025-11-08,Large,2200
2890,Lagos,Lagos,2026-04-27,Small,500
2891,Oji River,Enugu,2026-04-08,Large,2200
2892,Port Harcourt,Rivers,2024-07-09,Medium,1200
2893,Dutse,Jigawa,2025-08-20,Large,2200
2894,Keffi,Nasarawa,2024-11-07,Large,2200
2895,Ekpoma,Edo,2025-12-14,Extra Large,3500
2896,Misau,Bauchi,2026-02-26,Small,500
2897,Ede,Osun,2024-06-06,Medium,1200
2898,Illela,Sokoto,2026-04-25,Small,500
2899,Gombe,Gombe,2024-10-04,Small,500
2900,Daura,Katsina,2026-01-05,Extra Large,3500
2901,Oguta,Imo,2025-11-30,Small,500
2902,Onitsha,Anambra,2025-01-11,Large,2200
2903,Bori,Rivers,2025-12-31,Medium,1200
2904,Ughelli,Delta,2026-01-04,Medium,1200
2905,Eket,Akwa Ibom,2024-09-02,Extra Large,3500
2906,Okene,Kogi,2025-07-04,Large,2200
2907,Birnin Kebbi,Kebbi,2025-12-07,Extra Large,3500
2908,Kano,Kano,2025-09-18,Medium,1200
2909,Idah,Kogi,2026-02-24,Medium,1200
2910,Udi,Enugu,2024-05-17,Small,500
2911,Orlu,Imo,2025-09-21,Extra Large,3500
2912,Bali,Taraba,2026-03-20,Medium,1200
2913,Osogbo,Osun,2025-06-12,Small,500
2914,Port Harcourt,Rivers,2025-06-12,Medium,1200
2915,Onitsha,Anambra,2024-09-11,Medium,1200
2916,Calabar,Cross River,2026-04-19,Medium,1200
2917,Talata Mafara,Zamfara,2026-01-31,Medium,1200
2918,Sokoto,Sokoto,2025-04-21,Extra Large,3500
2919,Oyo Town,Oyo,2024-12-08,Medium,1200
2920,Ikere-Ekiti,Ekiti,2025-04-20,Extra Large,3500
2921,Irrua,Edo,2024-07-01,Medium,1200
2922,Funtua,Katsina,2024-10-14,Extra Large,3500
2923,Omuo-Ekiti,Ekiti,2024-10-03,Extra Large,3500
2924,Sagbama,Bayelsa,2025-05-16,Extra Large,3500
2925,Keffi,Nasarawa,2024-04-27,Extra Large,3500
2926,Ede,Osun,2026-02-26,Extra Large,3500
2927,Ughelli,Delta,2024-09-21,Small,500
2928,Nassarawa,Nasarawa,2024-07-31,Small,500
2929,Dutsin-Ma,Katsina,2025-10-03,Medium,1200
2930,Talata Mafara,Zamfara,2026-02-27,Large,2200
2931,Nassarawa,Nasarawa,2026-01-04,Large,2200
2932,Oyo Town,Oyo,2024-12-19,Extra Large,3500
2933,Tsafe,Zamfara,2024-05-13,Extra Large,3500
2934,Misau,Bauchi,2025-06-29,Medium,1200
2935,Barkin Ladi,Plateau,2026-02-26,Medium,1200
2936,Ado-Ekiti,Ekiti,2025-11-14,Small,500
2937,Wamako,Sokoto,2026-01-05,Extra Large,3500
2938,Kontagora,Niger,2026-01-16,Extra Large,3500
2939,Epe,Lagos,2026-03-30,Extra Large,3500
2940,Dutsin-Ma,Katsina,2025-01-25,Small,500
2941,Abeokuta,Ogun,2026-03-16,Small,500
2942,Wamba,Nasarawa,2025-02-10,Medium,1200
2943,Igbara-Odo,Ekiti,2024-07-09,Large,2200
2944,Jebba,Kwara,2024-12-03,Extra Large,3500
2945,Lagos,Lagos,2024-08-04,Extra Large,3500
2946,Ondo City,Ondo,2024-08-20,Medium,1200
2947,Jos,Plateau,2026-03-21,Large,2200
2948,Mubi,Adamawa,2025-11-26,Large,2200
2949,Ogbomoso,Oyo,2026-03-30,Large,2200
2950,Oguta,Imo,2025-08-14,Medium,1200
2951,Aba,Abia,2024-09-01,Small,500
2952,Nassarawa,Nasarawa,2026-04-05,Small,500
2953,Wukari,Taraba,2025-09-15,Extra Large,3500
2954,Ohaozara,Ebonyi,2026-03-06,Large,2200
2955,Dutsin-Ma,Katsina,2025-11-23,Extra Large,3500
2956,Malumfashi,Katsina,2024-10-07,Small,500
2957,Vandeikya,Benue,2025-07-01,Large,2200
2958,Sapele,Delta,2024-09-02,Medium,1200
2959,Bida,Niger,2024-12-07,Small,500
2960,Ohaozara,Ebonyi,2025-09-12,Small,500
2961,Makurdi,Benue,2024-07-29,Extra Large,3500
2962,Mutum Biyu,Taraba,2025-10-11,Large,2200
2963,Ondo City,Ondo,2026-03-21,Medium,1200
2964,Ikeja,Lagos,2026-03-21,Medium,1200
2965,Igbara-Odo,Ekiti,2025-02-07,Medium,1200
2966,Sokoto,Sokoto,2026-04-23,Extra Large,3500
2967,Nsukka,Enugu,2026-04-02,Medium,1200
2968,Onitsha,Anambra,2024-05-20,Medium,1200
2969,Kazaure,Jigawa,2025-07-11,Extra Large,3500
2970,Otukpo,Benue,2026-03-01,Small,500
2971,Kano,Kano,2026-04-04,Extra Large,3500
2972,Monguno,Borno,2024-10-05,Small,500
2973,Lokoja,Kogi,2025-06-14,Medium,1200
2974,Langtang,Plateau,2026-03-12,Small,500
2975,Aba,Abia,2024-08-07,Large,2200
2976,Isuikwuato,Abia,2025-10-23,Small,500
2977,Otukpo,Benue,2024-10-17,Small,500
2978,Wamba,Nasarawa,2026-04-15,Large,2200
2979,Degema,Rivers,2024-08-27,Large,2200
2980,Owo,Ondo,2026-02-03,Large,2200
2981,Idah,Kogi,2024-06-30,Medium,1200
2982,Epe,Lagos,2025-09-27,Extra Large,3500
2983,Nnewi,Anambra,2025-08-07,Large,2200
2984,Makurdi,Benue,2026-02-04,Extra Large,3500
2985,Suleja,Niger,2025-03-19,Small,500
2986,Dikwa,Borno,2024-11-06,Large,2200
2987,Okigwe,Imo,2024-10-26,Extra Large,3500
2988,Shendam,Plateau,2024-06-15,Extra Large,3500
2989,Ado-Ekiti,Ekiti,2024-10-31,Large,2200
2990,Numan,Adamawa,2024-07-14,Small,500
2991,Zuru,Kebbi,2024-04-27,Medium,1200
2992,Degema,Rivers,2025-02-03,Small,500
2993,Kaiama,Kwara,2025-10-14,Extra Large,3500
2994,Katsina-Ala,Benue,2026-04-05,Large,2200
2995,Ikere-Ekiti,Ekiti,2026-02-02,Small,500
2996,Obudu,Cross River,2025-04-22,Small,500
2997,Dutsin-Ma,Katsina,2025-01-28,Extra Large,3500
2998,Ohaozara,Ebonyi,2025-05-31,Small,500
2999,Shendam,Plateau,2024-07-10,Medium,1200
3000,Orlu,Imo,2025-04-12,Medium,1200
3001,Yenagoa,Bayelsa,2026-01-18,Extra Large,3500
3002,Mubi,Adamawa,2025-08-15,Large,2200
3003,Akwanga,Nasarawa,2025-09-11,Medium,1200
3004,Kazaure,Jigawa,2024-08-23,Small,500
3005,Akamkpa,Cross River,2024-06-19,Extra Large,3500
3006,Sagbama,Bayelsa,2026-01-05,Medium,1200
3007,Misau,Bauchi,2024-11-28,Extra Large,3500
3008,Wamba,Nasarawa,2024-12-15,Extra Large,3500
3009,Biu,Gombe,2026-03-23,Large,2200
3010,Monguno,Borno,2024-06-20,Small,500
3011,Maiduguri,Borno,2024-08-29,Large,2200
3012,Ado-Ekiti,Ekiti,2025-01-26,Large,2200
3013,Ogoja,Cross River,2025-10-14,Extra Large,3500
3014,Ohafia,Abia,2025-05-31,Small,500
3015,Potiskum,Yobe,2026-02-12,Extra Large,3500
3016,Owo,Ondo,2024-07-04,Large,2200
3017,Akamkpa,Cross River,2025-07-05,Medium,1200
3018,Katsina-Ala,Benue,2025-07-19,Small,500
3019,Nguru,Yobe,2025-04-14,Large,2200
3020,Sapele,Delta,2024-05-19,Medium,1200
3021,Degema,Rivers,2026-03-16,Medium,1200
3022,Wudil,Kano,2024-08-25,Small,500
3023,Yauri,Kebbi,2026-02-06,Small,500
3024,Saminaka,Kaduna,2024-08-19,Extra Large,3500
3025,Oji River,Enugu,2024-07-10,Large,2200
3026,Lafia,Nasarawa,2024-09-24,Large,2200
3027,Warri,Delta,2024-09-12,Medium,1200
3028,Onitsha,Anambra,2025-09-18,Extra Large,3500
3029,Bida,Niger,2025-10-06,Medium,1200
3030,Futungo,Adamawa,2025-10-12,Extra Large,3500
3031,Kabba,Kogi,2024-11-06,Extra Large,3500
3032,Kaiama,Kwara,2024-11-18,Extra Large,3500
3033,Jamaare,Bauchi,2024-10-17,Large,2200
3034,Wudil,Kano,2024-06-02,Extra Large,3500
3035,Otukpo,Benue,2025-06-18,Large,2200
3036,Nnewi,Anambra,2025-12-31,Extra Large,3500
3037,Ishieke,Ebonyi,2024-08-17,Medium,1200
3038,Ede,Osun,2025-01-15,Large,2200
3039,Warri,Delta,2025-03-05,Medium,1200
3040,Ado-Ekiti,Ekiti,2024-11-28,Large,2200
3041,Otukpo,Benue,2025-08-23,Extra Large,3500
3042,Ondo City,Ondo,2025-07-09,Small,500
3043,Gboko,Benue,2024-09-19,Extra Large,3500
3044,Benin City,Edo,2024-05-15,Small,500
3045,Wamako,Sokoto,2024-08-29,Extra Large,3500
3046,Ughelli,Delta,2024-11-26,Medium,1200
3047,Uyo,Akwa Ibom,2024-06-25,Medium,1200
3048,Kontagora,Niger,2026-01-03,Large,2200
3049,Uromi,Edo,2024-12-08,Small,500
3050,Iseyin,Oyo,2025-02-11,Large,2200
3051,Ilesa,Osun,2025-04-19,Small,500
3052,Maiduguri,Borno,2025-08-23,Small,500
3053,Gwoza,Borno,2024-07-02,Medium,1200
3054,Futungo,Adamawa,2025-05-29,Extra Large,3500
3055,Kaduna,Kaduna,2024-09-09,Medium,1200
3056,Nassarawa,Nasarawa,2026-02-03,Extra Large,3500
3057,Dutsin-Ma,Katsina,2025-01-22,Medium,1200
3058,Gboko,Benue,2025-03-18,Small,500
3059,Potiskum,Yobe,2024-11-05,Extra Large,3500
3060,Girei,Adamawa,2025-04-01,Extra Large,3500
3061,Jamaare,Bauchi,2024-10-09,Small,500
3062,Enugu,Enugu,2024-11-09,Medium,1200
3063,Benin City,Edo,2024-06-11,Extra Large,3500
3064,Birnin Kebbi,Kebbi,2025-10-28,Small,500
3065,Akamkpa,Cross River,2025-08-27,Medium,1200
3066,Abakaliki,Ebonyi,2024-06-28,Large,2200
3067,Uyo,Akwa Ibom,2025-01-03,Small,500
3068,Wamako,Sokoto,2025-05-27,Large,2200
3069,Potiskum,Yobe,2026-04-06,Extra Large,3500
3070,Umuahia,Abia,2025-07-02,Large,2200
3071,Abak,Akwa Ibom,2025-06-05,Large,2200
3072,Nguru,Yobe,2026-01-01,Medium,1200
3073,Bori,Rivers,2025-12-16,Large,2200
3074,Buni Yadi,Yobe,2025-02-27,Medium,1200
3075,Makurdi,Benue,2025-05-23,Medium,1200
3076,Eket,Akwa Ibom,2026-01-20,Medium,1200
3077,Daura,Katsina,2025-04-09,Medium,1200
3078,Talata Mafara,Zamfara,2026-01-31,Large,2200
3079,Zaria,Kaduna,2025-04-10,Extra Large,3500
3080,Jamaare,Bauchi,2024-06-23,Large,2200
3081,Kazaure,Jigawa,2026-02-15,Medium,1200
3082,Kontagora,Niger,2025-10-01,Small,500
3083,Kazaure,Jigawa,2025-04-29,Medium,1200
3084,Potiskum,Yobe,2026-02-14,Small,500
3085,Zaria,Kaduna,2025-12-03,Large,2200
3086,Illela,Sokoto,2025-09-04,Medium,1200
3087,Ijebu-Ode,Ogun,2025-07-24,Large,2200
3088,Ikare,Ondo,2024-07-23,Small,500
3089,Owerri,Imo,2025-11-01,Large,2200
3090,Dikwa,Borno,2024-08-31,Small,500
3091,Kaura Namoda,Zamfara,2026-04-16,Small,500
3092,Lokoja,Kogi,2026-04-07,Large,2200
3093,Idah,Kogi,2025-12-08,Medium,1200
3094,Kaltungo,Gombe,2024-07-28,Small,500
3095,Katsina-Ala,Benue,2025-03-02,Medium,1200
3096,Lafia,Nasarawa,2026-04-19,Small,500
3097,Irrua,Edo,2025-03-11,Large,2200
3098,Port Harcourt,Rivers,2026-04-26,Large,2200
3099,Rano,Kano,2025-07-29,Large,2200
3100,Makurdi,Benue,2025-12-27,Medium,1200
3101,Zuru,Kebbi,2024-11-01,Medium,1200
3102,Jebba,Kwara,2026-02-21,Extra Large,3500
3103,Shendam,Plateau,2026-02-24,Medium,1200
3104,Dutse,Jigawa,2024-06-14,Medium,1200
3105,Ikom,Cross River,2025-02-04,Extra Large,3500
3106,Kaduna,Kaduna,2025-02-11,Large,2200
3107,Oguta,Imo,2024-12-21,Extra Large,3500
3108,Ogbomoso,Oyo,2024-11-14,Extra Large,3500
3109,Kaiama,Kwara,2025-03-27,Large,2200
3110,Kagoro,Kaduna,2026-01-25,Medium,1200
3111,Katsina,Katsina,2025-11-22,Large,2200
3112,Sagamu,Ogun,2025-07-26,Small,500
3113,Yenagoa,Bayelsa,2025-05-13,Medium,1200
3114,Brass,Bayelsa,2025-02-27,Small,500
3115,Sagbama,Bayelsa,2025-02-23,Extra Large,3500
3116,Arochukwu,Abia,2024-08-13,Medium,1200
3117,Langtang,Plateau,2025-06-30,Small,500
3118,Minna,Niger,2025-11-02,Medium,1200
3119,Arochukwu,Abia,2026-03-14,Large,2200
3120,Oguta,Imo,2026-03-04,Small,500
3121,Ile-Ife,Osun,2025-06-12,Medium,1200
3122,Benin City,Edo,2024-07-09,Large,2200
3123,Akamkpa,Cross River,2024-11-22,Large,2200
3124,Ekwulobia,Anambra,2025-05-23,Extra Large,3500
3125,Keffi,Nasarawa,2025-01-03,Large,2200
3126,Monguno,Borno,2025-02-21,Medium,1200
3127,Damaturu,Yobe,2025-02-01,Large,2200
3128,Malumfashi,Katsina,2025-04-16,Large,2200
3129,Hadejia,Jigawa,2025-07-16,Small,500
3130,Suleja,Niger,2024-05-24,Large,2200
3131,Sokoto,Sokoto,2024-11-14,Extra Large,3500
3132,Port Harcourt,Rivers,2024-08-10,Large,2200
3133,Isuikwuato,Abia,2025-07-15,Extra Large,3500
3134,Idah,Kogi,2025-09-16,Large,2200
3135,Makurdi,Benue,2024-05-25,Large,2200
3136,Uromi,Edo,2026-02-06,Large,2200
3137,Aba,Abia,2024-12-25,Extra Large,3500
3138,Omoku,Rivers,2024-10-17,Small,500
3139,Gembu,Taraba,2025-10-24,Medium,1200
3140,Abeokuta,Ogun,2026-03-01,Extra Large,3500
3141,Umuahia,Abia,2026-02-11,Large,2200
3142,Deba,Gombe,2024-05-11,Extra Large,3500
3143,Badagry,Lagos,2025-12-15,Large,2200
3144,Ondo City,Ondo,2024-12-04,Large,2200
3145,Katsina-Ala,Benue,2024-11-17,Extra Large,3500
3146,Afikpo,Ebonyi,2025-04-21,Large,2200
3147,Akure,Ondo,2025-09-17,Large,2200
3148,Ado-Ekiti,Ekiti,2024-07-07,Medium,1200
3149,Kano,Kano,2026-01-22,Medium,1200
3150,Kontagora,Niger,2024-08-03,Large,2200
3151,Eket,Akwa Ibom,2026-04-09,Medium,1200
3152,Pankshin,Plateau,2025-03-16,Small,500
3153,Ilaro,Ogun,2025-12-21,Extra Large,3500
3154,Ogoja,Cross River,2024-11-09,Extra Large,3500
3155,Gwadabawa,Sokoto,2025-02-25,Medium,1200
3156,Maiduguri,Borno,2025-08-11,Small,500
3157,Ikom,Cross River,2024-09-11,Large,2200
3158,Sokoto,Sokoto,2024-09-28,Medium,1200
3159,Nnewi,Anambra,2025-12-20,Extra Large,3500
3160,Arochukwu,Abia,2025-10-20,Extra Large,3500
3161,Bichi,Kano,2025-11-03,Extra Large,3500
3162,Oporoma,Bayelsa,2026-01-20,Medium,1200
3163,Agbor,Delta,2025-12-18,Medium,1200
3164,Okigwe,Imo,2025-05-08,Small,500
3165,Hadejia,Jigawa,2024-08-21,Extra Large,3500
3166,Igbara-Odo,Ekiti,2024-12-10,Small,500
3167,Illela,Sokoto,2025-05-02,Medium,1200
3168,Efon,Ekiti,2024-08-04,Medium,1200
3169,Gombe,Gombe,2026-01-09,Medium,1200
3170,Minna,Niger,2026-01-29,Large,2200
3171,Ikere-Ekiti,Ekiti,2024-05-18,Extra Large,3500
3172,Futungo,Adamawa,2024-09-14,Medium,1200
3173,Yenagoa,Bayelsa,2025-12-26,Extra Large,3500
3174,Ota,Ogun,2025-12-29,Large,2200
3175,Biu,Gombe,2024-10-26,Large,2200
3176,Ikare,Ondo,2025-03-26,Small,500
3177,Gwadabawa,Sokoto,2026-02-27,Small,500
3178,Katsina,Katsina,2025-09-24,Large,2200
3179,Badagry,Lagos,2024-11-13,Large,2200
3180,Ijebu-Ode,Ogun,2025-12-19,Large,2200
3181,Onitsha,Anambra,2025-05-01,Small,500
3182,Aba,Abia,2025-08-04,Large,2200
3183,Agbani,Enugu,2024-07-26,Extra Large,3500
3184,Saminaka,Kaduna,2024-05-19,Small,500
3185,Ondo City,Ondo,2025-01-24,Large,2200
3186,Bori,Rivers,2025-07-05,Large,2200
3187,Katsina,Katsina,2024-09-03,Small,500
3188,Isuikwuato,Abia,2026-01-23,Medium,1200
3189,Idah,Kogi,2025-06-30,Large,2200
3190,Gembu,Taraba,2025-01-07,Large,2200
3191,Okigwe,Imo,2024-08-24,Medium,1200
3192,Lafia,Nasarawa,2026-02-09,Small,500
3193,Akamkpa,Cross River,2025-10-26,Small,500
3194,Abak,Akwa Ibom,2025-09-12,Medium,1200
3195,Igbara-Odo,Ekiti,2024-11-21,Small,500
3196,Jamaare,Bauchi,2025-02-03,Large,2200
3197,Malumfashi,Katsina,2024-08-24,Medium,1200
3198,Potiskum,Yobe,2025-06-19,Small,500
3199,Ikom,Cross River,2026-04-02,Extra Large,3500
3200,Anka,Zamfara,2026-01-13,Large,2200
3201,Epe,Lagos,2025-08-13,Small,500
3202,Akure,Ondo,2025-09-04,Extra Large,3500
3203,Ota,Ogun,2024-11-09,Small,500
3204,Ishieke,Ebonyi,2025-02-20,Large,2200
3205,Ogoja,Cross River,2024-05-11,Small,500
3206,Onitsha,Anambra,2025-11-18,Extra Large,3500
3207,Eleme,Rivers,2025-11-09,Small,500
3208,Ohaozara,Ebonyi,2024-05-03,Extra Large,3500
3209,Kaura Namoda,Zamfara,2026-02-22,Extra Large,3500
3210,Zaria,Kaduna,2025-08-13,Medium,1200
3211,Umuahia,Abia,2025-07-10,Medium,1200
3212,Isuikwuato,Abia,2024-05-03,Extra Large,3500
3213,Illela,Sokoto,2024-10-28,Large,2200
3214,Daura,Katsina,2025-12-06,Large,2200
3215,Saminaka,Kaduna,2024-12-06,Small,500
3216,Afikpo,Ebonyi,2026-04-03,Small,500
3217,Potiskum,Yobe,2025-08-09,Large,2200
3218,Eket,Akwa Ibom,2025-03-02,Large,2200
3219,Ogoja,Cross River,2025-01-27,Small,500
3220,Orlu,Imo,2025-01-06,Small,500
3221,Ohafia,Abia,2024-10-28,Large,2200
3222,Birnin Kebbi,Kebbi,2025-04-03,Large,2200
3223,Obudu,Cross River,2025-09-04,Large,2200
3224,Birnin Kebbi,Kebbi,2025-12-20,Small,500
3225,Offa,Kwara,2025-02-11,Large,2200
3226,Ekpoma,Edo,2024-07-10,Small,500
3227,Buni Yadi,Yobe,2025-05-05,Small,500
3228,Akwanga,Nasarawa,2025-08-24,Medium,1200
3229,Ile-Ife,Osun,2026-01-03,Large,2200
3230,Zaria,Kaduna,2025-01-25,Extra Large,3500
3231,Ughelli,Delta,2025-08-13,Medium,1200
3232,Owo,Ondo,2025-07-16,Medium,1200
3233,Jos,Plateau,2024-12-01,Extra Large,3500
3234,Uromi,Edo,2024-07-15,Medium,1200
3235,Auchi,Edo,2024-06-12,Extra Large,3500
3236,Ekpoma,Edo,2026-04-19,Small,500
3237,Daura,Katsina,2025-08-08,Medium,1200
3238,Rijau,Niger,2026-01-16,Medium,1200
3239,Azare,Bauchi,2024-11-03,Small,500
3240,Ondo City,Ondo,2025-09-28,Extra Large,3500
3241,Minna,Niger,2026-02-08,Medium,1200
3242,Isuikwuato,Abia,2024-12-01,Small,500
3243,Nassarawa,Nasarawa,2024-08-14,Small,500
3244,Maiduguri,Borno,2025-11-07,Small,500
3245,Ikom,Cross River,2026-02-13,Small,500
3246,Zaria,Kaduna,2025-12-06,Small,500
3247,Aba,Abia,2025-12-04,Large,2200
3248,Brass,Bayelsa,2025-07-09,Medium,1200
3249,Shendam,Plateau,2025-08-22,Extra Large,3500
3250,Onueke,Ebonyi,2025-09-06,Large,2200
3251,Barkin Ladi,Plateau,2025-10-06,Medium,1200
3252,Ogidi,Anambra,2025-08-19,Large,2200
3253,Damaturu,Yobe,2026-04-26,Small,500
3254,Uyo,Akwa Ibom,2024-11-02,Large,2200
3255,Vandeikya,Benue,2025-02-26,Extra Large,3500
3256,Asaba,Delta,2025-02-04,Medium,1200
3257,Mubi,Adamawa,2024-05-22,Extra Large,3500
3258,Keffi,Nasarawa,2025-09-26,Large,2200
3259,Wudil,Kano,2025-06-19,Extra Large,3500
3260,Gwoza,Borno,2024-09-12,Medium,1200
3261,Biu,Borno,2025-10-10,Small,500
3262,Bichi,Kano,2024-10-06,Small,500
3263,Lokoja,Kogi,2025-05-22,Large,2200
3264,Yenagoa,Bayelsa,2025-11-21,Medium,1200
3265,Uromi,Edo,2026-02-18,Large,2200
3266,Uromi,Edo,2025-08-31,Medium,1200
3267,Dutsin-Ma,Katsina,2025-05-02,Large,2200
3268,Ilorin,Kwara,2026-01-05,Large,2200
3269,Bori,Rivers,2026-01-01,Large,2200
3270,Bauchi,Bauchi,2026-01-27,Medium,1200
3271,Sapele,Delta,2024-09-06,Medium,1200
3272,Nassarawa,Nasarawa,2024-07-07,Extra Large,3500
3273,Bauchi,Bauchi,2024-07-29,Extra Large,3500
3274,Zaria,Kaduna,2024-11-02,Small,500
3275,Argungu,Kebbi,2025-12-08,Medium,1200
3276,Akwanga,Nasarawa,2025-11-05,Large,2200
3277,Degema,Rivers,2024-09-07,Extra Large,3500
3278,Ota,Ogun,2025-09-05,Large,2200
3279,Ikom,Cross River,2024-12-28,Extra Large,3500
3280,Ota,Ogun,2024-07-01,Extra Large,3500
3281,Buni Yadi,Yobe,2025-01-11,Extra Large,3500
3282,Buni Yadi,Yobe,2025-10-23,Medium,1200
3283,Lafia,Nasarawa,2024-12-07,Extra Large,3500
3284,Gembu,Taraba,2025-11-24,Medium,1200
3285,Brass,Bayelsa,2024-12-25,Large,2200
3286,Umuahia,Abia,2024-11-03,Small,500
3287,Ikorodu,Lagos,2024-11-27,Extra Large,3500
3288,Calabar,Cross River,2026-01-09,Small,500
3289,Omu-Aran,Kwara,2025-04-05,Medium,1200
3290,Danbatta,Kano,2026-01-20,Medium,1200
3291,Kaura Namoda,Zamfara,2025-06-27,Medium,1200
3292,Nsukka,Enugu,2026-03-18,Small,500
3293,Calabar,Cross River,2024-06-18,Medium,1200
3294,Lafia,Nasarawa,2026-02-06,Extra Large,3500
3295,Lagos,Lagos,2025-04-27,Small,500
3296,Dass,Bauchi,2026-01-21,Medium,1200
3297,Mubi,Adamawa,2025-01-31,Large,2200
3298,Asaba,Delta,2024-12-01,Medium,1200
3299,Bauchi,Bauchi,2024-06-05,Extra Large,3500
3300,Warri,Delta,2026-01-11,Extra Large,3500
3301,Akamkpa,Cross River,2024-08-05,Large,2200
3302,Langtang,Plateau,2024-09-20,Large,2200
3303,Osogbo,Osun,2025-02-20,Large,2200
3304,Biu,Borno,2025-06-17,Small,500
3305,Abak,Akwa Ibom,2026-02-18,Medium,1200
3306,Tambuwal,Sokoto,2025-03-27,Small,500
3307,Kontagora,Niger,2024-12-14,Extra Large,3500
3308,Anka,Zamfara,2025-10-02,Large,2200
3309,Deba,Gombe,2025-11-17,Medium,1200
3310,Kaduna,Kaduna,2025-04-18,Extra Large,3500
3311,Ikom,Cross River,2025-08-01,Extra Large,3500
3312,Onitsha,Anambra,2024-09-03,Extra Large,3500
3313,Irrua,Edo,2025-08-03,Small,500
3314,Iseyin,Oyo,2024-04-30,Large,2200
3315,Kontagora,Niger,2024-11-12,Medium,1200
3316,Nnewi,Anambra,2025-11-04,Extra Large,3500
3317,Omuo-Ekiti,Ekiti,2024-08-28,Small,500
3318,Makurdi,Benue,2025-11-06,Large,2200
3319,Lokoja,Kogi,2025-04-19,Medium,1200
3320,Wudil,Kano,2025-11-06,Small,500
3321,Azare,Bauchi,2024-06-30,Small,500
3322,Daura,Katsina,2025-07-20,Medium,1200
3323,Eket,Akwa Ibom,2025-08-03,Large,2200
3324,Nembe,Bayelsa,2025-02-15,Small,500
3325,Jos,Plateau,2026-04-02,Small,500
3326,Birnin Kebbi,Kebbi,2025-02-01,Large,2200
3327,Ohafia,Abia,2024-05-24,Large,2200
3328,Rijau,Niger,2024-09-19,Medium,1200
3329,Zuru,Kebbi,2025-01-24,Large,2200
3330,Calabar,Cross River,2024-05-07,Large,2200
3331,Ota,Ogun,2024-12-18,Small,500
3332,Tambuwal,Sokoto,2025-12-27,Small,500
3333,Nassarawa,Nasarawa,2024-09-13,Small,500
3334,Wudil,Kano,2025-09-03,Medium,1200
3335,Ibadan,Oyo,2025-07-29,Small,500
3336,Biu,Gombe,2024-10-25,Medium,1200
3337,Ishieke,Ebonyi,2025-09-15,Large,2200
3338,Ile-Ife,Osun,2025-01-03,Large,2200
3339,Bichi,Kano,2024-07-30,Extra Large,3500
3340,Oron,Akwa Ibom,2025-02-01,Medium,1200
3341,Udi,Enugu,2025-07-01,Small,500
3342,Agbor,Delta,2024-08-27,Extra Large,3500
3343,Makurdi,Benue,2025-12-20,Medium,1200
3344,Dutsin-Ma,Katsina,2024-11-30,Small,500
3345,Port Harcourt,Rivers,2024-11-25,Extra Large,3500
3346,Argungu,Kebbi,2025-10-11,Large,2200
3347,Abakaliki,Ebonyi,2025-07-06,Large,2200
3348,Badagry,Lagos,2024-12-29,Small,500
3349,Azare,Bauchi,2026-02-05,Extra Large,3500
3350,Kazaure,Jigawa,2026-04-24,Large,2200
3351,Ile-Ife,Osun,2025-01-02,Small,500
3352,Port Harcourt,Rivers,2026-02-14,Large,2200
3353,Danbatta,Kano,2025-01-14,Extra Large,3500
3354,Obudu,Cross River,2024-09-11,Large,2200
3355,Illela,Sokoto,2026-03-21,Large,2200
3356,Lagos,Lagos,2026-02-27,Extra Large,3500
3357,Gwadabawa,Sokoto,2025-02-15,Large,2200
3358,Abak,Akwa Ibom,2024-10-10,Small,500
3359,Oguta,Imo,2025-10-10,Small,500
3360,Asaba,Delta,2024-07-31,Large,2200
3361,Keffi,Nasarawa,2025-10-15,Extra Large,3500
3362,Azare,Bauchi,2025-07-02,Extra Large,3500
3363,Ibadan,Oyo,2024-08-28,Large,2200
3364,Iseyin,Oyo,2025-01-19,Extra Large,3500
3365,Makurdi,Benue,2025-08-15,Medium,1200
3366,Katsina-Ala,Benue,2024-05-24,Extra Large,3500
3367,Igbara-Odo,Ekiti,2026-01-27,Large,2200
3368,Misau,Bauchi,2024-10-30,Large,2200
3369,Omoku,Rivers,2025-05-22,Extra Large,3500
3370,Monguno,Borno,2024-06-01,Extra Large,3500
3371,Abak,Akwa Ibom,2026-04-24,Medium,1200
3372,Barkin Ladi,Plateau,2025-08-23,Medium,1200
3373,Kamba,Kebbi,2025-08-17,Small,500
3374,Lafia,Nasarawa,2024-05-11,Large,2200
3375,Ikare,Ondo,2025-09-13,Medium,1200
3376,Onitsha,Anambra,2025-02-25,Small,500
3377,Owo,Ondo,2025-01-29,Large,2200
3378,Benin City,Edo,2025-06-01,Medium,1200
3379,Misau,Bauchi,2025-04-08,Extra Large,3500
3380,Sagbama,Bayelsa,2024-08-16,Extra Large,3500
3381,Ota,Ogun,2025-09-17,Medium,1200
3382,Hadejia,Jigawa,2025-07-31,Small,500
3383,Oporoma,Bayelsa,2024-12-03,Large,2200
3384,Daura,Katsina,2025-08-23,Medium,1200
3385,Kaiama,Kwara,2025-08-24,Extra Large,3500
3386,Shendam,Plateau,2024-11-10,Medium,1200
3387,Owo,Ondo,2025-07-13,Extra Large,3500
3388,Isuikwuato,Abia,2024-08-05,Medium,1200
3389,Jamaare,Bauchi,2025-12-25,Medium,1200
3390,Yauri,Kebbi,2024-07-12,Small,500
3391,Ughelli,Delta,2025-10-04,Medium,1200
3392,Bori,Rivers,2024-07-22,Small,500
3393,Sagamu,Ogun,2024-07-19,Small,500
3394,Ile-Ife,Osun,2024-07-13,Extra Large,3500
3395,Makurdi,Benue,2024-09-19,Medium,1200
3396,Igbara-Odo,Ekiti,2024-09-20,Medium,1200
3397,Keffi,Nasarawa,2024-11-05,Large,2200
3398,Nsukka,Enugu,2025-05-14,Small,500
3399,Badagry,Lagos,2024-09-21,Small,500
3400,Funtua,Katsina,2025-09-23,Small,500
3401,Degema,Rivers,2024-11-28,Extra Large,3500
3402,Sagamu,Ogun,2024-05-25,Large,2200
3403,Nguru,Yobe,2025-04-24,Large,2200
3404,Biu,Borno,2024-09-25,Extra Large,3500
3405,Owo,Ondo,2026-03-10,Medium,1200
3406,Tsafe,Zamfara,2024-12-24,Medium,1200
3407,Nguru,Yobe,2024-04-29,Extra Large,3500
3408,Danbatta,Kano,2025-08-30,Large,2200
3409,Makurdi,Benue,2026-02-18,Small,500
3410,Yenagoa,Bayelsa,2025-12-28,Extra Large,3500
3411,Katsina-Ala,Benue,2025-08-29,Small,500
3412,Ejigbo,Osun,2024-08-14,Small,500
3413,Danbatta,Kano,2024-07-01,Medium,1200
3414,Deba,Gombe,2025-05-06,Extra Large,3500
3415,Biu,Borno,2025-10-07,Extra Large,3500
3416,Monguno,Borno,2024-07-10,Extra Large,3500
3417,Ilaro,Ogun,2024-10-31,Small,500
3418,Ikeja,Lagos,2024-10-12,Large,2200
3419,Kafanchan,Kaduna,2026-04-19,Large,2200
3420,Ijebu-Ode,Ogun,2024-11-29,Small,500
3421,Abeokuta,Ogun,2025-04-01,Small,500
3422,Mubi,Adamawa,2024-07-08,Large,2200
3423,Gembu,Taraba,2024-09-01,Large,2200
3424,Okene,Kogi,2024-05-25,Extra Large,3500
3425,Oguta,Imo,2024-11-25,Extra Large,3500
3426,Efon,Ekiti,2025-12-03,Extra Large,3500
3427,Ogidi,Anambra,2024-12-11,Extra Large,3500
3428,Obudu,Cross River,2025-10-18,Medium,1200
3429,Bida,Niger,2024-07-05,Medium,1200
3430,Ondo City,Ondo,2025-11-02,Small,500
3431,Akamkpa,Cross River,2024-05-30,Small,500
3432,Bida,Niger,2026-01-09,Medium,1200
3433,Argungu,Kebbi,2025-08-24,Small,500
3434,Yenagoa,Bayelsa,2024-08-29,Extra Large,3500
3435,Isuikwuato,Abia,2025-01-13,Medium,1200
3436,Futungo,Adamawa,2025-03-12,Small,500
3437,Lafia,Nasarawa,2025-07-25,Medium,1200
3438,Oyo Town,Oyo,2026-01-29,Medium,1200
3439,Orlu,Imo,2024-07-03,Large,2200
3440,Efon,Ekiti,2025-12-13,Medium,1200
3441,Akwanga,Nasarawa,2024-09-07,Small,500
3442,Kaduna,Kaduna,2025-02-13,Medium,1200
3443,Futungo,Adamawa,2026-03-31,Small,500
3444,Gwoza,Borno,2024-11-11,Small,500
3445,Otukpo,Benue,2025-02-02,Large,2200
3446,Hadejia,Jigawa,2026-01-08,Small,500
3447,Dass,Bauchi,2025-12-02,Large,2200
3448,Oji River,Enugu,2025-08-14,Small,500
3449,Port Harcourt,Rivers,2025-11-30,Extra Large,3500
3450,Dass,Bauchi,2024-07-18,Small,500
3451,Oji River,Enugu,2025-09-17,Extra Large,3500
3452,Zuru,Kebbi,2024-06-08,Medium,1200
3453,Ekpoma,Edo,2026-03-16,Small,500
3454,Irrua,Edo,2024-08-21,Small,500
3455,Monguno,Borno,2025-02-25,Large,2200
3456,Shendam,Plateau,2025-07-02,Small,500
3457,Ishieke,Ebonyi,2025-12-04,Large,2200
3458,Biu,Borno,2025-09-04,Small,500
3459,Damaturu,Yobe,2024-09-06,Medium,1200
3460,Agbani,Enugu,2025-01-29,Small,500
3461,Enugu,Enugu,2025-01-14,Large,2200
3462,Ikom,Cross River,2024-05-18,Small,500
3463,Ogoja,Cross River,2025-09-09,Large,2200
3464,Barkin Ladi,Plateau,2025-12-30,Small,500
3465,Jebba,Kwara,2026-04-08,Large,2200
3466,Iseyin,Oyo,2024-07-31,Extra Large,3500
3467,Gwadabawa,Sokoto,2026-02-28,Medium,1200
3468,Hadejia,Jigawa,2024-07-18,Medium,1200
3469,Kagoro,Kaduna,2025-02-21,Small,500
3470,Daura,Katsina,2024-05-30,Medium,1200
3471,Degema,Rivers,2024-11-04,Extra Large,3500
3472,Idanre,Ondo,2024-12-12,Large,2200
3473,Kamba,Kebbi,2025-09-24,Small,500
3474,Nassarawa,Nasarawa,2025-09-04,Medium,1200
3475,Omu-Aran,Kwara,2025-11-09,Small,500
3476,Ile-Ife,Osun,2025-06-22,Small,500
3477,Wamako,Sokoto,2025-06-14,Extra Large,3500
3478,Rano,Kano,2026-04-11,Large,2200
3479,Minna,Niger,2025-08-29,Small,500
3480,Ekpoma,Edo,2024-12-30,Extra Large,3500
3481,Ekpoma,Edo,2025-05-14,Medium,1200
3482,Azare,Bauchi,2025-09-21,Large,2200
3483,Ikeja,Lagos,2024-07-05,Large,2200
3484,Maiduguri,Borno,2025-08-23,Large,2200
3485,Ohafia,Abia,2024-10-25,Medium,1200
3486,Saki,Oyo,2025-01-04,Large,2200
3487,Dukku,Gombe,2025-09-03,Small,500
3488,Akwanga,Nasarawa,2025-02-02,Medium,1200
3489,Wukari,Taraba,2025-12-31,Small,500
3490,Anka,Zamfara,2025-06-09,Small,500
3491,Ilaro,Ogun,2026-04-19,Large,2200
3492,Argungu,Kebbi,2024-06-05,Medium,1200
3493,Ekwulobia,Anambra,2025-08-10,Extra Large,3500
3494,Ikot Ekpene,Akwa Ibom,2024-08-19,Extra Large,3500
3495,Maiduguri,Borno,2026-01-07,Extra Large,3500
3496,Ishieke,Ebonyi,2026-01-09,Large,2200
3497,Keffi,Nasarawa,2026-01-22,Small,500
3498,Kano,Kano,2024-06-20,Small,500
3499,Oyo Town,Oyo,2025-04-21,Medium,1200
3500,Minna,Niger,2024-10-20,Small,500
3501,Lokoja,Kogi,2026-04-06,Small,500
3502,Jos,Plateau,2024-06-02,Extra Large,3500
3503,Funtua,Katsina,2024-10-06,Large,2200
3504,Kaiama,Kwara,2025-08-10,Small,500
3505,Anka,Zamfara,2025-02-15,Extra Large,3500
3506,Ekwulobia,Anambra,2024-10-15,Large,2200
3507,Iseyin,Oyo,2025-03-28,Small,500
3508,Ikorodu,Lagos,2025-12-03,Small,500
3509,Mubi,Adamawa,2025-03-20,Small,500
3510,Umuahia,Abia,2026-01-13,Small,500
3511,Zuru,Kebbi,2025-03-19,Medium,1200
3512,Abakaliki,Ebonyi,2024-07-22,Medium,1200
3513,Ikorodu,Lagos,2025-04-25,Small,500
3514,Nnewi,Anambra,2025-08-17,Small,500
3515,Maiduguri,Borno,2024-07-11,Large,2200
3516,Misau,Bauchi,2025-02-22,Large,2200
3517,Akwanga,Nasarawa,2025-06-08,Medium,1200
3518,Akamkpa,Cross River,2024-04-27,Extra Large,3500
3519,Biu,Borno,2024-07-02,Large,2200
3520,Agbor,Delta,2025-07-12,Extra Large,3500
3521,Osogbo,Osun,2025-07-23,Medium,1200
3522,Langtang,Plateau,2024-12-05,Large,2200
3523,Zuru,Kebbi,2025-05-03,Medium,1200
3524,Sagbama,Bayelsa,2024-09-25,Large,2200
3525,Sagbama,Bayelsa,2025-08-30,Medium,1200
3526,Enugu,Enugu,2026-03-22,Small,500
3527,Port Harcourt,Rivers,2025-01-17,Medium,1200
3528,Umuahia,Abia,2024-06-05,Extra Large,3500
3529,Keffi,Nasarawa,2024-10-06,Extra Large,3500
3530,Gboko,Benue,2025-03-25,Medium,1200
3531,Gembu,Taraba,2025-06-10,Large,2200
3532,Malumfashi,Katsina,2025-07-24,Medium,1200
3533,Sokoto,Sokoto,2025-04-07,Medium,1200
3534,Kaltungo,Gombe,2025-08-20,Extra Large,3500
3535,Ejigbo,Osun,2025-10-02,Medium,1200
3536,Suleja,Niger,2024-07-19,Small,500
3537,Kagoro,Kaduna,2025-11-03,Medium,1200
3538,Dutsin-Ma,Katsina,2024-10-06,Small,500
3539,Ughelli,Delta,2025-01-01,Small,500
3540,Biu,Borno,2025-12-24,Small,500
3541,Ogbomoso,Oyo,2026-04-02,Large,2200
3542,Girei,Adamawa,2024-11-26,Extra Large,3500
3543,Omu-Aran,Kwara,2025-05-13,Small,500
3544,Gusau,Zamfara,2025-09-22,Large,2200
3545,Ondo City,Ondo,2024-05-30,Medium,1200
3546,Rijau,Niger,2024-08-24,Extra Large,3500
3547,Wamako,Sokoto,2024-08-07,Small,500
3548,Ilesa,Osun,2025-10-03,Large,2200
3549,Makurdi,Benue,2025-10-06,Extra Large,3500
3550,Ondo City,Ondo,2024-07-14,Large,2200
3551,Igbara-Odo,Ekiti,2025-07-17,Medium,1200
3552,Saminaka,Kaduna,2024-09-11,Extra Large,3500
3553,Mutum Biyu,Taraba,2026-03-07,Small,500
3554,Onitsha,Anambra,2025-02-08,Small,500
3555,Gombe,Gombe,2025-03-27,Small,500
3556,Abak,Akwa Ibom,2025-11-19,Large,2200
3557,Owerri,Imo,2025-10-02,Small,500
3558,Zaria,Kaduna,2024-07-14,Extra Large,3500
3559,Kontagora,Niger,2025-02-23,Small,500
3560,Kaltungo,Gombe,2026-03-05,Extra Large,3500
3561,Nsukka,Enugu,2025-12-30,Medium,1200
3562,Omu-Aran,Kwara,2025-07-01,Large,2200
3563,Aba,Abia,2025-11-12,Medium,1200
3564,Illela,Sokoto,2025-03-22,Extra Large,3500
3565,Daura,Katsina,2025-08-21,Medium,1200
3566,Birnin Kebbi,Kebbi,2026-03-26,Medium,1200
3567,Ekpoma,Edo,2024-08-03,Extra Large,3500
3568,Asaba,Delta,2025-04-26,Extra Large,3500
3569,Owo,Ondo,2025-05-19,Small,500
3570,Ekpoma,Edo,2024-06-01,Small,500
3571,Abakaliki,Ebonyi,2026-03-11,Large,2200
3572,Shendam,Plateau,2025-12-31,Small,500
3573,Omoku,Rivers,2025-04-15,Extra Large,3500
3574,Maiduguri,Borno,2025-05-03,Small,500
3575,Wudil,Kano,2026-03-01,Medium,1200
3576,Asaba,Delta,2024-09-03,Small,500
3577,Funtua,Katsina,2025-06-23,Extra Large,3500
3578,Bori,Rivers,2025-10-12,Large,2200
3579,Bori,Rivers,2024-07-29,Large,2200
3580,Ibadan,Oyo,2025-02-04,Large,2200
3581,Funtua,Katsina,2025-07-09,Extra Large,3500
3582,Monguno,Borno,2026-02-01,Small,500
3583,Ughelli,Delta,2025-04-30,Medium,1200
3584,Sapele,Delta,2025-02-02,Extra Large,3500
3585,Mubi,Adamawa,2026-04-13,Extra Large,3500
3586,Ikeja,Lagos,2026-02-25,Small,500
3587,Igbara-Odo,Ekiti,2025-11-05,Small,500
3588,Saminaka,Kaduna,2024-11-12,Extra Large,3500
3589,Wukari,Taraba,2026-04-01,Large,2200
3590,Omu-Aran,Kwara,2026-04-06,Extra Large,3500
3591,Sagamu,Ogun,2025-03-24,Large,2200
3592,Ado-Ekiti,Ekiti,2024-08-02,Large,2200
3593,Gwoza,Borno,2025-02-22,Extra Large,3500
3594,Omu-Aran,Kwara,2025-09-20,Small,500
3595,Arochukwu,Abia,2025-10-26,Medium,1200
3596,Ogbomoso,Oyo,2024-12-01,Large,2200
3597,Talata Mafara,Zamfara,2025-09-21,Large,2200
3598,Bori,Rivers,2026-01-16,Small,500
3599,Kano,Kano,2025-09-29,Extra Large,3500
3600,Eket,Akwa Ibom,2026-03-11,Large,2200
3601,Maiduguri,Borno,2025-08-02,Extra Large,3500
3602,Katsina,Katsina,2024-09-20,Extra Large,3500
3603,Ilorin,Kwara,2025-07-27,Small,500
3604,Hadejia,Jigawa,2024-11-25,Large,2200
3605,Rano,Kano,2025-01-04,Medium,1200
3606,Sagbama,Bayelsa,2025-08-31,Medium,1200
3607,Igbara-Odo,Ekiti,2026-04-14,Small,500
3608,Wudil,Kano,2025-08-15,Small,500
3609,Pankshin,Plateau,2026-03-28,Medium,1200
3610,Nassarawa,Nasarawa,2025-04-30,Extra Large,3500
3611,Gboko,Benue,2025-09-16,Large,2200
3612,Daura,Katsina,2024-12-18,Extra Large,3500
3613,Kamba,Kebbi,2024-07-20,Medium,1200
3614,Omuo-Ekiti,Ekiti,2025-01-09,Medium,1200
3615,Ota,Ogun,2025-04-13,Medium,1200
3616,Funtua,Katsina,2025-06-18,Small,500
3617,Dutsin-Ma,Katsina,2025-08-27,Extra Large,3500
3618,Potiskum,Yobe,2025-02-26,Extra Large,3500
3619,Akure,Ondo,2025-10-25,Medium,1200
3620,Mutum Biyu,Taraba,2026-01-02,Large,2200
3621,Wamako,Sokoto,2024-11-22,Extra Large,3500
3622,Kaiama,Kwara,2026-01-06,Extra Large,3500
3623,Ilaro,Ogun,2025-12-08,Extra Large,3500
3624,Futungo,Adamawa,2025-05-14,Small,500
3625,Abeokuta,Ogun,2024-05-15,Medium,1200
3626,Daura,Katsina,2024-08-11,Large,2200
3627,Akamkpa,Cross River,2025-08-29,Large,2200
3628,Ekwulobia,Anambra,2024-09-20,Medium,1200
3629,Minna,Niger,2025-10-27,Extra Large,3500
3630,Mutum Biyu,Taraba,2024-08-22,Small,500
3631,Yenagoa,Bayelsa,2024-11-22,Large,2200
3632,Gboko,Benue,2024-10-27,Small,500
3633,Rano,Kano,2025-12-31,Extra Large,3500
3634,Lokoja,Kogi,2025-09-13,Small,500
3635,Sokoto,Sokoto,2024-11-28,Medium,1200
3636,Wukari,Taraba,2025-10-29,Extra Large,3500
3637,Ikom,Cross River,2024-05-20,Medium,1200
3638,Funtua,Katsina,2025-12-13,Small,500
3639,Eleme,Rivers,2024-07-10,Medium,1200
3640,Maiduguri,Borno,2026-01-21,Small,500
3641,Agbor,Delta,2025-10-19,Small,500
3642,Jalingo,Taraba,2026-01-19,Medium,1200
3643,Enugu,Enugu,2025-10-21,Extra Large,3500
3644,Futungo,Adamawa,2025-06-11,Extra Large,3500
3645,Minna,Niger,2024-10-17,Small,500
3646,Malumfashi,Katsina,2025-11-21,Extra Large,3500
3647,Auchi,Edo,2025-12-01,Large,2200
3648,Ejigbo,Osun,2024-11-23,Small,500
3649,Ondo City,Ondo,2025-08-25,Small,500
3650,Auchi,Edo,2026-03-05,Medium,1200
3651,Ishieke,Ebonyi,2025-02-04,Medium,1200
3652,Langtang,Plateau,2026-03-27,Large,2200
3653,Kano,Kano,2026-04-10,Extra Large,3500
3654,Badagry,Lagos,2024-12-11,Extra Large,3500
3655,Lafia,Nasarawa,2025-06-04,Extra Large,3500
3656,Ilaro,Ogun,2024-05-06,Medium,1200
3657,Numan,Adamawa,2024-10-27,Extra Large,3500
3658,Dikwa,Borno,2025-07-24,Extra Large,3500
3659,Isuikwuato,Abia,2025-11-18,Large,2200
3660,Abak,Akwa Ibom,2026-01-23,Extra Large,3500
3661,Ikot Ekpene,Akwa Ibom,2025-12-24,Medium,1200
3662,Iseyin,Oyo,2026-02-22,Large,2200
3663,Umuahia,Abia,2025-09-24,Large,2200
3664,Illela,Sokoto,2025-08-13,Medium,1200
3665,Jebba,Kwara,2025-10-30,Extra Large,3500
3666,Sokoto,Sokoto,2025-05-31,Medium,1200
3667,Sapele,Delta,2025-07-12,Large,2200
3668,Ogbomoso,Oyo,2025-11-15,Large,2200
3669,Malumfashi,Katsina,2026-04-01,Small,500
3670,Langtang,Plateau,2024-11-28,Extra Large,3500
3671,Irrua,Edo,2024-09-03,Large,2200
3672,Ogoja,Cross River,2025-09-08,Large,2200
3673,Minna,Niger,2024-09-10,Small,500
3674,Mubi,Adamawa,2024-09-01,Medium,1200
3675,Makurdi,Benue,2025-05-07,Extra Large,3500
3676,Pankshin,Plateau,2025-01-27,Medium,1200
3677,Owerri,Imo,2025-03-06,Medium,1200
3678,Nassarawa,Nasarawa,2025-06-07,Small,500
3679,Ogidi,Anambra,2024-07-31,Large,2200
3680,Maiduguri,Borno,2025-06-27,Small,500
3681,Ilesa,Osun,2024-10-30,Small,500
3682,Ekpoma,Edo,2024-12-24,Small,500
3683,Ede,Osun,2025-09-27,Medium,1200
3684,Talata Mafara,Zamfara,2024-08-18,Medium,1200
3685,Kazaure,Jigawa,2024-08-17,Extra Large,3500
3686,Wudil,Kano,2024-12-18,Medium,1200
3687,Ohaozara,Ebonyi,2024-06-03,Medium,1200
3688,Nembe,Bayelsa,2026-03-09,Small,500
3689,Otukpo,Benue,2025-07-21,Small,500
3690,Calabar,Cross River,2025-08-23,Large,2200
3691,Ota,Ogun,2025-04-20,Small,500
3692,Okene,Kogi,2025-06-19,Extra Large,3500
3693,Ikere-Ekiti,Ekiti,2025-01-13,Extra Large,3500
3694,Wamako,Sokoto,2025-11-21,Large,2200
3695,Talata Mafara,Zamfara,2024-12-15,Small,500
3696,Ede,Osun,2024-10-04,Extra Large,3500
3697,Jamaare,Bauchi,2024-09-08,Small,500
3698,Akamkpa,Cross River,2024-06-15,Large,2200
3699,Makurdi,Benue,2025-05-01,Extra Large,3500
3700,Gombe,Gombe,2025-02-25,Large,2200
3701,Mubi,Adamawa,2025-05-24,Large,2200
3702,Kazaure,Jigawa,2024-07-03,Large,2200
3703,Azare,Bauchi,2024-10-05,Large,2200
3704,Jamaare,Bauchi,2024-09-29,Medium,1200
3705,Gembu,Taraba,2024-12-25,Large,2200
3706,Rijau,Niger,2025-01-15,Small,500
3707,Damaturu,Yobe,2024-10-03,Extra Large,3500
3708,Dutse,Jigawa,2025-10-29,Small,500
3709,Kabba,Kogi,2025-05-19,Large,2200
3710,Omuo-Ekiti,Ekiti,2026-04-25,Small,500
3711,Ikom,Cross River,2025-12-20,Large,2200
3712,Onitsha,Anambra,2026-04-14,Extra Large,3500
3713,Jamaare,Bauchi,2024-05-03,Small,500
3714,Ilorin,Kwara,2025-08-28,Extra Large,3500
3715,Nembe,Bayelsa,2025-03-18,Extra Large,3500
3716,Ogoja,Cross River,2026-02-17,Small,500
3717,Makurdi,Benue,2025-07-19,Extra Large,3500
3718,Tambuwal,Sokoto,2025-07-25,Large,2200
3719,Ikare,Ondo,2026-03-28,Large,2200
3720,Gombe,Gombe,2025-09-07,Small,500
3721,Mubi,Adamawa,2024-12-17,Extra Large,3500
3722,Futungo,Adamawa,2026-02-25,Extra Large,3500
3723,Ekwulobia,Anambra,2026-03-18,Extra Large,3500
3724,Obudu,Cross River,2025-02-03,Extra Large,3500
3725,Talata Mafara,Zamfara,2025-05-26,Small,500
3726,Osogbo,Osun,2024-11-19,Large,2200
3727,Offa,Kwara,2026-02-22,Large,2200
3728,Akure,Ondo,2025-12-18,Medium,1200
3729,Gombe,Gombe,2025-01-26,Small,500
3730,Deba,Gombe,2025-12-04,Small,500
3731,Umuahia,Abia,2025-03-18,Small,500
3732,Bauchi,Bauchi,2024-05-29,Medium,1200
3733,Ile-Ife,Osun,2026-02-12,Large,2200
3734,Ikot Ekpene,Akwa Ibom,2024-09-14,Large,2200
3735,Okigwe,Imo,2025-05-07,Medium,1200
3736,Kontagora,Niger,2026-03-21,Small,500
3737,Bauchi,Bauchi,2024-08-27,Large,2200
3738,Potiskum,Yobe,2026-03-27,Extra Large,3500
3739,Offa,Kwara,2025-05-25,Extra Large,3500
3740,Funtua,Katsina,2024-05-02,Large,2200
3741,Oguta,Imo,2024-06-13,Large,2200
3742,Kamba,Kebbi,2025-08-30,Small,500
3743,Nnewi,Anambra,2025-11-13,Extra Large,3500
3744,Bori,Rivers,2026-01-19,Small,500
3745,Nsukka,Enugu,2025-03-03,Medium,1200
3746,Dutsin-Ma,Katsina,2024-07-11,Medium,1200
3747,Monguno,Borno,2025-05-25,Medium,1200
3748,Eket,Akwa Ibom,2025-09-22,Extra Large,3500
3749,Ibadan,Oyo,2026-04-10,Small,500
3750,Port Harcourt,Rivers,2025-11-14,Large,2200
3751,Saminaka,Kaduna,2025-08-12,Extra Large,3500
3752,Katsina,Katsina,2026-03-14,Small,500
3753,Saminaka,Kaduna,2025-10-24,Extra Large,3500
3754,Port Harcourt,Rivers,2024-08-17,Extra Large,3500
3755,Nassarawa,Nasarawa,2025-03-28,Small,500
3756,Biu,Gombe,2024-12-25,Extra Large,3500
3757,Uromi,Edo,2024-06-29,Small,500
3758,Katsina,Katsina,2024-06-05,Large,2200
3759,Futungo,Adamawa,2025-11-28,Large,2200
3760,Birnin Kudu,Jigawa,2025-06-08,Medium,1200
3761,Numan,Adamawa,2025-06-21,Extra Large,3500
3762,Akure,Ondo,2024-10-10,Small,500
3763,Kaura Namoda,Zamfara,2024-11-02,Large,2200
3764,Nguru,Yobe,2025-02-04,Extra Large,3500
3765,Bali,Taraba,2025-07-31,Medium,1200
3766,Nassarawa,Nasarawa,2025-03-09,Medium,1200
3767,Calabar,Cross River,2024-05-09,Large,2200
3768,Kaduna,Kaduna,2025-09-01,Medium,1200
3769,Gashua,Yobe,2025-05-22,Large,2200
3770,Minna,Niger,2025-08-08,Large,2200
3771,Badagry,Lagos,2025-07-23,Large,2200
3772,Aba,Abia,2025-10-31,Large,2200
3773,Yauri,Kebbi,2025-06-29,Medium,1200
3774,Ede,Osun,2025-09-21,Small,500
3775,Osogbo,Osun,2024-06-19,Extra Large,3500
3776,Ikot Ekpene,Akwa Ibom,2026-03-06,Extra Large,3500
3777,Talata Mafara,Zamfara,2024-07-13,Extra Large,3500
3778,Ogidi,Anambra,2025-11-23,Small,500
3779,Saminaka,Kaduna,2024-12-03,Large,2200
3780,Dass,Bauchi,2024-06-29,Medium,1200
3781,Gumel,Jigawa,2025-11-07,Large,2200
3782,Omoku,Rivers,2025-03-12,Medium,1200
3783,Auchi,Edo,2025-02-09,Small,500
3784,Gombe,Gombe,2025-08-22,Small,500
3785,Irrua,Edo,2025-04-08,Extra Large,3500
3786,Birnin Kebbi,Kebbi,2025-05-21,Medium,1200
3787,Nnewi,Anambra,2024-08-04,Large,2200
3788,Numan,Adamawa,2025-02-06,Small,500
3789,Okigwe,Imo,2025-11-30,Small,500
3790,Jamaare,Bauchi,2025-05-30,Extra Large,3500
3791,Dikwa,Borno,2026-03-29,Small,500
3792,Orlu,Imo,2024-08-10,Large,2200
3793,Epe,Lagos,2025-09-04,Small,500
3794,Owo,Ondo,2026-02-24,Medium,1200
3795,Numan,Adamawa,2025-11-29,Large,2200
3796,Kabba,Kogi,2025-10-12,Large,2200
3797,Pankshin,Plateau,2025-01-24,Small,500
3798,Onueke,Ebonyi,2026-03-22,Small,500
3799,Wudil,Kano,2025-06-05,Small,500
3800,Vandeikya,Benue,2025-06-06,Medium,1200
3801,Kamba,Kebbi,2024-07-26,Large,2200
3802,Oji River,Enugu,2024-04-30,Small,500
3803,Ughelli,Delta,2025-07-07,Small,500
3804,Azare,Bauchi,2025-05-24,Extra Large,3500
3805,Damaturu,Yobe,2026-03-20,Small,500
3806,Shendam,Plateau,2024-12-05,Extra Large,3500
3807,Yauri,Kebbi,2025-10-26,Medium,1200
3808,Wudil,Kano,2026-02-16,Large,2200
3809,Okigwe,Imo,2025-01-03,Medium,1200
3810,Oyo Town,Oyo,2025-02-22,Small,500
3811,Mbaise,Imo,2025-08-12,Extra Large,3500
3812,Lagos,Lagos,2025-05-06,Large,2200
3813,Tsafe,Zamfara,2024-08-22,Small,500
3814,Epe,Lagos,2024-10-05,Medium,1200
3815,Ede,Osun,2025-12-28,Medium,1200
3816,Akamkpa,Cross River,2024-09-16,Medium,1200
3817,Ota,Ogun,2024-09-06,Medium,1200
3818,Gumel,Jigawa,2025-12-02,Large,2200
3819,Birnin Kebbi,Kebbi,2026-01-09,Small,500
3820,Ilaro,Ogun,2026-01-09,Medium,1200
3821,Omoku,Rivers,2026-03-09,Medium,1200
3822,Ibadan,Oyo,2026-04-23,Medium,1200
3823,Gwoza,Borno,2025-03-30,Large,2200
3824,Kaura Namoda,Zamfara,2025-06-02,Small,500
3825,Calabar,Cross River,2024-11-25,Extra Large,3500
3826,Mubi,Adamawa,2024-06-15,Small,500
3827,Akamkpa,Cross River,2024-07-07,Extra Large,3500
3828,Owo,Ondo,2025-10-09,Medium,1200
3829,Rijau,Niger,2025-04-18,Medium,1200
3830,Kano,Kano,2024-12-24,Large,2200
3831,Ankpa,Kogi,2024-07-29,Small,500
3832,Uyo,Akwa Ibom,2025-08-19,Large,2200
3833,Ede,Osun,2024-07-09,Extra Large,3500
3834,Owo,Ondo,2025-07-23,Extra Large,3500
3835,Ikom,Cross River,2026-02-13,Small,500
3836,Asaba,Delta,2024-12-15,Large,2200
3837,Iseyin,Oyo,2025-03-22,Large,2200
3838,Ile-Ife,Osun,2025-07-21,Large,2200
3839,Otukpo,Benue,2024-12-06,Large,2200
3840,Bori,Rivers,2025-06-28,Small,500
3841,Gembu,Taraba,2025-06-14,Extra Large,3500
3842,Bichi,Kano,2025-01-18,Extra Large,3500
3843,Argungu,Kebbi,2024-12-14,Medium,1200
3844,Eket,Akwa Ibom,2025-03-06,Extra Large,3500
3845,Bali,Taraba,2024-04-30,Large,2200
3846,Gboko,Benue,2024-10-23,Large,2200
3847,Abakaliki,Ebonyi,2024-10-05,Large,2200
3848,Kagoro,Kaduna,2025-10-19,Extra Large,3500
3849,Biu,Gombe,2025-03-11,Large,2200
3850,Birnin Kudu,Jigawa,2026-01-01,Small,500
3851,Kaltungo,Gombe,2024-08-03,Medium,1200
3852,Otukpo,Benue,2025-10-14,Medium,1200
3853,Futungo,Adamawa,2026-01-28,Small,500
3854,Buni Yadi,Yobe,2025-03-31,Medium,1200
3855,Arochukwu,Abia,2025-01-14,Small,500
3856,Ikeja,Lagos,2024-12-06,Large,2200
3857,Ikare,Ondo,2025-06-04,Medium,1200
3858,Oyo Town,Oyo,2024-09-02,Small,500
3859,Gwoza,Borno,2025-07-14,Extra Large,3500
3860,Bori,Rivers,2026-01-02,Small,500
3861,Ogoja,Cross River,2026-01-14,Small,500
3862,Ilorin,Kwara,2024-08-07,Medium,1200
3863,Misau,Bauchi,2025-05-25,Medium,1200
3864,Wamako,Sokoto,2024-11-05,Large,2200
3865,Saki,Oyo,2026-02-03,Small,500
3866,Birnin Kebbi,Kebbi,2024-06-21,Extra Large,3500
3867,Vandeikya,Benue,2024-06-21,Large,2200
3868,Efon,Ekiti,2024-05-10,Small,500
3869,Umuahia,Abia,2025-05-02,Medium,1200
3870,Keffi,Nasarawa,2024-05-19,Medium,1200
3871,Kazaure,Jigawa,2025-06-26,Medium,1200
3872,Omoku,Rivers,2025-02-17,Extra Large,3500
3873,Wudil,Kano,2025-07-02,Medium,1200
3874,Nembe,Bayelsa,2026-02-18,Medium,1200
3875,Arochukwu,Abia,2025-06-04,Small,500
3876,Eleme,Rivers,2025-05-29,Medium,1200
3877,Benin City,Edo,2026-04-27,Extra Large,3500
3878,Birnin Kudu,Jigawa,2025-04-07,Extra Large,3500
3879,Okigwe,Imo,2025-11-14,Extra Large,3500
3880,Wukari,Taraba,2025-01-19,Large,2200
3881,Kaltungo,Gombe,2024-10-07,Extra Large,3500
3882,Degema,Rivers,2025-11-12,Large,2200
3883,Nguru,Yobe,2025-10-14,Large,2200
3884,Otukpo,Benue,2024-11-25,Small,500
3885,Danbatta,Kano,2025-04-01,Extra Large,3500
3886,Argungu,Kebbi,2025-05-05,Extra Large,3500
3887,Biu,Borno,2025-02-11,Extra Large,3500
3888,Birnin Kebbi,Kebbi,2025-04-29,Large,2200
3889,Suleja,Niger,2025-08-24,Extra Large,3500
3890,Eleme,Rivers,2026-01-06,Extra Large,3500
3891,Owerri,Imo,2025-12-07,Large,2200
3892,Saminaka,Kaduna,2025-07-19,Medium,1200
3893,Abeokuta,Ogun,2024-08-26,Large,2200
3894,Gumel,Jigawa,2025-05-07,Extra Large,3500
3895,Kontagora,Niger,2025-03-19,Extra Large,3500
3896,Bida,Niger,2024-09-04,Small,500
3897,Kagoro,Kaduna,2026-03-21,Medium,1200
3898,Lokoja,Kogi,2025-08-22,Large,2200
3899,Ede,Osun,2026-04-04,Medium,1200
3900,Ishieke,Ebonyi,2025-10-16,Medium,1200
3901,Dikwa,Borno,2025-04-15,Large,2200
3902,Akamkpa,Cross River,2025-01-14,Small,500
3903,Girei,Adamawa,2024-10-03,Small,500
3904,Idah,Kogi,2025-04-18,Small,500
3905,Ogidi,Anambra,2024-06-11,Medium,1200
3906,Ikorodu,Lagos,2025-01-22,Medium,1200
3907,Ishieke,Ebonyi,2024-05-28,Extra Large,3500
3908,Kaltungo,Gombe,2024-09-25,Medium,1200
3909,Badagry,Lagos,2026-02-19,Extra Large,3500
3910,Udi,Enugu,2025-01-16,Medium,1200
3911,Aba,Abia,2025-04-05,Small,500
3912,Jalingo,Taraba,2025-03-25,Extra Large,3500
3913,Port Harcourt,Rivers,2024-05-30,Medium,1200
3914,Bichi,Kano,2026-04-13,Small,500
3915,Biu,Gombe,2024-12-19,Small,500
3916,Kaduna,Kaduna,2025-09-23,Extra Large,3500
3917,Suleja,Niger,2025-05-13,Large,2200
3918,Yenagoa,Bayelsa,2025-12-24,Small,500
3919,Gwadabawa,Sokoto,2025-12-28,Small,500
3920,Isuikwuato,Abia,2024-11-05,Medium,1200
3921,Vandeikya,Benue,2025-05-29,Extra Large,3500
3922,Efon,Ekiti,2024-09-01,Large,2200
3923,Zuru,Kebbi,2025-08-17,Small,500
3924,Funtua,Katsina,2025-01-19,Extra Large,3500
3925,Ado-Ekiti,Ekiti,2025-08-17,Large,2200
3926,Langtang,Plateau,2025-12-28,Large,2200
3927,Akure,Ondo,2025-05-09,Medium,1200
3928,Ota,Ogun,2025-01-27,Large,2200
3929,Pankshin,Plateau,2026-02-19,Medium,1200
3930,Lafia,Nasarawa,2025-05-09,Extra Large,3500
3931,Bida,Niger,2025-01-09,Small,500
3932,Ile-Ife,Osun,2026-01-21,Small,500
3933,Suleja,Niger,2025-04-17,Extra Large,3500
3934,Epe,Lagos,2025-04-14,Small,500
3935,Funtua,Katsina,2025-07-12,Medium,1200
3936,Yenagoa,Bayelsa,2025-04-28,Medium,1200
3937,Oji River,Enugu,2024-08-06,Medium,1200
3938,Brass,Bayelsa,2024-08-26,Extra Large,3500
3939,Shendam,Plateau,2024-06-22,Medium,1200
3940,Ekwulobia,Anambra,2025-08-10,Large,2200
3941,Sagamu,Ogun,2024-09-28,Large,2200
3942,Asaba,Delta,2024-09-10,Large,2200
3943,Abeokuta,Ogun,2025-01-16,Large,2200
3944,Udi,Enugu,2025-10-03,Extra Large,3500
3945,Nguru,Yobe,2024-07-22,Large,2200
3946,Okigwe,Imo,2024-10-12,Extra Large,3500
3947,Shendam,Plateau,2025-12-10,Small,500
3948,Katsina-Ala,Benue,2025-10-05,Small,500
3949,Keffi,Nasarawa,2025-04-13,Small,500
3950,Ishieke,Ebonyi,2025-04-12,Small,500
3951,Afikpo,Ebonyi,2024-09-28,Extra Large,3500
3952,Maiduguri,Borno,2024-08-22,Extra Large,3500
3953,Omoku,Rivers,2025-12-27,Extra Large,3500
3954,Akamkpa,Cross River,2024-05-13,Extra Large,3500
3955,Minna,Niger,2024-05-28,Large,2200
3956,Gwoza,Borno,2025-06-20,Large,2200
3957,Saminaka,Kaduna,2024-08-22,Large,2200
3958,Ikorodu,Lagos,2025-07-31,Medium,1200
3959,Sapele,Delta,2024-05-25,Medium,1200
3960,Ikorodu,Lagos,2025-06-19,Large,2200
3961,Langtang,Plateau,2024-06-06,Medium,1200
3962,Okene,Kogi,2024-11-01,Medium,1200
3963,Mutum Biyu,Taraba,2024-09-05,Small,500
3964,Zuru,Kebbi,2026-03-28,Medium,1200
3965,Ughelli,Delta,2025-07-09,Small,500
3966,Ohafia,Abia,2025-06-12,Medium,1200
3967,Ado-Ekiti,Ekiti,2024-05-10,Extra Large,3500
3968,Lokoja,Kogi,2025-10-04,Small,500
3969,Saki,Oyo,2025-08-23,Medium,1200
3970,Misau,Bauchi,2024-11-20,Medium,1200
3971,Ilorin,Kwara,2024-06-28,Medium,1200
3972,Kafanchan,Kaduna,2025-03-21,Extra Large,3500
3973,Funtua,Katsina,2026-04-22,Extra Large,3500
3974,Birnin Kudu,Jigawa,2026-01-20,Medium,1200
3975,Jamaare,Bauchi,2024-08-29,Medium,1200
3976,Otukpo,Benue,2025-12-24,Large,2200
3977,Ekpoma,Edo,2025-07-10,Small,500
3978,Akamkpa,Cross River,2025-11-28,Extra Large,3500
3979,Ankpa,Kogi,2025-12-17,Large,2200
3980,Barkin Ladi,Plateau,2024-09-06,Medium,1200
3981,Umuahia,Abia,2025-08-22,Medium,1200
3982,Nembe,Bayelsa,2024-11-06,Medium,1200
3983,Warri,Delta,2025-10-08,Extra Large,3500
3984,Ohafia,Abia,2025-01-02,Small,500
3985,Onitsha,Anambra,2025-03-24,Extra Large,3500
3986,Ikare,Ondo,2025-07-02,Large,2200
3987,Dutsin-Ma,Katsina,2024-10-11,Small,500
3988,Oguta,Imo,2025-02-02,Extra Large,3500
3989,Nassarawa,Nasarawa,2024-07-15,Extra Large,3500
3990,Omu-Aran,Kwara,2024-09-21,Large,2200
3991,Jalingo,Taraba,2026-01-15,Medium,1200
3992,Onueke,Ebonyi,2025-04-30,Medium,1200
3993,Idanre,Ondo,2025-02-27,Extra Large,3500
3994,Bori,Rivers,2024-08-14,Small,500
3995,Kaura Namoda,Zamfara,2024-07-06,Large,2200
3996,Benin City,Edo,2025-04-09,Large,2200
3997,Oyo Town,Oyo,2025-07-20,Extra Large,3500
3998,Udi,Enugu,2024-05-25,Medium,1200
3999,Akwanga,Nasarawa,2025-11-21,Medium,1200
4000,Umuahia,Abia,2025-04-29,Extra Large,3500
4001,Ikorodu,Lagos,2024-07-21,Medium,1200
4002,Isuikwuato,Abia,2025-04-14,Large,2200
4003,Lokoja,Kogi,2024-07-31,Large,2200
4004,Birnin Kudu,Jigawa,2025-07-12,Small,500
4005,Kaduna,Kaduna,2025-12-22,Large,2200
4006,Langtang,Plateau,2026-02-11,Small,500
4007,Gumel,Jigawa,2025-11-14,Small,500
4008,Girei,Adamawa,2025-08-14,Extra Large,3500
4009,Omoku,Rivers,2025-05-13,Extra Large,3500
4010,Damaturu,Yobe,2025-01-22,Small,500
4011,Lagos,Lagos,2024-05-28,Medium,1200
4012,Auchi,Edo,2025-05-19,Small,500
4013,Abeokuta,Ogun,2024-10-11,Small,500
4014,Osogbo,Osun,2025-12-04,Large,2200
4015,Vandeikya,Benue,2025-11-25,Large,2200
4016,Efon,Ekiti,2025-01-30,Small,500
4017,Idah,Kogi,2025-07-01,Medium,1200
4018,Ikorodu,Lagos,2025-10-20,Small,500
4019,Kontagora,Niger,2025-11-04,Small,500
4020,Azare,Bauchi,2025-09-18,Medium,1200
4021,Kaduna,Kaduna,2024-07-07,Medium,1200
4022,Osogbo,Osun,2024-08-02,Large,2200
4023,Efon,Ekiti,2025-04-10,Extra Large,3500
4024,Benin City,Edo,2024-10-13,Large,2200
4025,Saminaka,Kaduna,2026-01-14,Large,2200
4026,Monguno,Borno,2024-11-20,Extra Large,3500
4027,Nembe,Bayelsa,2026-01-27,Extra Large,3500
4028,Yenagoa,Bayelsa,2025-02-19,Small,500
4029,Benin City,Edo,2024-09-12,Medium,1200
4030,Kamba,Kebbi,2025-09-27,Small,500
4031,Abakaliki,Ebonyi,2025-11-25,Medium,1200
4032,Epe,Lagos,2025-06-23,Small,500
4033,Okigwe,Imo,2024-07-22,Medium,1200
4034,Ogoja,Cross River,2024-05-02,Small,500
4035,Akwanga,Nasarawa,2025-08-18,Medium,1200
4036,Zaria,Kaduna,2025-09-11,Large,2200
4037,Ijebu-Ode,Ogun,2024-12-13,Medium,1200
4038,Zaria,Kaduna,2025-01-16,Medium,1200
4039,Bichi,Kano,2024-08-18,Extra Large,3500
4040,Dutse,Jigawa,2025-08-16,Extra Large,3500
4041,Jebba,Kwara,2024-10-29,Large,2200
4042,Jebba,Kwara,2026-01-11,Extra Large,3500
4043,Abakaliki,Ebonyi,2025-03-02,Extra Large,3500
4044,Agbor,Delta,2025-01-19,Medium,1200
4045,Owo,Ondo,2024-11-14,Large,2200
4046,Agbani,Enugu,2025-09-06,Large,2200
4047,Nembe,Bayelsa,2025-10-30,Medium,1200
4048,Hadejia,Jigawa,2025-02-23,Extra Large,3500
4049,Dutse,Jigawa,2025-11-20,Small,500
4050,Wukari,Taraba,2025-04-14,Extra Large,3500
4051,Obudu,Cross River,2025-01-22,Large,2200
4052,Ikorodu,Lagos,2025-06-06,Extra Large,3500
4053,Ikot Ekpene,Akwa Ibom,2024-10-29,Small,500
4054,Ilorin,Kwara,2024-12-07,Medium,1200
4055,Ilaro,Ogun,2025-01-03,Large,2200
4056,Lokoja,Kogi,2025-09-24,Medium,1200
4057,Omu-Aran,Kwara,2025-10-16,Medium,1200
4058,Saki,Oyo,2026-01-12,Medium,1200
4059,Girei,Adamawa,2025-08-21,Extra Large,3500
4060,Ikare,Ondo,2025-10-25,Extra Large,3500
4061,Okigwe,Imo,2025-03-19,Large,2200
4062,Kabba,Kogi,2025-09-20,Extra Large,3500
4063,Katsina,Katsina,2024-08-23,Medium,1200
4064,Sokoto,Sokoto,2024-09-30,Extra Large,3500
4065,Owo,Ondo,2025-02-13,Extra Large,3500
4066,Mubi,Adamawa,2024-12-30,Medium,1200
4067,Dutsin-Ma,Katsina,2025-06-03,Medium,1200
4068,Ikom,Cross River,2025-09-18,Large,2200
4069,Awka,Anambra,2025-09-25,Large,2200
4070,Sapele,Delta,2024-08-22,Extra Large,3500
4071,Suleja,Niger,2026-04-02,Extra Large,3500
4072,Umuahia,Abia,2024-04-30,Medium,1200
4073,Ekpoma,Edo,2024-07-02,Large,2200
4074,Brass,Bayelsa,2024-08-11,Medium,1200
4075,Oji River,Enugu,2026-03-04,Small,500
4076,Orlu,Imo,2025-03-11,Large,2200
4077,Arochukwu,Abia,2024-06-12,Medium,1200
4078,Ilorin,Kwara,2024-10-06,Extra Large,3500
4079,Kaura Namoda,Zamfara,2024-06-24,Medium,1200
4080,Langtang,Plateau,2024-05-24,Extra Large,3500
4081,Owerri,Imo,2025-02-01,Extra Large,3500
4082,Ogoja,Cross River,2026-04-16,Medium,1200
4083,Bida,Niger,2025-07-19,Large,2200
4084,Idanre,Ondo,2025-05-12,Extra Large,3500
4085,Damaturu,Yobe,2025-09-29,Large,2200
4086,Eleme,Rivers,2025-07-07,Small,500
4087,Dukku,Gombe,2026-03-19,Medium,1200
4088,Okigwe,Imo,2025-12-17,Large,2200
4089,Ankpa,Kogi,2025-08-08,Small,500
4090,Minna,Niger,2025-03-13,Medium,1200
4091,Obudu,Cross River,2024-09-21,Medium,1200
4092,Eket,Akwa Ibom,2025-08-20,Large,2200
4093,Akure,Ondo,2025-12-05,Large,2200
4094,Keffi,Nasarawa,2024-11-22,Extra Large,3500
4095,Sapele,Delta,2024-05-21,Large,2200
4096,Nassarawa,Nasarawa,2025-07-09,Small,500
4097,Kazaure,Jigawa,2025-05-09,Medium,1200
4098,Ohaozara,Ebonyi,2024-10-13,Small,500
4099,Ibadan,Oyo,2024-08-28,Large,2200
4100,Katsina-Ala,Benue,2024-05-23,Small,500
4101,Onueke,Ebonyi,2024-10-18,Medium,1200
4102,Gwadabawa,Sokoto,2024-04-27,Extra Large,3500
4103,Arochukwu,Abia,2024-08-20,Extra Large,3500
4104,Akure,Ondo,2026-04-25,Large,2200
4105,Owo,Ondo,2025-11-17,Small,500
4106,Ejigbo,Osun,2025-01-10,Large,2200
4107,Pankshin,Plateau,2025-02-09,Large,2200
4108,Biu,Borno,2025-06-29,Extra Large,3500
4109,Nguru,Yobe,2025-05-10,Small,500
4110,Asaba,Delta,2025-10-17,Large,2200
4111,Hadejia,Jigawa,2024-06-16,Extra Large,3500
4112,Akure,Ondo,2024-07-01,Extra Large,3500
4113,Kano,Kano,2024-11-20,Small,500
4114,Degema,Rivers,2025-12-24,Large,2200
4115,Ogidi,Anambra,2026-02-24,Large,2200
4116,Kazaure,Jigawa,2025-01-06,Large,2200
4117,Kano,Kano,2026-04-01,Large,2200
4118,Ekpoma,Edo,2024-11-15,Large,2200
4119,Abeokuta,Ogun,2025-07-14,Extra Large,3500
4120,Yauri,Kebbi,2024-09-16,Small,500
4121,Monguno,Borno,2026-03-07,Small,500
4122,Nguru,Yobe,2025-06-21,Medium,1200
4123,Benin City,Edo,2024-11-03,Small,500
4124,Ikom,Cross River,2025-02-18,Extra Large,3500
4125,Owo,Ondo,2024-07-13,Large,2200
4126,Saki,Oyo,2024-06-18,Medium,1200
4127,Gembu,Taraba,2024-11-28,Extra Large,3500
4128,Uyo,Akwa Ibom,2026-03-20,Large,2200
4129,Lagos,Lagos,2025-12-04,Medium,1200
4130,Katsina-Ala,Benue,2026-03-27,Small,500
4131,Idah,Kogi,2026-01-27,Extra Large,3500
4132,Minna,Niger,2025-12-12,Medium,1200
4133,Dutse,Jigawa,2025-06-21,Extra Large,3500
4134,Biu,Borno,2025-09-16,Large,2200
4135,Dutsin-Ma,Katsina,2026-04-03,Medium,1200
4136,Nnewi,Anambra,2025-06-12,Extra Large,3500
4137,Oji River,Enugu,2025-11-10,Large,2200
4138,Ekpoma,Edo,2025-11-01,Small,500
4139,Suleja,Niger,2026-03-30,Large,2200
4140,Kaduna,Kaduna,2025-03-28,Extra Large,3500
4141,Enugu,Enugu,2025-03-29,Extra Large,3500
4142,Ogoja,Cross River,2025-06-29,Large,2200
4143,Saki,Oyo,2024-05-16,Large,2200
4144,Otukpo,Benue,2024-07-20,Medium,1200
4145,Numan,Adamawa,2024-06-15,Medium,1200
4146,Jamaare,Bauchi,2025-08-03,Large,2200
4147,Saki,Oyo,2026-04-23,Extra Large,3500
4148,Ankpa,Kogi,2025-09-03,Extra Large,3500
4149,Shendam,Plateau,2024-10-12,Small,500
4150,Idah,Kogi,2024-12-13,Large,2200
4151,Kaiama,Kwara,2026-03-26,Medium,1200
4152,Iseyin,Oyo,2025-05-09,Medium,1200
4153,Potiskum,Yobe,2024-05-04,Extra Large,3500
4154,Kazaure,Jigawa,2025-12-26,Small,500
4155,Oporoma,Bayelsa,2024-10-25,Large,2200
4156,Brass,Bayelsa,2024-07-03,Large,2200
4157,Funtua,Katsina,2025-09-01,Large,2200
4158,Ede,Osun,2025-12-18,Small,500
4159,Agbor,Delta,2024-06-21,Medium,1200
4160,Jebba,Kwara,2026-03-08,Extra Large,3500
4161,Abeokuta,Ogun,2025-04-10,Large,2200
4162,Kaura Namoda,Zamfara,2025-01-10,Medium,1200
4163,Wamba,Nasarawa,2026-02-09,Medium,1200
4164,Wamba,Nasarawa,2024-11-09,Small,500
4165,Katsina-Ala,Benue,2026-03-20,Medium,1200
4166,Enugu,Enugu,2025-09-08,Large,2200
4167,Auchi,Edo,2026-02-21,Extra Large,3500
4168,Kaura Namoda,Zamfara,2025-04-26,Large,2200
4169,Oji River,Enugu,2024-09-19,Large,2200
4170,Yauri,Kebbi,2025-10-16,Small,500
4171,Kamba,Kebbi,2026-01-24,Extra Large,3500
4172,Deba,Gombe,2024-09-25,Extra Large,3500
4173,Oyo Town,Oyo,2024-09-22,Extra Large,3500
4174,Afikpo,Ebonyi,2024-10-26,Extra Large,3500
4175,Kano,Kano,2025-07-23,Large,2200
4176,Ogbomoso,Oyo,2024-08-19,Small,500
4177,Wamba,Nasarawa,2024-07-13,Extra Large,3500
4178,Ilaro,Ogun,2026-02-28,Medium,1200
4179,Futungo,Adamawa,2025-09-03,Medium,1200
4180,Akamkpa,Cross River,2025-08-24,Small,500
4181,Abeokuta,Ogun,2025-07-19,Large,2200
4182,Orlu,Imo,2025-11-06,Extra Large,3500
4183,Sagbama,Bayelsa,2025-05-27,Small,500
4184,Wamba,Nasarawa,2024-05-27,Medium,1200
4185,Ohaozara,Ebonyi,2025-04-14,Large,2200
4186,Orlu,Imo,2025-07-24,Extra Large,3500
4187,Omuo-Ekiti,Ekiti,2025-04-21,Medium,1200
4188,Kano,Kano,2026-04-17,Small,500
4189,Udi,Enugu,2026-02-11,Extra Large,3500
4190,Ogbomoso,Oyo,2026-01-22,Extra Large,3500
4191,Orlu,Imo,2025-04-20,Extra Large,3500
4192,Sokoto,Sokoto,2026-04-16,Large,2200
4193,Afikpo,Ebonyi,2026-02-25,Extra Large,3500
4194,Bauchi,Bauchi,2024-11-17,Small,500
4195,Ota,Ogun,2024-10-06,Extra Large,3500
4196,Lafia,Nasarawa,2025-06-22,Extra Large,3500
4197,Birnin Kudu,Jigawa,2024-06-05,Small,500
4198,Damaturu,Yobe,2025-12-02,Extra Large,3500
4199,Jos,Plateau,2025-04-11,Large,2200
4200,Minna,Niger,2025-05-27,Large,2200
4201,Rijau,Niger,2025-04-29,Extra Large,3500
4202,Akure,Ondo,2025-02-08,Small,500
4203,Sapele,Delta,2025-09-10,Small,500
4204,Onueke,Ebonyi,2024-09-01,Extra Large,3500
4205,Okene,Kogi,2026-04-10,Medium,1200
4206,Barkin Ladi,Plateau,2025-09-19,Large,2200
4207,Gboko,Benue,2025-03-29,Small,500
4208,Iseyin,Oyo,2025-09-12,Medium,1200
4209,Gumel,Jigawa,2024-05-05,Large,2200
4210,Ilesa,Osun,2024-09-28,Extra Large,3500
4211,Birnin Kudu,Jigawa,2025-06-25,Large,2200
4212,Eket,Akwa Ibom,2024-12-20,Medium,1200
4213,Bali,Taraba,2025-07-18,Small,500
4214,Kaltungo,Gombe,2024-11-02,Large,2200
4215,Bichi,Kano,2025-06-01,Medium,1200
4216,Malumfashi,Katsina,2024-10-17,Extra Large,3500
4217,Wudil,Kano,2025-04-06,Medium,1200
4218,Agbor,Delta,2025-07-19,Large,2200
4219,Akwanga,Nasarawa,2025-01-19,Medium,1200
4220,Mubi,Adamawa,2025-04-26,Large,2200
4221,Agbor,Delta,2024-09-27,Small,500
4222,Gumel,Jigawa,2025-09-21,Extra Large,3500
4223,Shendam,Plateau,2025-01-24,Medium,1200
4224,Offa,Kwara,2026-01-11,Large,2200
4225,Bali,Taraba,2024-11-17,Extra Large,3500
4226,Omoku,Rivers,2024-09-05,Extra Large,3500
4227,Uromi,Edo,2024-07-31,Extra Large,3500
4228,Aba,Abia,2025-06-21,Large,2200
4229,Kaltungo,Gombe,2024-10-11,Medium,1200
4230,Biu,Gombe,2024-07-09,Large,2200
4231,Biu,Borno,2024-11-10,Large,2200
4232,Degema,Rivers,2024-10-16,Small,500
4233,Wukari,Taraba,2025-03-08,Medium,1200
4234,Lagos,Lagos,2025-01-30,Extra Large,3500
4235,Gboko,Benue,2024-08-11,Small,500
4236,Saminaka,Kaduna,2026-03-29,Small,500
4237,Ekwulobia,Anambra,2024-08-14,Medium,1200
4238,Okigwe,Imo,2025-12-06,Medium,1200
4239,Orlu,Imo,2024-09-03,Extra Large,3500
4240,Benin City,Edo,2025-04-27,Large,2200
4241,Anka,Zamfara,2026-04-24,Small,500
4242,Ado-Ekiti,Ekiti,2026-01-07,Medium,1200
4243,Bali,Taraba,2025-05-09,Small,500
4244,Nsukka,Enugu,2025-10-05,Medium,1200
4245,Langtang,Plateau,2025-11-22,Small,500
4246,Damaturu,Yobe,2024-12-02,Large,2200
4247,Azare,Bauchi,2025-06-11,Extra Large,3500
4248,Gwoza,Borno,2025-06-16,Small,500
4249,Barkin Ladi,Plateau,2025-02-12,Small,500
4250,Buni Yadi,Yobe,2025-09-13,Medium,1200
4251,Bori,Rivers,2024-06-09,Small,500
4252,Akure,Ondo,2025-12-12,Extra Large,3500
4253,Efon,Ekiti,2025-04-10,Extra Large,3500
4254,Ohafia,Abia,2025-07-31,Extra Large,3500
4255,Kagoro,Kaduna,2025-03-21,Medium,1200
4256,Ankpa,Kogi,2024-12-27,Extra Large,3500
4257,Wamako,Sokoto,2025-01-15,Large,2200
4258,Birnin Kudu,Jigawa,2025-06-10,Medium,1200
4259,Idah,Kogi,2026-03-09,Large,2200
4260,Osogbo,Osun,2024-11-01,Medium,1200
4261,Port Harcourt,Rivers,2024-05-11,Large,2200
4262,Gwadabawa,Sokoto,2024-07-24,Extra Large,3500
4263,Afikpo,Ebonyi,2026-01-21,Small,500
4264,Owo,Ondo,2026-04-01,Small,500
4265,Ilesa,Osun,2024-09-19,Medium,1200
4266,Ado-Ekiti,Ekiti,2025-06-21,Medium,1200
4267,Agbani,Enugu,2025-08-14,Large,2200
4268,Kamba,Kebbi,2024-09-01,Extra Large,3500
4269,Gboko,Benue,2025-11-18,Medium,1200
4270,Sapele,Delta,2025-01-11,Medium,1200
4271,Igbara-Odo,Ekiti,2025-09-01,Medium,1200
4272,Ishieke,Ebonyi,2025-04-18,Medium,1200
4273,Kamba,Kebbi,2025-10-17,Extra Large,3500
4274,Sagamu,Ogun,2026-02-06,Medium,1200
4275,Kazaure,Jigawa,2025-01-30,Large,2200
4276,Ikeja,Lagos,2024-11-22,Large,2200
4277,Idah,Kogi,2025-08-01,Large,2200
4278,Ilesa,Osun,2024-08-10,Extra Large,3500
4279,Kontagora,Niger,2024-08-27,Small,500
4280,Minna,Niger,2025-12-08,Extra Large,3500
4281,Offa,Kwara,2024-12-29,Extra Large,3500
4282,Kaduna,Kaduna,2025-08-01,Medium,1200
4283,Agbani,Enugu,2025-06-18,Large,2200
4284,Lagos,Lagos,2026-01-07,Large,2200
4285,Ikare,Ondo,2024-06-18,Large,2200
4286,Tsafe,Zamfara,2024-08-23,Medium,1200
4287,Udi,Enugu,2024-10-10,Extra Large,3500
4288,Kaduna,Kaduna,2024-12-14,Small,500
4289,Orlu,Imo,2024-11-25,Large,2200
4290,Shendam,Plateau,2024-11-08,Extra Large,3500
4291,Oron,Akwa Ibom,2025-08-11,Extra Large,3500
4292,Okigwe,Imo,2024-11-11,Extra Large,3500
4293,Awka,Anambra,2025-03-18,Small,500
4294,Idah,Kogi,2026-01-17,Large,2200
4295,Ilesa,Osun,2025-01-17,Small,500
4296,Barkin Ladi,Plateau,2025-06-30,Small,500
4297,Zuru,Kebbi,2026-04-02,Medium,1200
4298,Agbor,Delta,2025-02-23,Large,2200
4299,Efon,Ekiti,2024-09-08,Small,500
4300,Ile-Ife,Osun,2024-05-13,Large,2200
4301,Gashua,Yobe,2025-10-11,Large,2200
4302,Mubi,Adamawa,2025-08-23,Small,500
4303,Yauri,Kebbi,2026-03-15,Extra Large,3500
4304,Nsukka,Enugu,2025-09-21,Large,2200
4305,Ogbomoso,Oyo,2024-06-24,Extra Large,3500
4306,Badagry,Lagos,2024-08-27,Medium,1200
4307,Gumel,Jigawa,2024-07-11,Small,500
4308,Calabar,Cross River,2024-06-12,Extra Large,3500
4309,Ikare,Ondo,2026-01-29,Extra Large,3500
4310,Ogidi,Anambra,2025-06-01,Small,500
4311,Wamako,Sokoto,2024-05-16,Small,500
4312,Akure,Ondo,2025-02-11,Large,2200
4313,Nguru,Yobe,2025-11-07,Large,2200
4314,Lokoja,Kogi,2024-06-26,Small,500
4315,Nembe,Bayelsa,2024-11-04,Small,500
4316,Potiskum,Yobe,2024-08-18,Small,500
4317,Saki,Oyo,2025-08-18,Medium,1200
4318,Dass,Bauchi,2026-02-03,Large,2200
4319,Iseyin,Oyo,2024-12-09,Medium,1200
4320,Lokoja,Kogi,2024-10-24,Medium,1200
4321,Kabba,Kogi,2024-11-20,Extra Large,3500
4322,Girei,Adamawa,2025-07-28,Large,2200
4323,Isuikwuato,Abia,2024-07-31,Extra Large,3500
4324,Yola,Adamawa,2025-12-30,Medium,1200
4325,Zuru,Kebbi,2024-05-17,Medium,1200
4326,Hadejia,Jigawa,2025-08-25,Large,2200
4327,Nguru,Yobe,2026-01-15,Medium,1200
4328,Jebba,Kwara,2024-12-20,Medium,1200
4329,Ikere-Ekiti,Ekiti,2025-04-10,Medium,1200
4330,Daura,Katsina,2026-04-09,Small,500
4331,Futungo,Adamawa,2025-05-27,Small,500
4332,Akamkpa,Cross River,2024-11-12,Large,2200
4333,Misau,Bauchi,2025-03-18,Large,2200
4334,Biu,Gombe,2026-04-05,Medium,1200
4335,Daura,Katsina,2025-09-18,Extra Large,3500
4336,Zaria,Kaduna,2024-09-03,Medium,1200
4337,Ilorin,Kwara,2025-07-07,Medium,1200
4338,Osogbo,Osun,2025-08-01,Extra Large,3500
4339,Girei,Adamawa,2025-08-04,Medium,1200
4340,Lafia,Nasarawa,2025-06-13,Extra Large,3500
4341,Ede,Osun,2025-05-14,Medium,1200
4342,Oji River,Enugu,2025-08-07,Small,500
4343,Brass,Bayelsa,2024-12-09,Small,500
4344,Afikpo,Ebonyi,2025-01-05,Small,500
4345,Eleme,Rivers,2025-05-26,Large,2200
4346,Zuru,Kebbi,2025-12-06,Medium,1200
4347,Enugu,Enugu,2025-03-15,Large,2200
4348,Pankshin,Plateau,2025-01-19,Small,500
4349,Ibadan,Oyo,2024-11-02,Small,500
4350,Nassarawa,Nasarawa,2024-12-04,Extra Large,3500
4351,Gboko,Benue,2024-04-27,Large,2200
4352,Katsina,Katsina,2025-12-14,Extra Large,3500
4353,Daura,Katsina,2026-01-06,Small,500
4354,Nassarawa,Nasarawa,2025-01-03,Small,500
4355,Kafanchan,Kaduna,2025-04-04,Small,500
4356,Warri,Delta,2024-05-03,Medium,1200
4357,Umuahia,Abia,2026-03-02,Medium,1200
4358,Obudu,Cross River,2026-03-20,Small,500
4359,Ogidi,Anambra,2025-04-10,Medium,1200
4360,Bichi,Kano,2024-05-03,Extra Large,3500
4361,Ohaozara,Ebonyi,2025-03-07,Medium,1200
4362,Irrua,Edo,2024-11-27,Medium,1200
4363,Ekpoma,Edo,2024-10-13,Small,500
4364,Abakaliki,Ebonyi,2024-05-02,Extra Large,3500
4365,Agbani,Enugu,2025-01-25,Extra Large,3500
4366,Badagry,Lagos,2025-02-21,Large,2200
4367,Yola,Adamawa,2025-06-10,Large,2200
4368,Girei,Adamawa,2025-02-09,Small,500
4369,Ughelli,Delta,2024-08-24,Small,500
4370,Nguru,Yobe,2025-10-17,Medium,1200
4371,Abakaliki,Ebonyi,2025-02-05,Small,500
4372,Offa,Kwara,2025-01-28,Small,500
4373,Abeokuta,Ogun,2024-11-05,Small,500
4374,Langtang,Plateau,2025-03-01,Extra Large,3500
4375,Nguru,Yobe,2024-10-19,Medium,1200
4376,Ohafia,Abia,2025-11-06,Extra Large,3500
4377,Pankshin,Plateau,2026-02-21,Medium,1200
4378,Kamba,Kebbi,2025-12-08,Large,2200
4379,Katsina-Ala,Benue,2025-09-09,Extra Large,3500
4380,Ikere-Ekiti,Ekiti,2024-11-21,Medium,1200
4381,Tambuwal,Sokoto,2025-10-22,Medium,1200
4382,Gombe,Gombe,2025-12-09,Small,500
4383,Bida,Niger,2025-02-22,Small,500
4384,Orlu,Imo,2026-01-10,Large,2200
4385,Ekpoma,Edo,2024-09-07,Large,2200
4386,Saki,Oyo,2024-11-24,Large,2200
4387,Ogoja,Cross River,2025-08-05,Extra Large,3500
4388,Ikeja,Lagos,2025-07-22,Small,500
4389,Lafia,Nasarawa,2024-11-11,Medium,1200
4390,Benin City,Edo,2025-07-26,Medium,1200
4391,Eket,Akwa Ibom,2024-09-11,Medium,1200
4392,Bida,Niger,2024-05-11,Small,500
4393,Langtang,Plateau,2024-06-02,Large,2200
4394,Efon,Ekiti,2025-05-23,Extra Large,3500
4395,Ile-Ife,Osun,2024-09-09,Extra Large,3500
4396,Birnin Kudu,Jigawa,2024-07-10,Extra Large,3500
4397,Monguno,Borno,2024-11-09,Large,2200
4398,Okene,Kogi,2025-10-01,Large,2200
4399,Kabba,Kogi,2025-10-10,Extra Large,3500
4400,Gboko,Benue,2024-10-14,Large,2200
4401,Misau,Bauchi,2024-08-15,Extra Large,3500
4402,Futungo,Adamawa,2025-04-22,Medium,1200
4403,Otukpo,Benue,2025-01-01,Extra Large,3500
4404,Maiduguri,Borno,2024-12-10,Large,2200
4405,Ogoja,Cross River,2025-12-02,Large,2200
4406,Ede,Osun,2026-04-26,Small,500
4407,Tambuwal,Sokoto,2025-03-31,Extra Large,3500
4408,Tambuwal,Sokoto,2025-11-26,Medium,1200
4409,Gombe,Gombe,2024-12-24,Medium,1200
4410,Jebba,Kwara,2026-01-03,Medium,1200
4411,Gembu,Taraba,2026-03-23,Small,500
4412,Gashua,Yobe,2024-06-06,Medium,1200
4413,Wukari,Taraba,2025-11-15,Large,2200
4414,Abakaliki,Ebonyi,2024-06-18,Medium,1200
4415,Biu,Gombe,2025-04-05,Extra Large,3500
4416,Omuo-Ekiti,Ekiti,2024-09-14,Small,500
4417,Bida,Niger,2026-01-02,Extra Large,3500
4418,Mutum Biyu,Taraba,2025-12-15,Extra Large,3500
4419,Oyo Town,Oyo,2025-12-23,Medium,1200
4420,Katsina,Katsina,2024-07-25,Small,500
4421,Birnin Kudu,Jigawa,2025-11-09,Large,2200
4422,Udi,Enugu,2024-10-25,Small,500
4423,Ekwulobia,Anambra,2025-11-11,Medium,1200
4424,Ughelli,Delta,2025-03-16,Medium,1200
4425,Mbaise,Imo,2025-10-18,Medium,1200
4426,Ilaro,Ogun,2024-05-21,Medium,1200
4427,Okigwe,Imo,2025-03-29,Small,500
4428,Kaltungo,Gombe,2025-11-11,Medium,1200
4429,Minna,Niger,2025-05-12,Medium,1200
4430,Oji River,Enugu,2026-04-14,Medium,1200
4431,Kafanchan,Kaduna,2025-04-07,Small,500
4432,Dikwa,Borno,2025-09-07,Large,2200
4433,Jalingo,Taraba,2024-12-11,Extra Large,3500
4434,Deba,Gombe,2024-12-19,Large,2200
4435,Dikwa,Borno,2025-07-30,Extra Large,3500
4436,Asaba,Delta,2024-05-27,Large,2200
4437,Kaduna,Kaduna,2026-03-13,Extra Large,3500
4438,Dutse,Jigawa,2025-05-12,Extra Large,3500
4439,Idanre,Ondo,2024-10-29,Medium,1200
4440,Bori,Rivers,2025-08-06,Medium,1200
4441,Jalingo,Taraba,2024-09-19,Small,500
4442,Ikeja,Lagos,2026-02-04,Extra Large,3500
4443,Ikare,Ondo,2026-01-18,Small,500
4444,Gboko,Benue,2024-10-03,Large,2200
4445,Birnin Kudu,Jigawa,2024-07-18,Large,2200
4446,Sagamu,Ogun,2025-08-02,Large,2200
4447,Yenagoa,Bayelsa,2024-12-20,Small,500
4448,Omoku,Rivers,2024-08-27,Extra Large,3500
4449,Dukku,Gombe,2024-11-14,Extra Large,3500
4450,Kaduna,Kaduna,2024-07-23,Extra Large,3500
4451,Tsafe,Zamfara,2025-11-24,Extra Large,3500
4452,Mutum Biyu,Taraba,2024-05-03,Small,500
4453,Vandeikya,Benue,2024-05-27,Small,500
4454,Makurdi,Benue,2025-11-20,Medium,1200
4455,Ikorodu,Lagos,2025-04-09,Extra Large,3500
4456,Minna,Niger,2025-07-06,Large,2200
4457,Ede,Osun,2025-01-23,Small,500
4458,Kontagora,Niger,2024-07-01,Small,500
4459,Udi,Enugu,2024-08-20,Medium,1200
4460,Numan,Adamawa,2024-07-02,Small,500
4461,Danbatta,Kano,2025-07-23,Small,500
4462,Oyo Town,Oyo,2026-03-08,Large,2200
4463,Omu-Aran,Kwara,2026-04-25,Medium,1200
4464,Kagoro,Kaduna,2025-07-27,Small,500
4465,Zuru,Kebbi,2024-06-09,Large,2200
4466,Afikpo,Ebonyi,2025-08-11,Large,2200
4467,Bida,Niger,2025-09-21,Medium,1200
4468,Port Harcourt,Rivers,2025-11-26,Large,2200
4469,Jebba,Kwara,2024-07-27,Medium,1200
4470,Yauri,Kebbi,2024-10-14,Small,500
4471,Oporoma,Bayelsa,2026-04-14,Large,2200
4472,Omoku,Rivers,2025-11-24,Extra Large,3500
4473,Omuo-Ekiti,Ekiti,2025-11-01,Extra Large,3500
4474,Omu-Aran,Kwara,2025-12-06,Extra Large,3500
4475,Ikeja,Lagos,2025-03-13,Medium,1200
4476,Birnin Kebbi,Kebbi,2024-09-15,Small,500
4477,Efon,Ekiti,2025-09-12,Large,2200
4478,Illela,Sokoto,2025-01-13,Large,2200
4479,Tsafe,Zamfara,2024-08-03,Medium,1200
4480,Rijau,Niger,2026-02-12,Small,500
4481,Ado-Ekiti,Ekiti,2025-04-16,Small,500
4482,Bida,Niger,2025-03-12,Medium,1200
4483,Ankpa,Kogi,2024-11-28,Large,2200
4484,Suleja,Niger,2025-09-18,Extra Large,3500
4485,Gboko,Benue,2024-09-12,Small,500
4486,Argungu,Kebbi,2024-09-10,Extra Large,3500
4487,Eket,Akwa Ibom,2025-01-06,Medium,1200
4488,Kaduna,Kaduna,2025-10-14,Extra Large,3500
4489,Biu,Gombe,2024-11-14,Medium,1200
4490,Deba,Gombe,2025-12-25,Medium,1200
4491,Asaba,Delta,2026-02-24,Large,2200
4492,Owerri,Imo,2025-06-06,Extra Large,3500
4493,Ede,Osun,2024-06-16,Medium,1200
4494,Ijebu-Ode,Ogun,2024-08-18,Extra Large,3500
4495,Akwanga,Nasarawa,2024-11-29,Large,2200
4496,Kazaure,Jigawa,2024-11-05,Large,2200
4497,Ikeja,Lagos,2025-01-20,Large,2200
4498,Gashua,Yobe,2024-04-27,Small,500
4499,Ogoja,Cross River,2025-08-06,Medium,1200
4500,Buni Yadi,Yobe,2025-01-29,Medium,1200
4501,Vandeikya,Benue,2024-09-09,Extra Large,3500
4502,Gashua,Yobe,2024-05-10,Small,500
4503,Kaltungo,Gombe,2026-01-13,Medium,1200
4504,Oyo Town,Oyo,2025-11-15,Small,500
4505,Saki,Oyo,2024-10-18,Extra Large,3500
4506,Eleme,Rivers,2025-10-06,Extra Large,3500
4507,Azare,Bauchi,2025-08-21,Small,500
4508,Kaura Namoda,Zamfara,2025-05-25,Small,500
4509,Kaiama,Kwara,2025-02-04,Medium,1200
4510,Misau,Bauchi,2025-05-15,Small,500
4511,Saminaka,Kaduna,2025-04-25,Large,2200
4512,Futungo,Adamawa,2025-06-04,Extra Large,3500
4513,Ondo City,Ondo,2025-07-19,Extra Large,3500
4514,Oji River,Enugu,2024-12-18,Large,2200
4515,Gashua,Yobe,2025-08-08,Large,2200
4516,Dukku,Gombe,2024-07-16,Extra Large,3500
4517,Agbor,Delta,2025-05-14,Large,2200
4518,Isuikwuato,Abia,2024-06-14,Small,500
4519,Jebba,Kwara,2025-12-28,Small,500
4520,Jamaare,Bauchi,2024-07-30,Small,500
4521,Mutum Biyu,Taraba,2026-01-25,Medium,1200
4522,Ikere-Ekiti,Ekiti,2024-09-21,Medium,1200
4523,Benin City,Edo,2025-04-16,Extra Large,3500
4524,Monguno,Borno,2024-07-08,Small,500
4525,Katsina-Ala,Benue,2025-06-18,Extra Large,3500
4526,Ilaro,Ogun,2025-12-29,Extra Large,3500
4527,Ogoja,Cross River,2025-08-20,Medium,1200
4528,Gboko,Benue,2025-05-16,Large,2200
4529,Uromi,Edo,2025-09-21,Large,2200
4530,Port Harcourt,Rivers,2024-10-31,Medium,1200
4531,Kazaure,Jigawa,2025-01-19,Medium,1200
4532,Kaltungo,Gombe,2025-07-13,Small,500
4533,Kabba,Kogi,2024-06-17,Small,500
4534,Bali,Taraba,2026-03-07,Small,500
4535,Ogidi,Anambra,2024-09-26,Small,500
4536,Lagos,Lagos,2025-04-21,Medium,1200
4537,Isuikwuato,Abia,2026-02-06,Small,500
4538,Ohafia,Abia,2024-06-24,Extra Large,3500
4539,Katsina,Katsina,2025-12-03,Large,2200
4540,Azare,Bauchi,2024-06-10,Medium,1200
4541,Omoku,Rivers,2025-06-08,Medium,1200
4542,Ilorin,Kwara,2026-03-13,Medium,1200
4543,Ikorodu,Lagos,2025-02-25,Medium,1200
4544,Ile-Ife,Osun,2025-01-21,Medium,1200
4545,Osogbo,Osun,2025-09-26,Small,500
4546,Damaturu,Yobe,2025-12-20,Large,2200
4547,Kano,Kano,2024-11-07,Large,2200
4548,Irrua,Edo,2024-05-26,Medium,1200
4549,Katsina-Ala,Benue,2024-06-17,Medium,1200
4550,Agbor,Delta,2024-12-05,Large,2200
4551,Saki,Oyo,2026-03-18,Extra Large,3500
4552,Osogbo,Osun,2026-03-30,Small,500
4553,Okene,Kogi,2024-07-06,Large,2200
4554,Warri,Delta,2025-10-09,Extra Large,3500
4555,Igbara-Odo,Ekiti,2025-05-20,Small,500
4556,Ilorin,Kwara,2024-09-12,Extra Large,3500
4557,Vandeikya,Benue,2025-05-16,Small,500
4558,Kamba,Kebbi,2024-10-25,Extra Large,3500
4559,Potiskum,Yobe,2025-07-28,Large,2200
4560,Argungu,Kebbi,2024-09-04,Extra Large,3500
4561,Omuo-Ekiti,Ekiti,2025-10-26,Extra Large,3500
4562,Kontagora,Niger,2025-02-24,Extra Large,3500
4563,Oporoma,Bayelsa,2024-07-13,Small,500
4564,Port Harcourt,Rivers,2025-08-06,Large,2200
4565,Kaura Namoda,Zamfara,2025-01-13,Extra Large,3500
4566,Malumfashi,Katsina,2025-03-28,Large,2200
4567,Ogidi,Anambra,2025-08-26,Small,500
4568,Ado-Ekiti,Ekiti,2026-02-01,Large,2200
4569,Potiskum,Yobe,2024-08-26,Large,2200
4570,Ogidi,Anambra,2024-09-05,Small,500
4571,Nnewi,Anambra,2025-02-14,Extra Large,3500
4572,Omuo-Ekiti,Ekiti,2024-12-29,Small,500
4573,Idanre,Ondo,2024-08-20,Medium,1200
4574,Wamako,Sokoto,2026-04-26,Small,500
4575,Enugu,Enugu,2025-03-16,Extra Large,3500
4576,Auchi,Edo,2025-01-09,Large,2200
4577,Azare,Bauchi,2024-12-13,Extra Large,3500
4578,Udi,Enugu,2026-04-21,Small,500
4579,Oron,Akwa Ibom,2024-12-20,Medium,1200
4580,Monguno,Borno,2025-01-23,Small,500
4581,Okigwe,Imo,2025-11-06,Medium,1200
4582,Keffi,Nasarawa,2025-03-07,Large,2200
4583,Minna,Niger,2025-10-09,Medium,1200
4584,Agbor,Delta,2025-07-15,Medium,1200
4585,Kazaure,Jigawa,2025-06-12,Large,2200
4586,Agbani,Enugu,2024-09-30,Extra Large,3500
4587,Arochukwu,Abia,2025-11-07,Extra Large,3500
4588,Akwanga,Nasarawa,2026-03-05,Medium,1200
4589,Bori,Rivers,2024-10-29,Small,500
4590,Minna,Niger,2026-03-30,Extra Large,3500
4591,Ikom,Cross River,2025-03-20,Small,500
4592,Maiduguri,Borno,2025-02-11,Medium,1200
4593,Port Harcourt,Rivers,2025-10-09,Medium,1200
4594,Gashua,Yobe,2026-04-15,Medium,1200
4595,Kazaure,Jigawa,2025-07-06,Large,2200
4596,Gashua,Yobe,2025-05-10,Large,2200
4597,Dutse,Jigawa,2026-04-23,Small,500
4598,Suleja,Niger,2024-12-03,Small,500
4599,Kaura Namoda,Zamfara,2024-12-02,Medium,1200
4600,Akamkpa,Cross River,2024-10-06,Small,500
4601,Langtang,Plateau,2026-01-12,Small,500
4602,Biu,Borno,2024-05-12,Small,500
4603,Keffi,Nasarawa,2025-12-18,Small,500
4604,Azare,Bauchi,2025-09-13,Extra Large,3500
4605,Epe,Lagos,2024-11-14,Medium,1200
4606,Ejigbo,Osun,2025-06-05,Small,500
4607,Tambuwal,Sokoto,2025-06-07,Medium,1200
4608,Birnin Kebbi,Kebbi,2026-03-04,Small,500
4609,Sapele,Delta,2024-08-18,Large,2200
4610,Ekpoma,Edo,2024-05-24,Extra Large,3500
4611,Ado-Ekiti,Ekiti,2025-01-11,Extra Large,3500
4612,Keffi,Nasarawa,2024-08-06,Large,2200
4613,Sokoto,Sokoto,2025-01-20,Medium,1200
4614,Auchi,Edo,2025-06-26,Large,2200
4615,Osogbo,Osun,2024-10-14,Extra Large,3500
4616,Azare,Bauchi,2025-12-10,Large,2200
4617,Talata Mafara,Zamfara,2024-07-03,Medium,1200
4618,Anka,Zamfara,2025-02-13,Small,500
4619,Maiduguri,Borno,2026-02-26,Extra Large,3500
4620,Gembu,Taraba,2025-10-15,Small,500
4621,Onueke,Ebonyi,2025-10-07,Large,2200
4622,Eket,Akwa Ibom,2025-11-27,Small,500
4623,Gombe,Gombe,2024-08-31,Extra Large,3500
4624,Isuikwuato,Abia,2025-12-21,Small,500
4625,Wamba,Nasarawa,2025-09-13,Small,500
4626,Gombe,Gombe,2025-06-22,Small,500
4627,Girei,Adamawa,2026-02-19,Extra Large,3500
4628,Rano,Kano,2025-07-06,Extra Large,3500
4629,Ile-Ife,Osun,2024-12-02,Extra Large,3500
4630,Gumel,Jigawa,2025-10-13,Extra Large,3500
4631,Barkin Ladi,Plateau,2025-06-22,Extra Large,3500
4632,Gashua,Yobe,2024-06-23,Medium,1200
4633,Sapele,Delta,2024-06-06,Medium,1200
4634,Akwanga,Nasarawa,2025-11-11,Medium,1200
4635,Lagos,Lagos,2025-01-06,Extra Large,3500
4636,Daura,Katsina,2025-12-15,Small,500
4637,Iseyin,Oyo,2025-02-25,Medium,1200
4638,Suleja,Niger,2026-01-21,Large,2200
4639,Oji River,Enugu,2026-01-22,Extra Large,3500
4640,Ilaro,Ogun,2024-10-09,Extra Large,3500
4641,Ede,Osun,2025-08-17,Extra Large,3500
4642,Badagry,Lagos,2025-07-11,Large,2200
4643,Suleja,Niger,2024-05-05,Medium,1200
4644,Orlu,Imo,2025-11-16,Medium,1200
4645,Efon,Ekiti,2025-01-31,Large,2200
4646,Saki,Oyo,2024-12-05,Extra Large,3500
4647,Badagry,Lagos,2024-05-27,Medium,1200
4648,Suleja,Niger,2025-05-26,Extra Large,3500
4649,Vandeikya,Benue,2024-08-14,Extra Large,3500
4650,Dutsin-Ma,Katsina,2025-04-29,Extra Large,3500
4651,Onitsha,Anambra,2024-10-05,Medium,1200
4652,Ankpa,Kogi,2024-06-02,Medium,1200
4653,Wamba,Nasarawa,2025-10-13,Extra Large,3500
4654,Uromi,Edo,2025-02-08,Small,500
4655,Oji River,Enugu,2025-03-18,Medium,1200
4656,Saminaka,Kaduna,2025-07-06,Medium,1200
4657,Rijau,Niger,2025-04-30,Medium,1200
4658,Ughelli,Delta,2024-10-06,Large,2200
4659,Ogbomoso,Oyo,2024-11-24,Medium,1200
4660,Bori,Rivers,2025-02-09,Small,500
4661,Makurdi,Benue,2024-08-01,Small,500
4662,Yola,Adamawa,2024-06-26,Small,500
4663,Lokoja,Kogi,2025-06-18,Large,2200
4664,Offa,Kwara,2024-06-02,Medium,1200
4665,Agbani,Enugu,2025-02-12,Small,500
4666,Ikorodu,Lagos,2024-06-28,Large,2200
4667,Ede,Osun,2025-04-28,Large,2200
4668,Ekpoma,Edo,2025-11-13,Large,2200
4669,Vandeikya,Benue,2024-07-31,Medium,1200
4670,Warri,Delta,2024-08-03,Extra Large,3500
4671,Dikwa,Borno,2025-06-09,Extra Large,3500
4672,Ishieke,Ebonyi,2025-04-18,Extra Large,3500
4673,Zaria,Kaduna,2025-08-16,Small,500
4674,Ughelli,Delta,2024-09-17,Small,500
4675,Eket,Akwa Ibom,2025-07-21,Extra Large,3500
4676,Langtang,Plateau,2025-10-16,Extra Large,3500
4677,Abakaliki,Ebonyi,2024-10-24,Large,2200
4678,Ejigbo,Osun,2024-06-18,Medium,1200
4679,Osogbo,Osun,2025-11-15,Extra Large,3500
4680,Omu-Aran,Kwara,2024-12-19,Small,500
4681,Lagos,Lagos,2026-03-03,Medium,1200
4682,Akamkpa,Cross River,2024-07-01,Large,2200
4683,Suleja,Niger,2025-08-31,Small,500
4684,Omuo-Ekiti,Ekiti,2025-03-02,Large,2200
4685,Sagbama,Bayelsa,2025-01-06,Extra Large,3500
4686,Futungo,Adamawa,2024-12-17,Extra Large,3500
4687,Onueke,Ebonyi,2025-07-05,Large,2200
4688,Efon,Ekiti,2024-05-14,Large,2200
4689,Jalingo,Taraba,2024-12-05,Extra Large,3500
4690,Argungu,Kebbi,2026-04-18,Small,500
4691,Okigwe,Imo,2025-07-21,Large,2200
4692,Ede,Osun,2026-04-20,Large,2200
4693,Ikot Ekpene,Akwa Ibom,2025-03-16,Extra Large,3500
4694,Sagbama,Bayelsa,2024-08-11,Small,500
4695,Akamkpa,Cross River,2024-05-29,Small,500
4696,Numan,Adamawa,2025-12-16,Extra Large,3500
4697,Igbara-Odo,Ekiti,2024-09-19,Extra Large,3500
4698,Lafia,Nasarawa,2025-01-25,Large,2200
4699,Akwanga,Nasarawa,2025-11-01,Large,2200
4700,Gwadabawa,Sokoto,2026-01-10,Extra Large,3500
4701,Okene,Kogi,2024-07-18,Large,2200
4702,Birnin Kudu,Jigawa,2024-06-05,Medium,1200
4703,Bori,Rivers,2026-03-21,Large,2200
4704,Oporoma,Bayelsa,2026-03-05,Small,500
4705,Kamba,Kebbi,2026-01-22,Small,500
4706,Mubi,Adamawa,2025-12-17,Small,500
4707,Owerri,Imo,2024-05-07,Medium,1200
4708,Lagos,Lagos,2025-09-16,Medium,1200
4709,Owerri,Imo,2024-07-17,Small,500
4710,Aba,Abia,2025-03-21,Large,2200
4711,Azare,Bauchi,2024-05-13,Extra Large,3500
4712,Lokoja,Kogi,2024-09-26,Small,500
4713,Onitsha,Anambra,2025-05-25,Medium,1200
4714,Brass,Bayelsa,2024-09-22,Small,500
4715,Yenagoa,Bayelsa,2025-05-14,Extra Large,3500
4716,Biu,Gombe,2024-11-02,Small,500
4717,Oporoma,Bayelsa,2025-04-15,Large,2200
4718,Wukari,Taraba,2025-10-12,Extra Large,3500
4719,Igbara-Odo,Ekiti,2024-08-08,Medium,1200
4720,Pankshin,Plateau,2025-09-19,Small,500
4721,Ile-Ife,Osun,2024-05-10,Small,500
4722,Brass,Bayelsa,2025-06-27,Medium,1200
4723,Hadejia,Jigawa,2025-08-25,Medium,1200
4724,Maiduguri,Borno,2024-05-28,Medium,1200
4725,Ekpoma,Edo,2024-08-29,Medium,1200
4726,Ohaozara,Ebonyi,2024-11-20,Large,2200
4727,Ota,Ogun,2025-11-24,Large,2200
4728,Oji River,Enugu,2025-07-22,Large,2200
4729,Offa,Kwara,2024-06-04,Small,500
4730,Gumel,Jigawa,2025-08-18,Medium,1200
4731,Bauchi,Bauchi,2024-05-03,Small,500
4732,Bori,Rivers,2025-02-05,Small,500
4733,Akure,Ondo,2024-11-11,Extra Large,3500
4734,Aba,Abia,2026-01-09,Large,2200
4735,Ikorodu,Lagos,2025-08-22,Small,500
4736,Gumel,Jigawa,2026-01-18,Extra Large,3500
4737,Kaiama,Kwara,2024-05-10,Large,2200
4738,Bori,Rivers,2026-01-21,Extra Large,3500
4739,Kamba,Kebbi,2025-08-14,Medium,1200
4740,Dukku,Gombe,2024-10-12,Medium,1200
4741,Ikot Ekpene,Akwa Ibom,2025-01-30,Extra Large,3500
4742,Iseyin,Oyo,2026-04-10,Large,2200
4743,Kontagora,Niger,2024-07-08,Extra Large,3500
4744,Ile-Ife,Osun,2024-12-13,Medium,1200
4745,Nassarawa,Nasarawa,2026-01-20,Small,500
4746,Ogoja,Cross River,2025-05-20,Extra Large,3500
4747,Ughelli,Delta,2024-09-10,Large,2200
4748,Arochukwu,Abia,2025-04-27,Medium,1200
4749,Agbor,Delta,2025-03-27,Medium,1200
4750,Enugu,Enugu,2026-03-05,Small,500
4751,Kontagora,Niger,2024-05-12,Medium,1200
4752,Kafanchan,Kaduna,2024-10-24,Medium,1200
4753,Girei,Adamawa,2025-05-19,Extra Large,3500
4754,Onueke,Ebonyi,2024-12-26,Large,2200
4755,Biu,Gombe,2025-02-08,Extra Large,3500
4756,Degema,Rivers,2024-08-19,Extra Large,3500
4757,Ohaozara,Ebonyi,2025-01-05,Small,500
4758,Ilorin,Kwara,2025-01-09,Small,500
4759,Zuru,Kebbi,2025-07-28,Large,2200
4760,Warri,Delta,2024-10-16,Extra Large,3500
4761,Oji River,Enugu,2026-04-12,Extra Large,3500
4762,Ohafia,Abia,2025-04-28,Medium,1200
4763,Idah,Kogi,2025-12-11,Extra Large,3500
4764,Dikwa,Borno,2025-07-28,Medium,1200
4765,Bali,Taraba,2026-01-29,Large,2200
4766,Ikeja,Lagos,2026-02-06,Large,2200
4767,Jos,Plateau,2025-12-13,Small,500
4768,Ilesa,Osun,2024-05-18,Extra Large,3500
4769,Orlu,Imo,2025-06-06,Large,2200
4770,Kaltungo,Gombe,2024-11-17,Extra Large,3500
4771,Saminaka,Kaduna,2024-08-15,Large,2200
4772,Okene,Kogi,2026-02-11,Medium,1200
4773,Kamba,Kebbi,2025-08-20,Medium,1200
4774,Orlu,Imo,2024-06-30,Extra Large,3500
4775,Jos,Plateau,2025-01-31,Large,2200
4776,Sokoto,Sokoto,2026-03-30,Extra Large,3500
4777,Agbor,Delta,2025-07-18,Large,2200
4778,Nembe,Bayelsa,2025-07-28,Extra Large,3500
4779,Saki,Oyo,2024-10-10,Large,2200
4780,Dass,Bauchi,2024-10-19,Extra Large,3500
4781,Omuo-Ekiti,Ekiti,2024-08-16,Medium,1200
4782,Lagos,Lagos,2026-04-06,Extra Large,3500
4783,Orlu,Imo,2026-02-21,Small,500
4784,Yauri,Kebbi,2024-12-23,Extra Large,3500
4785,Talata Mafara,Zamfara,2025-05-28,Large,2200
4786,Zuru,Kebbi,2024-09-25,Large,2200
4787,Potiskum,Yobe,2024-08-06,Medium,1200
4788,Monguno,Borno,2025-05-27,Small,500
4789,Efon,Ekiti,2025-12-02,Large,2200
4790,Mbaise,Imo,2026-01-17,Extra Large,3500
4791,Ohafia,Abia,2024-12-08,Large,2200
4792,Nsukka,Enugu,2025-09-24,Large,2200
4793,Yola,Adamawa,2025-05-14,Extra Large,3500
4794,Sagbama,Bayelsa,2024-08-03,Extra Large,3500
4795,Ughelli,Delta,2026-04-24,Extra Large,3500
4796,Talata Mafara,Zamfara,2026-04-10,Extra Large,3500
4797,Birnin Kebbi,Kebbi,2024-08-11,Large,2200
4798,Oyo Town,Oyo,2026-03-10,Medium,1200
4799,Oyo Town,Oyo,2026-02-26,Medium,1200
4800,Ogoja,Cross River,2024-12-15,Small,500
4801,Maiduguri,Borno,2025-06-08,Large,2200
4802,Kaura Namoda,Zamfara,2026-03-21,Large,2200
4803,Sapele,Delta,2024-07-22,Extra Large,3500
4804,Gusau,Zamfara,2024-12-15,Extra Large,3500
4805,Zuru,Kebbi,2026-01-30,Medium,1200
4806,Kamba,Kebbi,2025-10-10,Small,500
4807,Bichi,Kano,2025-11-07,Small,500
4808,Sokoto,Sokoto,2026-01-30,Medium,1200
4809,Port Harcourt,Rivers,2025-02-23,Small,500
4810,Ikom,Cross River,2025-02-21,Small,500
4811,Wukari,Taraba,2025-03-16,Medium,1200
4812,Sagbama,Bayelsa,2026-03-10,Large,2200
4813,Lokoja,Kogi,2026-02-09,Extra Large,3500
4814,Lokoja,Kogi,2026-03-10,Extra Large,3500
4815,Rijau,Niger,2024-11-13,Small,500
4816,Mutum Biyu,Taraba,2025-11-17,Extra Large,3500
4817,Agbor,Delta,2024-07-14,Small,500
4818,Oji River,Enugu,2024-09-09,Medium,1200
4819,Monguno,Borno,2025-11-05,Medium,1200
4820,Owerri,Imo,2025-07-18,Small,500
4821,Onitsha,Anambra,2024-11-08,Extra Large,3500
4822,Uyo,Akwa Ibom,2025-06-15,Medium,1200
4823,Biu,Gombe,2024-10-12,Medium,1200
4824,Wamako,Sokoto,2024-10-13,Large,2200
4825,Nassarawa,Nasarawa,2025-09-11,Small,500
4826,Wamako,Sokoto,2025-01-14,Extra Large,3500
4827,Girei,Adamawa,2025-09-12,Small,500
4828,Eket,Akwa Ibom,2025-04-10,Small,500
4829,Nsukka,Enugu,2025-04-29,Extra Large,3500
4830,Ohafia,Abia,2025-07-13,Small,500
4831,Ikorodu,Lagos,2025-09-29,Medium,1200
4832,Suleja,Niger,2025-01-25,Medium,1200
4833,Damaturu,Yobe,2026-01-09,Large,2200
4834,Saminaka,Kaduna,2025-04-21,Large,2200
4835,Gwadabawa,Sokoto,2024-08-05,Medium,1200
4836,Efon,Ekiti,2024-09-15,Large,2200
4837,Okene,Kogi,2024-05-20,Large,2200
4838,Kazaure,Jigawa,2025-11-06,Small,500
4839,Danbatta,Kano,2024-05-07,Small,500
4840,Ejigbo,Osun,2024-11-10,Extra Large,3500
4841,Nsukka,Enugu,2025-02-22,Small,500
4842,Oron,Akwa Ibom,2025-10-21,Small,500
4843,Nsukka,Enugu,2026-04-19,Large,2200
4844,Udi,Enugu,2025-11-01,Large,2200
4845,Epe,Lagos,2024-06-14,Small,500
4846,Dukku,Gombe,2026-03-05,Large,2200
4847,Udi,Enugu,2026-04-17,Small,500
4848,Katsina,Katsina,2026-01-20,Medium,1200
4849,Ekpoma,Edo,2025-04-20,Medium,1200
4850,Degema,Rivers,2024-12-20,Large,2200
4851,Iseyin,Oyo,2025-03-27,Medium,1200
4852,Degema,Rivers,2024-10-24,Large,2200
4853,Owerri,Imo,2025-02-16,Small,500
4854,Aba,Abia,2024-05-27,Small,500
4855,Ohafia,Abia,2025-10-16,Small,500
4856,Malumfashi,Katsina,2025-01-30,Extra Large,3500
4857,Abakaliki,Ebonyi,2024-12-11,Small,500
4858,Ikeja,Lagos,2025-07-18,Medium,1200
4859,Owo,Ondo,2025-10-21,Small,500
4860,Kagoro,Kaduna,2025-07-05,Small,500
4861,Katsina,Katsina,2025-05-15,Small,500
4862,Daura,Katsina,2026-01-27,Large,2200
4863,Ogbomoso,Oyo,2025-11-23,Small,500
4864,Girei,Adamawa,2025-05-12,Medium,1200
4865,Aba,Abia,2025-03-23,Small,500
4866,Mbaise,Imo,2025-12-22,Large,2200
4867,Kaduna,Kaduna,2024-05-28,Extra Large,3500
4868,Azare,Bauchi,2026-04-24,Medium,1200
4869,Dass,Bauchi,2025-05-11,Extra Large,3500
4870,Yola,Adamawa,2025-02-10,Extra Large,3500
4871,Ikare,Ondo,2025-10-16,Extra Large,3500
4872,Benin City,Edo,2025-06-08,Small,500
4873,Misau,Bauchi,2025-05-09,Large,2200
4874,Barkin Ladi,Plateau,2025-08-01,Large,2200
4875,Numan,Adamawa,2024-06-02,Medium,1200
4876,Mbaise,Imo,2024-11-25,Small,500
4877,Abak,Akwa Ibom,2025-02-11,Extra Large,3500
4878,Kaura Namoda,Zamfara,2024-12-05,Medium,1200
4879,Nnewi,Anambra,2025-12-22,Large,2200
4880,Nembe,Bayelsa,2025-03-30,Large,2200
4881,Iseyin,Oyo,2025-03-01,Medium,1200
4882,Badagry,Lagos,2025-07-19,Medium,1200
4883,Yauri,Kebbi,2024-06-05,Extra Large,3500
4884,Irrua,Edo,2025-05-09,Extra Large,3500
4885,Epe,Lagos,2024-08-08,Large,2200
4886,Wudil,Kano,2025-12-24,Extra Large,3500
4887,Nguru,Yobe,2025-03-23,Large,2200
4888,Akure,Ondo,2025-10-07,Large,2200
4889,Ogoja,Cross River,2024-07-18,Large,2200
4890,Iseyin,Oyo,2025-11-17,Medium,1200
4891,Ikot Ekpene,Akwa Ibom,2026-03-13,Medium,1200
4892,Ankpa,Kogi,2025-09-17,Medium,1200
4893,Ikom,Cross River,2024-08-03,Extra Large,3500
4894,Oporoma,Bayelsa,2025-02-23,Small,500
4895,Illela,Sokoto,2025-03-22,Small,500
4896,Jalingo,Taraba,2024-09-04,Small,500
4897,Birnin Kudu,Jigawa,2025-07-02,Medium,1200
4898,Kaltungo,Gombe,2025-09-29,Extra Large,3500
4899,Monguno,Borno,2024-09-21,Large,2200
4900,Kaura Namoda,Zamfara,2025-03-25,Extra Large,3500
4901,Dukku,Gombe,2024-10-26,Large,2200
4902,Abeokuta,Ogun,2025-09-14,Medium,1200
4903,Ogbomoso,Oyo,2026-02-19,Medium,1200
4904,Isuikwuato,Abia,2025-11-30,Small,500
4905,Omoku,Rivers,2025-10-04,Small,500
4906,Daura,Katsina,2024-07-26,Extra Large,3500
4907,Daura,Katsina,2024-07-19,Small,500
4908,Ado-Ekiti,Ekiti,2025-03-21,Small,500
4909,Numan,Adamawa,2025-01-17,Small,500
4910,Nsukka,Enugu,2025-05-14,Small,500
4911,Misau,Bauchi,2025-02-01,Extra Large,3500
4912,Gwoza,Borno,2025-11-26,Large,2200
4913,Minna,Niger,2025-05-06,Large,2200
4914,Kabba,Kogi,2026-03-22,Large,2200
4915,Agbani,Enugu,2025-01-28,Extra Large,3500
4916,Shendam,Plateau,2025-01-30,Small,500
4917,Port Harcourt,Rivers,2025-11-09,Extra Large,3500
4918,Yauri,Kebbi,2026-02-22,Small,500
4919,Kazaure,Jigawa,2025-06-14,Extra Large,3500
4920,Damaturu,Yobe,2025-08-22,Extra Large,3500
4921,Kaiama,Kwara,2024-08-14,Small,500
4922,Lafia,Nasarawa,2026-01-22,Extra Large,3500
4923,Oporoma,Bayelsa,2024-09-04,Large,2200
4924,Damaturu,Yobe,2025-09-29,Small,500
4925,Owerri,Imo,2025-02-27,Extra Large,3500
4926,Akwanga,Nasarawa,2024-12-09,Medium,1200
4927,Jos,Plateau,2025-11-09,Large,2200
4928,Dutsin-Ma,Katsina,2025-03-19,Extra Large,3500
4929,Udi,Enugu,2025-07-28,Extra Large,3500
4930,Makurdi,Benue,2024-07-21,Medium,1200
4931,Futungo,Adamawa,2024-08-01,Extra Large,3500
4932,Jamaare,Bauchi,2024-09-22,Medium,1200
4933,Oyo Town,Oyo,2025-07-26,Extra Large,3500
4934,Damaturu,Yobe,2024-10-29,Large,2200
4935,Dikwa,Borno,2025-03-28,Extra Large,3500
4936,Uromi,Edo,2026-01-12,Large,2200
4937,Abakaliki,Ebonyi,2025-05-29,Large,2200
4938,Kabba,Kogi,2024-05-01,Small,500
4939,Asaba,Delta,2026-02-01,Medium,1200
4940,Langtang,Plateau,2024-10-17,Medium,1200
4941,Arochukwu,Abia,2025-07-01,Medium,1200
4942,Lafia,Nasarawa,2025-04-09,Large,2200
4943,Auchi,Edo,2025-02-20,Large,2200
4944,Omoku,Rivers,2024-06-24,Extra Large,3500
4945,Maiduguri,Borno,2025-07-09,Medium,1200
4946,Ikom,Cross River,2024-10-22,Small,500
4947,Ede,Osun,2025-06-01,Large,2200
4948,Akure,Ondo,2025-07-24,Large,2200
4949,Damaturu,Yobe,2025-06-08,Extra Large,3500
4950,Jos,Plateau,2025-12-21,Large,2200
4951,Idanre,Ondo,2024-06-01,Extra Large,3500
4952,Bauchi,Bauchi,2024-08-13,Small,500
4953,Gumel,Jigawa,2025-08-17,Extra Large,3500
4954,Rijau,Niger,2024-05-23,Medium,1200
4955,Calabar,Cross River,2026-01-11,Small,500
4956,Abakaliki,Ebonyi,2025-08-27,Medium,1200
4957,Igbara-Odo,Ekiti,2025-12-30,Large,2200
4958,Anka,Zamfara,2024-12-01,Extra Large,3500
4959,Azare,Bauchi,2026-02-28,Extra Large,3500
4960,Dikwa,Borno,2024-06-01,Small,500
4961,Biu,Gombe,2025-02-25,Medium,1200
4962,Daura,Katsina,2024-09-04,Extra Large,3500
4963,Ohafia,Abia,2025-08-31,Small,500
4964,Sokoto,Sokoto,2025-07-17,Small,500
4965,Bali,Taraba,2025-09-14,Small,500
4966,Daura,Katsina,2025-07-05,Large,2200
4967,Mbaise,Imo,2025-11-23,Medium,1200
4968,Igbara-Odo,Ekiti,2024-09-03,Extra Large,3500
4969,Barkin Ladi,Plateau,2025-03-25,Small,500
4970,Uromi,Edo,2025-06-24,Small,500
4971,Warri,Delta,2026-03-08,Medium,1200
4972,Dass,Bauchi,2024-07-04,Small,500
4973,Afikpo,Ebonyi,2024-12-01,Extra Large,3500
4974,Ikeja,Lagos,2025-01-21,Large,2200
4975,Abeokuta,Ogun,2025-01-29,Extra Large,3500
4976,Ikot Ekpene,Akwa Ibom,2024-06-15,Extra Large,3500
4977,Mubi,Adamawa,2025-03-05,Large,2200
4978,Kontagora,Niger,2025-06-03,Medium,1200
4979,Obudu,Cross River,2024-11-27,Extra Large,3500
4980,Afikpo,Ebonyi,2024-08-03,Large,2200
4981,Port Harcourt,Rivers,2025-09-16,Extra Large,3500
4982,Girei,Adamawa,2024-11-13,Small,500
4983,Gusau,Zamfara,2025-05-17,Medium,1200
4984,Ikot Ekpene,Akwa Ibom,2025-05-15,Large,2200
4985,Bida,Niger,2025-09-17,Extra Large,3500
4986,Idah,Kogi,2025-07-18,Large,2200
4987,Malumfashi,Katsina,2024-07-15,Extra Large,3500
4988,Wamba,Nasarawa,2025-10-12,Medium,1200
4989,Pankshin,Plateau,2025-07-30,Small,500
4990,Bori,Rivers,2026-04-18,Small,500
4991,Gumel,Jigawa,2025-04-15,Large,2200
4992,Rano,Kano,2025-09-12,Medium,1200
4993,Yauri,Kebbi,2026-03-10,Medium,1200
4994,Omuo-Ekiti,Ekiti,2026-04-17,Large,2200
4995,Omuo-Ekiti,Ekiti,2024-11-22,Extra Large,3500
4996,Kafanchan,Kaduna,2025-07-16,Extra Large,3500
4997,Efon,Ekiti,2024-12-14,Medium,1200
4998,Wudil,Kano,2025-05-16,Large,2200
4999,Buni Yadi,Yobe,2026-04-24,Large,2200
5000,Oji River,Enugu,2025-01-10,Medium,1200
5001,Monguno,Borno,2024-07-30,Medium,1200
5002,Udi,Enugu,2025-06-12,Large,2200
5003,Uromi,Edo,2025-05-11,Large,2200
5004,Mbaise,Imo,2025-08-01,Extra Large,3500
5005,Saminaka,Kaduna,2025-04-22,Extra Large,3500
5006,Gashua,Yobe,2024-09-05,Medium,1200
5007,Birnin Kudu,Jigawa,2025-07-16,Small,500
5008,Dutse,Jigawa,2025-09-26,Extra Large,3500
5009,Kaura Namoda,Zamfara,2026-04-12,Small,500
5010,Azare,Bauchi,2024-04-28,Large,2200
5011,Degema,Rivers,2024-05-14,Large,2200
5012,Illela,Sokoto,2025-07-28,Extra Large,3500
5013,Omuo-Ekiti,Ekiti,2024-07-22,Small,500
5014,Ikare,Ondo,2026-01-06,Small,500
5015,Langtang,Plateau,2025-12-02,Extra Large,3500
5016,Birnin Kebbi,Kebbi,2026-04-27,Medium,1200
5017,Benin City,Edo,2025-02-23,Large,2200
5018,Awka,Anambra,2024-12-27,Small,500
5019,Kaduna,Kaduna,2025-06-10,Large,2200
5020,Calabar,Cross River,2025-08-06,Extra Large,3500
5021,Enugu,Enugu,2024-05-05,Small,500
5022,Aba,Abia,2024-09-21,Large,2200
5023,Kafanchan,Kaduna,2024-11-18,Extra Large,3500
5024,Orlu,Imo,2025-11-25,Medium,1200
5025,Saminaka,Kaduna,2024-12-07,Large,2200
5026,Orlu,Imo,2025-05-02,Small,500
5027,Tsafe,Zamfara,2024-12-19,Large,2200
5028,Biu,Gombe,2024-05-01,Extra Large,3500
5029,Udi,Enugu,2025-09-10,Small,500
5030,Abakaliki,Ebonyi,2025-01-01,Large,2200
5031,Port Harcourt,Rivers,2025-10-08,Small,500
5032,Mbaise,Imo,2025-07-21,Medium,1200
5033,Mbaise,Imo,2024-05-18,Medium,1200
5034,Auchi,Edo,2024-09-02,Large,2200
5035,Makurdi,Benue,2024-12-24,Medium,1200
5036,Malumfashi,Katsina,2024-12-30,Extra Large,3500
5037,Ile-Ife,Osun,2025-08-31,Medium,1200
5038,Makurdi,Benue,2026-02-25,Extra Large,3500
5039,Ede,Osun,2025-11-30,Medium,1200
5040,Wamba,Nasarawa,2025-08-11,Extra Large,3500
5041,Futungo,Adamawa,2025-04-13,Large,2200
5042,Oji River,Enugu,2025-07-29,Extra Large,3500
5043,Bali,Taraba,2026-02-08,Large,2200
5044,Girei,Adamawa,2025-05-24,Extra Large,3500
5045,Ejigbo,Osun,2024-12-27,Medium,1200
5046,Ikeja,Lagos,2025-11-21,Small,500
5047,Keffi,Nasarawa,2025-02-23,Extra Large,3500
5048,Nsukka,Enugu,2025-10-21,Large,2200
5049,Kaiama,Kwara,2025-12-28,Large,2200
5050,Okigwe,Imo,2024-12-01,Medium,1200
5051,Wamba,Nasarawa,2025-10-08,Extra Large,3500
5052,Futungo,Adamawa,2024-12-13,Medium,1200
5053,Dass,Bauchi,2025-05-23,Small,500
5054,Wamba,Nasarawa,2024-09-26,Large,2200
5055,Epe,Lagos,2025-09-10,Small,500
5056,Degema,Rivers,2025-12-02,Extra Large,3500
5057,Akure,Ondo,2026-02-05,Extra Large,3500
5058,Gumel,Jigawa,2025-01-10,Medium,1200
5059,Kafanchan,Kaduna,2026-04-05,Large,2200
5060,Barkin Ladi,Plateau,2024-11-18,Medium,1200
5061,Dukku,Gombe,2024-05-19,Medium,1200
5062,Oron,Akwa Ibom,2026-04-16,Large,2200
5063,Onitsha,Anambra,2025-07-28,Small,500
5064,Abakaliki,Ebonyi,2026-01-02,Small,500
5065,Dutse,Jigawa,2025-06-18,Large,2200
5066,Ile-Ife,Osun,2025-02-05,Large,2200
5067,Ughelli,Delta,2025-07-06,Large,2200
5068,Auchi,Edo,2026-01-19,Extra Large,3500
5069,Daura,Katsina,2025-10-28,Small,500
5070,Gombe,Gombe,2025-09-24,Small,500
5071,Ekpoma,Edo,2024-12-12,Extra Large,3500
5072,Ondo City,Ondo,2024-05-20,Medium,1200
5073,Mubi,Adamawa,2025-02-23,Small,500
5074,Bauchi,Bauchi,2025-04-25,Large,2200
5075,Irrua,Edo,2024-10-17,Small,500
5076,Saki,Oyo,2025-03-23,Large,2200
5077,Auchi,Edo,2026-03-22,Medium,1200
5078,Owerri,Imo,2024-10-01,Large,2200
5079,Onueke,Ebonyi,2024-12-03,Small,500
5080,Illela,Sokoto,2024-07-18,Small,500
5081,Suleja,Niger,2025-11-21,Medium,1200
5082,Ekwulobia,Anambra,2025-11-16,Medium,1200
5083,Ikom,Cross River,2026-02-23,Large,2200
5084,Kagoro,Kaduna,2025-03-17,Medium,1200
5085,Ogbomoso,Oyo,2024-05-15,Small,500
5086,Orlu,Imo,2025-04-14,Small,500
5087,Dass,Bauchi,2025-04-27,Medium,1200
5088,Ohafia,Abia,2024-09-13,Extra Large,3500
5089,Mutum Biyu,Taraba,2026-03-03,Extra Large,3500
5090,Tsafe,Zamfara,2025-10-14,Extra Large,3500
5091,Mutum Biyu,Taraba,2025-05-14,Large,2200
5092,Bida,Niger,2025-11-14,Extra Large,3500
5093,Ishieke,Ebonyi,2024-08-09,Extra Large,3500
5094,Calabar,Cross River,2026-01-24,Medium,1200
5095,Jamaare,Bauchi,2025-12-18,Large,2200
5096,Katsina,Katsina,2026-03-13,Extra Large,3500
5097,Nassarawa,Nasarawa,2025-09-03,Large,2200
5098,Lagos,Lagos,2024-08-02,Large,2200
5099,Omoku,Rivers,2025-10-08,Small,500
5100,Oji River,Enugu,2025-03-28,Medium,1200
5101,Ejigbo,Osun,2025-09-30,Medium,1200
5102,Malumfashi,Katsina,2025-05-13,Medium,1200
5103,Asaba,Delta,2024-04-30,Medium,1200
5104,Ilesa,Osun,2026-03-09,Extra Large,3500
5105,Kontagora,Niger,2025-09-11,Extra Large,3500
5106,Ikeja,Lagos,2025-07-05,Extra Large,3500
5107,Obudu,Cross River,2024-06-29,Small,500
5108,Orlu,Imo,2025-04-03,Small,500
5109,Bichi,Kano,2024-05-30,Small,500
5110,Kaiama,Kwara,2025-05-12,Extra Large,3500
5111,Akure,Ondo,2025-08-21,Large,2200
5112,Jebba,Kwara,2024-12-11,Extra Large,3500
5113,Oron,Akwa Ibom,2025-06-23,Small,500
5114,Omu-Aran,Kwara,2024-12-11,Medium,1200
5115,Dutsin-Ma,Katsina,2026-02-08,Medium,1200
5116,Aba,Abia,2024-12-17,Medium,1200
5117,Anka,Zamfara,2024-09-14,Small,500
5118,Futungo,Adamawa,2024-11-15,Medium,1200
5119,Bali,Taraba,2024-12-16,Small,500
5120,Ede,Osun,2025-03-15,Large,2200
5121,Oyo Town,Oyo,2024-07-22,Large,2200
5122,Bichi,Kano,2024-08-14,Small,500
5123,Gembu,Taraba,2024-11-13,Small,500
5124,Ede,Osun,2024-05-08,Extra Large,3500
5125,Sokoto,Sokoto,2025-07-26,Small,500
5126,Ughelli,Delta,2025-05-07,Large,2200
5127,Ilesa,Osun,2024-09-25,Medium,1200
5128,Warri,Delta,2025-01-08,Small,500
5129,Akwanga,Nasarawa,2024-12-15,Extra Large,3500
5130,Gombe,Gombe,2024-08-08,Small,500
5131,Katsina,Katsina,2025-09-23,Medium,1200
5132,Igbara-Odo,Ekiti,2024-11-20,Medium,1200
5133,Ijebu-Ode,Ogun,2024-10-22,Extra Large,3500
5134,Tsafe,Zamfara,2024-06-18,Large,2200
5135,Enugu,Enugu,2025-07-19,Small,500
5136,Abakaliki,Ebonyi,2024-12-30,Large,2200
5137,Jos,Plateau,2025-03-17,Medium,1200
5138,Ogbomoso,Oyo,2024-07-31,Extra Large,3500
5139,Maiduguri,Borno,2025-04-06,Extra Large,3500
5140,Ankpa,Kogi,2025-09-02,Large,2200
5141,Pankshin,Plateau,2024-07-13,Large,2200
5142,Kamba,Kebbi,2024-06-05,Medium,1200
5143,Bali,Taraba,2025-03-04,Medium,1200
5144,Gombe,Gombe,2024-09-04,Extra Large,3500
5145,Pankshin,Plateau,2025-07-06,Large,2200
5146,Wamako,Sokoto,2025-07-04,Extra Large,3500
5147,Minna,Niger,2025-12-29,Large,2200
5148,Dutse,Jigawa,2025-09-20,Medium,1200
5149,Talata Mafara,Zamfara,2025-07-21,Medium,1200
5150,Mbaise,Imo,2024-12-11,Medium,1200
5151,Vandeikya,Benue,2025-12-15,Large,2200
5152,Ilaro,Ogun,2025-09-30,Extra Large,3500
5153,Idah,Kogi,2025-08-30,Small,500
5154,Orlu,Imo,2025-05-21,Extra Large,3500
5155,Misau,Bauchi,2026-04-08,Small,500
5156,Ikare,Ondo,2025-10-31,Extra Large,3500
5157,Ughelli,Delta,2025-04-02,Extra Large,3500
5158,Numan,Adamawa,2024-08-01,Large,2200
5159,Monguno,Borno,2025-12-12,Medium,1200
5160,Degema,Rivers,2026-02-28,Extra Large,3500
5161,Oji River,Enugu,2025-04-04,Extra Large,3500
5162,Okigwe,Imo,2025-03-26,Medium,1200
5163,Onueke,Ebonyi,2025-09-09,Medium,1200
5164,Kamba,Kebbi,2025-09-28,Extra Large,3500
5165,Yenagoa,Bayelsa,2025-04-02,Small,500
5166,Yenagoa,Bayelsa,2024-10-13,Medium,1200
5167,Nguru,Yobe,2024-10-07,Extra Large,3500
5168,Brass,Bayelsa,2026-01-16,Small,500
5169,Arochukwu,Abia,2025-07-21,Medium,1200
5170,Eket,Akwa Ibom,2026-02-23,Large,2200
5171,Badagry,Lagos,2025-02-07,Small,500
5172,Eket,Akwa Ibom,2025-09-20,Large,2200
5173,Lokoja,Kogi,2025-08-26,Small,500
5174,Yenagoa,Bayelsa,2025-11-24,Small,500
5175,Ikere-Ekiti,Ekiti,2026-02-01,Extra Large,3500
5176,Port Harcourt,Rivers,2025-03-24,Large,2200
5177,Rano,Kano,2024-05-19,Small,500
5178,Wudil,Kano,2025-04-09,Small,500
5179,Saki,Oyo,2025-01-08,Large,2200
5180,Ishieke,Ebonyi,2025-03-30,Small,500
5181,Eleme,Rivers,2024-08-29,Medium,1200
5182,Kano,Kano,2025-11-09,Extra Large,3500
5183,Okene,Kogi,2025-07-12,Extra Large,3500
5184,Ilesa,Osun,2024-07-29,Large,2200
5185,Danbatta,Kano,2024-07-11,Extra Large,3500
5186,Okigwe,Imo,2025-12-15,Large,2200
5187,Nsukka,Enugu,2025-11-30,Extra Large,3500
5188,Warri,Delta,2024-12-21,Small,500
5189,Yenagoa,Bayelsa,2025-08-14,Small,500
5190,Asaba,Delta,2025-11-27,Extra Large,3500
5191,Ikom,Cross River,2025-05-21,Small,500
5192,Bichi,Kano,2025-02-13,Large,2200
5193,Mbaise,Imo,2025-02-23,Extra Large,3500
5194,Abeokuta,Ogun,2025-07-24,Large,2200
5195,Oji River,Enugu,2025-06-01,Small,500
5196,Ikeja,Lagos,2026-04-08,Extra Large,3500
5197,Omuo-Ekiti,Ekiti,2025-02-01,Small,500
5198,Awka,Anambra,2025-01-01,Large,2200
5199,Keffi,Nasarawa,2025-12-12,Extra Large,3500
5200,Iseyin,Oyo,2025-07-02,Large,2200
5201,Ile-Ife,Osun,2025-11-21,Large,2200
5202,Owo,Ondo,2025-03-11,Medium,1200
5203,Umuahia,Abia,2025-11-23,Large,2200
5204,Abeokuta,Ogun,2025-05-30,Extra Large,3500
5205,Okene,Kogi,2024-10-16,Small,500
5206,Ikom,Cross River,2025-08-24,Extra Large,3500
5207,Zaria,Kaduna,2024-06-22,Medium,1200
5208,Abeokuta,Ogun,2026-03-08,Small,500
5209,Badagry,Lagos,2025-06-20,Large,2200
5210,Lokoja,Kogi,2025-04-17,Small,500
5211,Shendam,Plateau,2025-07-03,Medium,1200
5212,Nsukka,Enugu,2025-03-31,Large,2200
5213,Wamako,Sokoto,2025-06-06,Extra Large,3500
5214,Gembu,Taraba,2025-12-18,Medium,1200
5215,Akure,Ondo,2024-09-02,Extra Large,3500
5216,Anka,Zamfara,2026-03-26,Extra Large,3500
5217,Ikot Ekpene,Akwa Ibom,2024-06-16,Large,2200
5218,Girei,Adamawa,2024-07-15,Small,500
5219,Langtang,Plateau,2025-12-13,Extra Large,3500
5220,Kaltungo,Gombe,2025-11-11,Medium,1200
5221,Ilesa,Osun,2025-01-28,Large,2200
5222,Eket,Akwa Ibom,2025-04-23,Large,2200
5223,Bida,Niger,2025-08-22,Small,500
5224,Wukari,Taraba,2024-07-02,Small,500
5225,Deba,Gombe,2025-12-15,Medium,1200
5226,Minna,Niger,2026-02-04,Extra Large,3500
5227,Awka,Anambra,2026-02-16,Large,2200
5228,Buni Yadi,Yobe,2025-08-05,Extra Large,3500
5229,Futungo,Adamawa,2024-04-27,Large,2200
5230,Ekwulobia,Anambra,2024-08-12,Medium,1200
5231,Buni Yadi,Yobe,2024-08-14,Large,2200
5232,Biu,Borno,2025-05-20,Extra Large,3500
5233,Anka,Zamfara,2025-02-06,Medium,1200
5234,Potiskum,Yobe,2025-06-23,Small,500
5235,Akure,Ondo,2024-09-17,Large,2200
5236,Mbaise,Imo,2025-09-07,Small,500
5237,Otukpo,Benue,2024-12-14,Large,2200
5238,Onueke,Ebonyi,2025-06-17,Large,2200
5239,Ijebu-Ode,Ogun,2026-02-23,Extra Large,3500
5240,Nsukka,Enugu,2024-12-05,Large,2200
5241,Gboko,Benue,2026-03-17,Large,2200
5242,Buni Yadi,Yobe,2025-03-10,Small,500
5243,Azare,Bauchi,2026-04-15,Small,500
5244,Umuahia,Abia,2025-01-03,Small,500
5245,Zaria,Kaduna,2024-07-01,Small,500
5246,Ilesa,Osun,2024-05-02,Small,500
5247,Illela,Sokoto,2026-04-18,Extra Large,3500
5248,Sokoto,Sokoto,2025-02-16,Extra Large,3500
5249,Kaduna,Kaduna,2024-07-29,Large,2200
5250,Sagbama,Bayelsa,2024-11-28,Medium,1200
5251,Keffi,Nasarawa,2025-01-21,Large,2200
5252,Futungo,Adamawa,2025-06-02,Small,500
5253,Azare,Bauchi,2024-06-04,Medium,1200
5254,Okene,Kogi,2025-09-23,Medium,1200
5255,Pankshin,Plateau,2025-12-17,Small,500
5256,Kabba,Kogi,2025-01-14,Extra Large,3500
5257,Vandeikya,Benue,2026-01-16,Extra Large,3500
5258,Nsukka,Enugu,2026-01-19,Medium,1200
5259,Shendam,Plateau,2024-10-15,Small,500
5260,Deba,Gombe,2025-09-22,Extra Large,3500
5261,Akwanga,Nasarawa,2025-02-09,Large,2200
5262,Ado-Ekiti,Ekiti,2024-12-15,Small,500
5263,Ile-Ife,Osun,2025-01-31,Small,500
5264,Ilorin,Kwara,2025-01-30,Large,2200
5265,Kabba,Kogi,2025-05-30,Small,500
5266,Zuru,Kebbi,2025-08-24,Small,500
5267,Calabar,Cross River,2025-04-09,Small,500
5268,Obudu,Cross River,2024-09-11,Extra Large,3500
5269,Tsafe,Zamfara,2025-02-02,Large,2200
5270,Dikwa,Borno,2026-03-03,Small,500
5271,Argungu,Kebbi,2026-01-01,Large,2200
5272,Nguru,Yobe,2024-08-17,Large,2200
5273,Uyo,Akwa Ibom,2026-04-26,Small,500
5274,Daura,Katsina,2025-08-29,Large,2200
5275,Keffi,Nasarawa,2024-08-03,Large,2200
5276,Kabba,Kogi,2024-06-18,Small,500
5277,Bali,Taraba,2024-05-08,Small,500
5278,Bori,Rivers,2025-10-06,Large,2200
5279,Abeokuta,Ogun,2025-04-17,Small,500
5280,Bichi,Kano,2025-03-12,Medium,1200
5281,Brass,Bayelsa,2026-04-20,Small,500
5282,Lagos,Lagos,2024-06-27,Small,500
5283,Gumel,Jigawa,2025-08-09,Large,2200
5284,Biu,Borno,2025-02-24,Medium,1200
5285,Brass,Bayelsa,2025-03-26,Small,500
5286,Kafanchan,Kaduna,2025-11-24,Small,500
5287,Tsafe,Zamfara,2025-07-12,Large,2200
5288,Anka,Zamfara,2025-03-04,Small,500
5289,Minna,Niger,2024-09-05,Large,2200
5290,Abeokuta,Ogun,2025-05-04,Large,2200
5291,Kaduna,Kaduna,2025-06-04,Medium,1200
5292,Bauchi,Bauchi,2025-03-21,Small,500
5293,Katsina-Ala,Benue,2025-01-11,Small,500
5294,Pankshin,Plateau,2024-09-09,Extra Large,3500
5295,Damaturu,Yobe,2025-07-12,Large,2200
5296,Ishieke,Ebonyi,2025-06-23,Medium,1200
5297,Sagbama,Bayelsa,2026-01-06,Medium,1200
5298,Irrua,Edo,2024-10-17,Small,500
5299,Girei,Adamawa,2025-04-28,Medium,1200
5300,Ikom,Cross River,2025-02-21,Medium,1200
5301,Abeokuta,Ogun,2025-05-31,Large,2200
5302,Igbara-Odo,Ekiti,2025-01-20,Medium,1200
5303,Ekwulobia,Anambra,2026-04-12,Medium,1200
5304,Keffi,Nasarawa,2025-06-16,Large,2200
5305,Offa,Kwara,2025-09-24,Extra Large,3500
5306,Ota,Ogun,2024-07-18,Large,2200
5307,Zaria,Kaduna,2025-04-14,Small,500
5308,Sagamu,Ogun,2025-09-13,Extra Large,3500
5309,Aba,Abia,2024-08-08,Extra Large,3500
5310,Omuo-Ekiti,Ekiti,2025-10-13,Medium,1200
5311,Irrua,Edo,2026-04-15,Small,500
5312,Orlu,Imo,2026-04-16,Small,500
5313,Biu,Gombe,2025-11-17,Small,500
5314,Dass,Bauchi,2025-04-01,Medium,1200
5315,Agbani,Enugu,2024-06-23,Small,500
5316,Umuahia,Abia,2026-02-06,Small,500
5317,Arochukwu,Abia,2024-06-30,Small,500
5318,Okene,Kogi,2025-04-07,Extra Large,3500
5319,Warri,Delta,2025-10-21,Small,500
5320,Badagry,Lagos,2026-03-30,Extra Large,3500
5321,Wamba,Nasarawa,2024-06-23,Large,2200
5322,Ile-Ife,Osun,2025-08-03,Medium,1200
5323,Oji River,Enugu,2025-12-01,Large,2200
5324,Ikere-Ekiti,Ekiti,2024-12-11,Extra Large,3500
5325,Bori,Rivers,2024-06-04,Extra Large,3500
5326,Nnewi,Anambra,2025-01-03,Small,500
5327,Ikare,Ondo,2025-11-17,Medium,1200
5328,Awka,Anambra,2025-04-04,Extra Large,3500
5329,Bali,Taraba,2025-05-06,Medium,1200
5330,Abeokuta,Ogun,2025-04-05,Large,2200
5331,Sapele,Delta,2025-10-15,Large,2200
5332,Uromi,Edo,2025-02-28,Small,500
5333,Shendam,Plateau,2026-03-30,Small,500
5334,Oyo Town,Oyo,2025-12-01,Large,2200
5335,Deba,Gombe,2024-11-24,Medium,1200
5336,Kagoro,Kaduna,2024-05-22,Extra Large,3500
5337,Zaria,Kaduna,2026-03-02,Extra Large,3500
5338,Deba,Gombe,2025-10-26,Medium,1200
5339,Mubi,Adamawa,2025-10-10,Extra Large,3500
5340,Keffi,Nasarawa,2025-06-13,Medium,1200
5341,Monguno,Borno,2024-06-10,Large,2200
5342,Bali,Taraba,2025-04-07,Small,500
5343,Saminaka,Kaduna,2024-08-28,Large,2200
5344,Minna,Niger,2024-06-03,Small,500
5345,Otukpo,Benue,2026-04-20,Large,2200
5346,Hadejia,Jigawa,2025-12-09,Medium,1200
5347,Eleme,Rivers,2025-07-27,Small,500
5348,Asaba,Delta,2024-11-22,Large,2200
5349,Kaura Namoda,Zamfara,2024-06-26,Large,2200
5350,Arochukwu,Abia,2025-05-01,Medium,1200
5351,Benin City,Edo,2026-01-09,Large,2200
5352,Owo,Ondo,2024-11-16,Large,2200
5353,Igbara-Odo,Ekiti,2024-08-01,Large,2200
5354,Katsina-Ala,Benue,2024-11-18,Extra Large,3500
5355,Ikere-Ekiti,Ekiti,2026-01-14,Large,2200
5356,Ikot Ekpene,Akwa Ibom,2024-05-07,Large,2200
5357,Barkin Ladi,Plateau,2024-07-17,Large,2200
5358,Omoku,Rivers,2024-09-01,Extra Large,3500
5359,Gusau,Zamfara,2025-07-03,Small,500
5360,Vandeikya,Benue,2024-08-15,Medium,1200
5361,Deba,Gombe,2025-03-19,Small,500
5362,Oji River,Enugu,2025-12-08,Extra Large,3500
5363,Damaturu,Yobe,2024-11-03,Small,500
5364,Kaura Namoda,Zamfara,2025-09-21,Medium,1200
5365,Biu,Gombe,2025-04-16,Medium,1200
5366,Lagos,Lagos,2025-12-02,Small,500
5367,Dutse,Jigawa,2026-01-17,Extra Large,3500
5368,Monguno,Borno,2025-01-02,Extra Large,3500
5369,Enugu,Enugu,2024-06-27,Large,2200
5370,Oguta,Imo,2024-08-11,Small,500
5371,Sagbama,Bayelsa,2026-03-10,Medium,1200
5372,Oron,Akwa Ibom,2024-08-17,Large,2200
5373,Potiskum,Yobe,2025-04-24,Small,500
5374,Omoku,Rivers,2026-04-23,Extra Large,3500
5375,Lokoja,Kogi,2025-11-11,Small,500
5376,Illela,Sokoto,2024-10-17,Medium,1200
5377,Kaduna,Kaduna,2025-03-14,Extra Large,3500
5378,Omu-Aran,Kwara,2025-08-06,Extra Large,3500
5379,Talata Mafara,Zamfara,2024-09-28,Small,500
5380,Vandeikya,Benue,2025-10-15,Small,500
5381,Zaria,Kaduna,2025-01-04,Medium,1200
5382,Afikpo,Ebonyi,2025-08-09,Small,500
5383,Auchi,Edo,2025-10-31,Medium,1200
5384,Ikere-Ekiti,Ekiti,2024-07-20,Large,2200
5385,Ibadan,Oyo,2024-08-27,Extra Large,3500
5386,Dukku,Gombe,2025-02-12,Medium,1200
5387,Uyo,Akwa Ibom,2024-12-03,Medium,1200
5388,Badagry,Lagos,2025-10-24,Extra Large,3500
5389,Asaba,Delta,2025-10-29,Medium,1200
5390,Langtang,Plateau,2025-05-21,Small,500
5391,Onueke,Ebonyi,2025-01-29,Small,500
5392,Potiskum,Yobe,2025-09-24,Extra Large,3500
5393,Makurdi,Benue,2025-04-08,Medium,1200
5394,Enugu,Enugu,2024-08-11,Medium,1200
5395,Abeokuta,Ogun,2026-01-23,Extra Large,3500
5396,Biu,Gombe,2024-05-05,Large,2200
5397,Gembu,Taraba,2026-03-05,Large,2200
5398,Ile-Ife,Osun,2025-03-21,Medium,1200
5399,Ede,Osun,2025-09-04,Medium,1200
5400,Ilesa,Osun,2026-03-31,Large,2200
5401,Birnin Kudu,Jigawa,2025-09-08,Medium,1200
5402,Mubi,Adamawa,2024-05-26,Extra Large,3500
5403,Danbatta,Kano,2026-02-26,Extra Large,3500
5404,Nembe,Bayelsa,2025-08-05,Small,500
5405,Calabar,Cross River,2026-03-26,Medium,1200
5406,Damaturu,Yobe,2025-03-08,Extra Large,3500
5407,Rijau,Niger,2026-02-27,Medium,1200
5408,Ogidi,Anambra,2026-01-14,Medium,1200
5409,Potiskum,Yobe,2024-12-27,Medium,1200
5410,Owerri,Imo,2024-11-08,Small,500
5411,Oguta,Imo,2024-07-07,Small,500
5412,Ankpa,Kogi,2025-08-18,Small,500
5413,Gumel,Jigawa,2025-02-06,Large,2200
5414,Talata Mafara,Zamfara,2025-11-13,Medium,1200
5415,Oron,Akwa Ibom,2025-10-26,Extra Large,3500
5416,Nsukka,Enugu,2025-10-15,Medium,1200
5417,Nembe,Bayelsa,2025-07-01,Medium,1200
5418,Osogbo,Osun,2024-09-16,Extra Large,3500
5419,Damaturu,Yobe,2024-12-29,Large,2200
5420,Ogbomoso,Oyo,2025-09-13,Large,2200
5421,Lokoja,Kogi,2024-09-05,Small,500
5422,Aba,Abia,2025-06-01,Small,500
5423,Yola,Adamawa,2025-08-31,Large,2200
5424,Ishieke,Ebonyi,2025-12-25,Small,500
5425,Brass,Bayelsa,2024-05-05,Extra Large,3500
5426,Katsina-Ala,Benue,2024-07-07,Large,2200
5427,Ogidi,Anambra,2024-07-11,Small,500
5428,Sapele,Delta,2025-03-18,Large,2200
5429,Lafia,Nasarawa,2024-10-04,Large,2200
5430,Bichi,Kano,2024-11-20,Medium,1200
5431,Nembe,Bayelsa,2024-09-15,Medium,1200
5432,Nguru,Yobe,2024-05-14,Large,2200
5433,Eleme,Rivers,2024-07-03,Small,500
5434,Warri,Delta,2026-03-14,Large,2200
5435,Illela,Sokoto,2025-08-19,Small,500
5436,Zuru,Kebbi,2025-12-28,Extra Large,3500
5437,Abak,Akwa Ibom,2026-03-22,Extra Large,3500
5438,Ibadan,Oyo,2025-08-06,Small,500
5439,Awka,Anambra,2025-09-26,Large,2200
5440,Mbaise,Imo,2024-07-23,Large,2200
5441,Lokoja,Kogi,2026-01-13,Large,2200
5442,Bali,Taraba,2024-07-30,Medium,1200
5443,Kontagora,Niger,2025-08-19,Small,500
5444,Mbaise,Imo,2026-02-13,Medium,1200
5445,Saminaka,Kaduna,2025-06-14,Medium,1200
5446,Yauri,Kebbi,2026-04-03,Small,500
5447,Badagry,Lagos,2026-02-10,Medium,1200
5448,Lafia,Nasarawa,2025-09-17,Small,500
5449,Jos,Plateau,2024-10-29,Extra Large,3500
5450,Nsukka,Enugu,2025-04-03,Extra Large,3500
5451,Kaura Namoda,Zamfara,2026-03-12,Large,2200
5452,Futungo,Adamawa,2025-08-06,Medium,1200
5453,Calabar,Cross River,2026-03-02,Small,500
5454,Kaduna,Kaduna,2024-11-15,Small,500
5455,Bida,Niger,2025-03-05,Small,500
5456,Tsafe,Zamfara,2026-02-16,Small,500
5457,Gumel,Jigawa,2025-11-10,Medium,1200
5458,Kaura Namoda,Zamfara,2024-12-19,Extra Large,3500
5459,Oguta,Imo,2024-08-23,Medium,1200
5460,Keffi,Nasarawa,2024-06-20,Small,500
5461,Bida,Niger,2025-11-16,Medium,1200
5462,Asaba,Delta,2025-01-31,Medium,1200
5463,Rijau,Niger,2024-12-26,Large,2200
5464,Ishieke,Ebonyi,2024-06-09,Large,2200
5465,Sagamu,Ogun,2026-03-26,Medium,1200
5466,Mubi,Adamawa,2024-11-06,Extra Large,3500
5467,Ogoja,Cross River,2025-03-15,Extra Large,3500
5468,Enugu,Enugu,2025-04-21,Large,2200
5469,Dutse,Jigawa,2026-03-06,Extra Large,3500
5470,Oron,Akwa Ibom,2025-07-17,Large,2200
5471,Keffi,Nasarawa,2024-09-04,Large,2200
5472,Badagry,Lagos,2025-04-21,Small,500
5473,Uromi,Edo,2024-08-10,Medium,1200
5474,Badagry,Lagos,2025-11-09,Medium,1200
5475,Wudil,Kano,2024-10-03,Small,500
5476,Oporoma,Bayelsa,2025-08-10,Extra Large,3500
5477,Malumfashi,Katsina,2026-02-23,Large,2200
5478,Rano,Kano,2025-10-01,Small,500
5479,Gombe,Gombe,2024-07-11,Large,2200
5480,Oguta,Imo,2024-06-19,Medium,1200
5481,Kafanchan,Kaduna,2025-06-18,Medium,1200
5482,Saki,Oyo,2024-10-27,Small,500
5483,Lokoja,Kogi,2025-03-18,Large,2200
5484,Nnewi,Anambra,2026-02-11,Medium,1200
5485,Nsukka,Enugu,2024-08-13,Medium,1200
5486,Offa,Kwara,2025-08-08,Large,2200
5487,Birnin Kebbi,Kebbi,2026-03-09,Extra Large,3500
5488,Biu,Gombe,2025-08-25,Small,500
5489,Yenagoa,Bayelsa,2024-11-07,Extra Large,3500
5490,Mutum Biyu,Taraba,2025-09-20,Small,500
5491,Damaturu,Yobe,2026-02-17,Medium,1200
5492,Oguta,Imo,2025-06-21,Small,500
5493,Igbara-Odo,Ekiti,2025-05-08,Medium,1200
5494,Obudu,Cross River,2026-03-15,Large,2200
5495,Gombe,Gombe,2025-04-20,Extra Large,3500
5496,Uyo,Akwa Ibom,2025-03-11,Small,500
5497,Gwadabawa,Sokoto,2026-01-03,Large,2200
5498,Lafia,Nasarawa,2025-11-18,Extra Large,3500
5499,Gwadabawa,Sokoto,2025-11-22,Small,500
5500,Umuahia,Abia,2025-05-26,Medium,1200
5501,Yola,Adamawa,2024-04-29,Small,500
5502,Kabba,Kogi,2026-03-25,Small,500
5503,Talata Mafara,Zamfara,2025-12-15,Small,500
5504,Mbaise,Imo,2025-04-14,Large,2200
5505,Langtang,Plateau,2025-06-15,Large,2200
5506,Rano,Kano,2026-03-11,Small,500
5507,Abeokuta,Ogun,2025-01-14,Medium,1200
5508,Bida,Niger,2025-09-07,Large,2200
5509,Calabar,Cross River,2025-02-13,Small,500
5510,Dutsin-Ma,Katsina,2025-08-02,Small,500
5511,Dikwa,Borno,2026-03-28,Large,2200
5512,Vandeikya,Benue,2024-07-02,Large,2200
5513,Biu,Gombe,2025-05-22,Extra Large,3500
5514,Mutum Biyu,Taraba,2026-03-30,Large,2200
5515,Futungo,Adamawa,2024-06-24,Medium,1200
5516,Ijebu-Ode,Ogun,2025-03-28,Medium,1200
5517,Afikpo,Ebonyi,2025-11-08,Medium,1200
5518,Azare,Bauchi,2025-08-13,Extra Large,3500
5519,Kafanchan,Kaduna,2024-09-03,Large,2200
5520,Abeokuta,Ogun,2024-05-25,Small,500
5521,Dutse,Jigawa,2025-02-01,Large,2200
5522,Akamkpa,Cross River,2024-09-13,Extra Large,3500
5523,Ikot Ekpene,Akwa Ibom,2025-09-17,Small,500
5524,Okene,Kogi,2026-02-11,Extra Large,3500
5525,Kontagora,Niger,2025-07-31,Extra Large,3500
5526,Abak,Akwa Ibom,2025-01-14,Small,500
5527,Biu,Borno,2024-06-28,Extra Large,3500
5528,Yola,Adamawa,2025-08-02,Medium,1200
5529,Ogidi,Anambra,2025-10-16,Medium,1200
5530,Epe,Lagos,2024-08-07,Extra Large,3500
5531,Yenagoa,Bayelsa,2024-09-15,Extra Large,3500
5532,Ughelli,Delta,2025-10-05,Small,500
5533,Argungu,Kebbi,2025-07-04,Small,500
5534,Auchi,Edo,2025-04-19,Large,2200
5535,Idah,Kogi,2024-06-12,Small,500
5536,Idanre,Ondo,2025-05-27,Medium,1200
5537,Idanre,Ondo,2024-12-07,Small,500
5538,Degema,Rivers,2025-05-22,Extra Large,3500
5539,Talata Mafara,Zamfara,2025-12-27,Medium,1200
5540,Bali,Taraba,2025-03-21,Large,2200
5541,Uyo,Akwa Ibom,2026-04-24,Medium,1200
5542,Dutsin-Ma,Katsina,2024-05-24,Small,500
5543,Mutum Biyu,Taraba,2024-06-06,Medium,1200
5544,Idah,Kogi,2025-11-23,Medium,1200
5545,Shendam,Plateau,2024-05-28,Medium,1200
5546,Abeokuta,Ogun,2024-07-22,Medium,1200
5547,Kaltungo,Gombe,2025-12-07,Small,500
5548,Awka,Anambra,2025-08-27,Large,2200
5549,Osogbo,Osun,2025-03-28,Small,500
5550,Wamako,Sokoto,2025-09-04,Small,500
5551,Bichi,Kano,2026-01-26,Medium,1200
5552,Girei,Adamawa,2024-08-13,Large,2200
5553,Ohaozara,Ebonyi,2025-06-24,Extra Large,3500
5554,Akwanga,Nasarawa,2026-03-04,Extra Large,3500
5555,Nembe,Bayelsa,2024-05-23,Large,2200
5556,Agbor,Delta,2024-08-08,Large,2200
5557,Wamba,Nasarawa,2025-08-17,Medium,1200
5558,Sapele,Delta,2025-04-06,Small,500
5559,Kano,Kano,2026-02-27,Large,2200
5560,Ikere-Ekiti,Ekiti,2024-05-30,Medium,1200
5561,Otukpo,Benue,2025-09-21,Medium,1200
5562,Wudil,Kano,2024-07-31,Extra Large,3500
5563,Rijau,Niger,2024-08-30,Small,500
5564,Ota,Ogun,2024-06-02,Small,500
5565,Kaura Namoda,Zamfara,2024-12-07,Medium,1200
5566,Minna,Niger,2025-11-28,Extra Large,3500
5567,Abeokuta,Ogun,2025-03-26,Extra Large,3500
5568,Auchi,Edo,2024-08-29,Large,2200
5569,Talata Mafara,Zamfara,2025-07-03,Medium,1200
5570,Kamba,Kebbi,2025-12-15,Large,2200
5571,Oguta,Imo,2024-07-13,Medium,1200
5572,Gusau,Zamfara,2025-04-25,Large,2200
5573,Ohafia,Abia,2025-12-02,Extra Large,3500
5574,Biu,Borno,2024-10-05,Extra Large,3500
5575,Lokoja,Kogi,2025-12-06,Medium,1200
5576,Rijau,Niger,2025-03-04,Large,2200
5577,Potiskum,Yobe,2025-12-11,Extra Large,3500
5578,Kaduna,Kaduna,2026-04-14,Extra Large,3500
5579,Akwanga,Nasarawa,2025-09-04,Extra Large,3500
5580,Azare,Bauchi,2024-12-20,Small,500
5581,Kaura Namoda,Zamfara,2026-04-10,Extra Large,3500
5582,Otukpo,Benue,2025-06-22,Medium,1200
5583,Bali,Taraba,2024-08-05,Large,2200
5584,Monguno,Borno,2025-12-29,Medium,1200
5585,Kagoro,Kaduna,2025-11-27,Medium,1200
5586,Oguta,Imo,2025-11-06,Large,2200
5587,Wamako,Sokoto,2025-07-04,Small,500
5588,Mubi,Adamawa,2024-12-28,Extra Large,3500
5589,Gombe,Gombe,2024-07-24,Small,500
5590,Gwadabawa,Sokoto,2024-08-08,Extra Large,3500
5591,Lafia,Nasarawa,2025-02-24,Small,500
5592,Gwoza,Borno,2025-09-17,Medium,1200
5593,Bauchi,Bauchi,2025-06-05,Medium,1200
5594,Lokoja,Kogi,2025-03-13,Small,500
5595,Dass,Bauchi,2026-03-04,Small,500
5596,Kaduna,Kaduna,2024-05-26,Large,2200
5597,Misau,Bauchi,2024-07-09,Small,500
5598,Iseyin,Oyo,2026-01-06,Medium,1200
5599,Wukari,Taraba,2025-07-18,Extra Large,3500
5600,Ijebu-Ode,Ogun,2025-11-16,Small,500
5601,Ikeja,Lagos,2024-05-08,Large,2200
5602,Kaduna,Kaduna,2025-04-17,Extra Large,3500
5603,Ede,Osun,2024-05-01,Large,2200
5604,Suleja,Niger,2024-09-05,Small,500
5605,Ile-Ife,Osun,2024-07-01,Extra Large,3500
5606,Ijebu-Ode,Ogun,2025-08-16,Medium,1200
5607,Ilorin,Kwara,2026-02-04,Small,500
5608,Degema,Rivers,2025-02-25,Extra Large,3500
5609,Onitsha,Anambra,2025-12-08,Small,500
5610,Dutse,Jigawa,2025-11-12,Extra Large,3500
5611,Gembu,Taraba,2025-09-15,Large,2200
5612,Azare,Bauchi,2024-09-24,Medium,1200
5613,Igbara-Odo,Ekiti,2025-08-07,Medium,1200
5614,Brass,Bayelsa,2025-05-14,Large,2200
5615,Offa,Kwara,2025-02-22,Medium,1200
5616,Kaiama,Kwara,2026-03-13,Small,500
5617,Saki,Oyo,2025-07-17,Small,500
5618,Ibadan,Oyo,2024-05-24,Medium,1200
5619,Abakaliki,Ebonyi,2024-09-05,Small,500
5620,Abakaliki,Ebonyi,2025-04-27,Extra Large,3500
5621,Biu,Borno,2026-03-22,Extra Large,3500
5622,Oguta,Imo,2025-07-29,Large,2200
5623,Obudu,Cross River,2025-11-20,Extra Large,3500
5624,Buni Yadi,Yobe,2025-01-06,Large,2200
5625,Lafia,Nasarawa,2024-04-30,Medium,1200
5626,Oji River,Enugu,2024-10-16,Small,500
5627,Gashua,Yobe,2024-07-21,Large,2200
5628,Birnin Kudu,Jigawa,2025-05-19,Small,500
5629,Ishieke,Ebonyi,2024-07-05,Large,2200
5630,Onitsha,Anambra,2025-01-16,Extra Large,3500
5631,Rano,Kano,2025-11-04,Small,500
5632,Katsina-Ala,Benue,2025-05-26,Large,2200
5633,Kano,Kano,2024-10-04,Medium,1200
5634,Ile-Ife,Osun,2025-11-11,Large,2200
5635,Katsina-Ala,Benue,2025-08-21,Extra Large,3500
5636,Damaturu,Yobe,2024-11-15,Medium,1200
5637,Iseyin,Oyo,2024-09-15,Medium,1200
5638,Benin City,Edo,2025-11-30,Small,500
5639,Abakaliki,Ebonyi,2025-09-09,Extra Large,3500
5640,Potiskum,Yobe,2026-04-05,Small,500
5641,Omuo-Ekiti,Ekiti,2025-04-08,Extra Large,3500
5642,Ishieke,Ebonyi,2024-09-02,Large,2200
5643,Eleme,Rivers,2025-08-29,Extra Large,3500
5644,Deba,Gombe,2024-05-28,Medium,1200
5645,Potiskum,Yobe,2025-08-11,Small,500
5646,Tambuwal,Sokoto,2024-11-21,Large,2200
5647,Abeokuta,Ogun,2025-03-10,Large,2200
5648,Dukku,Gombe,2024-12-27,Extra Large,3500
5649,Girei,Adamawa,2025-12-06,Extra Large,3500
5650,Minna,Niger,2025-11-02,Extra Large,3500
5651,Jos,Plateau,2024-05-28,Extra Large,3500
5652,Omoku,Rivers,2025-10-20,Extra Large,3500
5653,Wukari,Taraba,2026-03-04,Small,500
5654,Lagos,Lagos,2024-09-02,Extra Large,3500
5655,Potiskum,Yobe,2025-11-22,Small,500
5656,Afikpo,Ebonyi,2025-04-16,Medium,1200
5657,Omu-Aran,Kwara,2024-07-20,Medium,1200
5658,Oporoma,Bayelsa,2026-02-10,Large,2200
5659,Ohafia,Abia,2025-10-06,Extra Large,3500
5660,Gboko,Benue,2025-07-04,Extra Large,3500
5661,Asaba,Delta,2024-12-21,Medium,1200
5662,Jamaare,Bauchi,2024-09-19,Medium,1200
5663,Kamba,Kebbi,2025-09-03,Extra Large,3500
5664,Saki,Oyo,2024-12-21,Small,500
5665,Tsafe,Zamfara,2025-11-17,Large,2200
5666,Mbaise,Imo,2024-12-21,Large,2200
5667,Damaturu,Yobe,2024-07-07,Medium,1200
5668,Calabar,Cross River,2025-10-18,Large,2200
5669,Abak,Akwa Ibom,2026-01-22,Medium,1200
5670,Nguru,Yobe,2025-01-26,Large,2200
5671,Wamako,Sokoto,2024-10-05,Medium,1200
5672,Dutsin-Ma,Katsina,2025-04-06,Large,2200
5673,Illela,Sokoto,2025-04-16,Small,500
5674,Sagbama,Bayelsa,2026-02-06,Large,2200
5675,Ejigbo,Osun,2024-08-10,Extra Large,3500
5676,Oron,Akwa Ibom,2026-03-06,Small,500
5677,Offa,Kwara,2025-03-25,Medium,1200
5678,Nguru,Yobe,2025-02-04,Extra Large,3500
5679,Nassarawa,Nasarawa,2024-08-04,Medium,1200
5680,Potiskum,Yobe,2025-10-05,Small,500
5681,Ilesa,Osun,2025-08-02,Extra Large,3500
5682,Jamaare,Bauchi,2026-04-10,Small,500
5683,Iseyin,Oyo,2024-09-21,Extra Large,3500
5684,Wamba,Nasarawa,2024-07-28,Medium,1200
5685,Idanre,Ondo,2025-09-15,Extra Large,3500
5686,Warri,Delta,2024-06-09,Large,2200
5687,Gembu,Taraba,2024-08-04,Medium,1200
5688,Port Harcourt,Rivers,2026-01-09,Large,2200
5689,Jalingo,Taraba,2025-03-28,Extra Large,3500
5690,Auchi,Edo,2024-08-30,Large,2200
5691,Nnewi,Anambra,2025-01-03,Small,500
5692,Epe,Lagos,2026-02-03,Extra Large,3500
5693,Kabba,Kogi,2025-07-12,Small,500
5694,Yola,Adamawa,2025-11-25,Medium,1200
5695,Saminaka,Kaduna,2025-08-06,Medium,1200
5696,Idah,Kogi,2025-07-18,Large,2200
5697,Hadejia,Jigawa,2024-08-29,Extra Large,3500
5698,Saki,Oyo,2026-04-06,Extra Large,3500
5699,Ikere-Ekiti,Ekiti,2026-01-12,Large,2200
5700,Wudil,Kano,2024-06-29,Medium,1200
5701,Akamkpa,Cross River,2026-01-13,Large,2200
5702,Suleja,Niger,2025-04-19,Medium,1200
5703,Buni Yadi,Yobe,2026-04-24,Small,500
5704,Kabba,Kogi,2025-07-03,Medium,1200
5705,Dutse,Jigawa,2025-12-29,Large,2200
5706,Irrua,Edo,2024-11-17,Large,2200
5707,Barkin Ladi,Plateau,2025-10-12,Large,2200
5708,Keffi,Nasarawa,2025-10-17,Medium,1200
5709,Rijau,Niger,2024-10-24,Medium,1200
5710,Kaltungo,Gombe,2024-12-22,Large,2200
5711,Otukpo,Benue,2025-06-24,Small,500
5712,Kaura Namoda,Zamfara,2026-02-07,Large,2200
5713,Lagos,Lagos,2025-07-03,Extra Large,3500
5714,Bali,Taraba,2024-08-13,Extra Large,3500
5715,Anka,Zamfara,2025-06-20,Small,500
5716,Zuru,Kebbi,2024-04-30,Large,2200
5717,Hadejia,Jigawa,2026-04-13,Small,500
5718,Omuo-Ekiti,Ekiti,2024-05-26,Small,500
5719,Illela,Sokoto,2025-04-06,Small,500
5720,Gwoza,Borno,2025-11-09,Extra Large,3500
5721,Abakaliki,Ebonyi,2024-05-21,Medium,1200
5722,Bali,Taraba,2025-05-20,Medium,1200
5723,Kaduna,Kaduna,2025-04-12,Small,500
5724,Ikeja,Lagos,2025-12-01,Extra Large,3500
5725,Katsina,Katsina,2025-12-18,Large,2200
5726,Danbatta,Kano,2025-03-23,Small,500
5727,Yauri,Kebbi,2024-10-19,Medium,1200
5728,Otukpo,Benue,2025-06-09,Medium,1200
5729,Ikorodu,Lagos,2024-05-06,Medium,1200
5730,Ilaro,Ogun,2025-10-13,Small,500
5731,Mbaise,Imo,2026-03-22,Extra Large,3500
5732,Birnin Kebbi,Kebbi,2024-08-02,Small,500
5733,Zaria,Kaduna,2024-11-29,Small,500
5734,Kano,Kano,2025-08-13,Small,500
5735,Offa,Kwara,2024-07-02,Extra Large,3500
5736,Wamba,Nasarawa,2025-04-12,Small,500
5737,Mutum Biyu,Taraba,2024-12-05,Small,500
5738,Obudu,Cross River,2025-09-23,Small,500
5739,Kafanchan,Kaduna,2026-01-14,Medium,1200
5740,Oguta,Imo,2025-10-25,Large,2200
5741,Suleja,Niger,2024-05-14,Medium,1200
5742,Ankpa,Kogi,2025-03-25,Extra Large,3500
5743,Abeokuta,Ogun,2025-11-12,Large,2200
5744,Gwadabawa,Sokoto,2026-01-26,Extra Large,3500
5745,Nguru,Yobe,2025-02-17,Large,2200
5746,Daura,Katsina,2025-11-25,Medium,1200
5747,Bori,Rivers,2025-01-22,Large,2200
5748,Saminaka,Kaduna,2025-04-01,Large,2200
5749,Owo,Ondo,2025-08-03,Large,2200
5750,Wudil,Kano,2026-01-15,Medium,1200
5751,Dutsin-Ma,Katsina,2024-06-17,Small,500
5752,Oporoma,Bayelsa,2026-02-09,Large,2200
5753,Mubi,Adamawa,2024-12-26,Small,500
5754,Uyo,Akwa Ibom,2024-05-20,Medium,1200
5755,Funtua,Katsina,2025-03-04,Medium,1200
5756,Gombe,Gombe,2024-11-10,Medium,1200
5757,Calabar,Cross River,2026-03-19,Large,2200
5758,Birnin Kebbi,Kebbi,2025-05-28,Medium,1200
5759,Ohafia,Abia,2025-11-28,Large,2200
5760,Jos,Plateau,2025-11-23,Medium,1200
5761,Idanre,Ondo,2024-06-25,Medium,1200
5762,Gboko,Benue,2026-01-30,Large,2200
5763,Rano,Kano,2025-10-16,Extra Large,3500
5764,Wamba,Nasarawa,2024-06-06,Extra Large,3500
5765,Ughelli,Delta,2026-03-19,Medium,1200
5766,Ikare,Ondo,2025-09-02,Extra Large,3500
5767,Danbatta,Kano,2026-02-05,Medium,1200
5768,Umuahia,Abia,2024-07-17,Large,2200
5769,Tambuwal,Sokoto,2025-01-19,Large,2200
5770,Wudil,Kano,2025-07-23,Small,500
5771,Wukari,Taraba,2025-01-19,Medium,1200
5772,Damaturu,Yobe,2024-09-02,Medium,1200
5773,Ado-Ekiti,Ekiti,2025-06-09,Medium,1200
5774,Efon,Ekiti,2024-06-14,Medium,1200
5775,Ohafia,Abia,2025-09-27,Small,500
5776,Ekwulobia,Anambra,2024-09-23,Small,500
5777,Nembe,Bayelsa,2026-04-14,Medium,1200
5778,Sagamu,Ogun,2024-10-18,Extra Large,3500
5779,Afikpo,Ebonyi,2024-07-19,Extra Large,3500
5780,Ilorin,Kwara,2025-04-11,Medium,1200
5781,Langtang,Plateau,2026-03-14,Small,500
5782,Ogbomoso,Oyo,2025-06-25,Medium,1200
5783,Kaiama,Kwara,2026-03-29,Extra Large,3500
5784,Yauri,Kebbi,2024-09-27,Large,2200
5785,Anka,Zamfara,2025-10-23,Extra Large,3500
5786,Obudu,Cross River,2024-10-08,Medium,1200
5787,Ikot Ekpene,Akwa Ibom,2025-01-09,Medium,1200
5788,Nembe,Bayelsa,2024-11-08,Extra Large,3500
5789,Wamba,Nasarawa,2025-09-06,Medium,1200
5790,Katsina-Ala,Benue,2024-11-15,Small,500
5791,Talata Mafara,Zamfara,2024-06-12,Extra Large,3500
5792,Gwoza,Borno,2025-01-04,Medium,1200
5793,Dass,Bauchi,2025-04-17,Medium,1200
5794,Igbara-Odo,Ekiti,2025-05-17,Medium,1200
5795,Benin City,Edo,2024-07-25,Large,2200
5796,Auchi,Edo,2025-09-27,Medium,1200
5797,Oji River,Enugu,2025-09-04,Medium,1200
5798,Katsina-Ala,Benue,2025-05-21,Large,2200
5799,Misau,Bauchi,2024-11-26,Medium,1200
5800,Tsafe,Zamfara,2025-07-24,Medium,1200
5801,Orlu,Imo,2025-12-02,Large,2200
5802,Ikeja,Lagos,2026-03-19,Medium,1200
5803,Kamba,Kebbi,2025-12-09,Large,2200
5804,Kagoro,Kaduna,2026-03-15,Small,500
5805,Degema,Rivers,2024-06-13,Extra Large,3500
5806,Biu,Gombe,2026-02-07,Extra Large,3500
5807,Wudil,Kano,2025-03-27,Small,500
5808,Idah,Kogi,2024-06-24,Large,2200
5809,Eleme,Rivers,2026-02-12,Small,500
5810,Uromi,Edo,2024-11-23,Extra Large,3500
5811,Umuahia,Abia,2026-03-27,Medium,1200
5812,Osogbo,Osun,2024-07-15,Medium,1200
5813,Nnewi,Anambra,2024-11-14,Medium,1200
5814,Saki,Oyo,2025-09-18,Extra Large,3500
5815,Biu,Borno,2025-04-24,Extra Large,3500
5816,Argungu,Kebbi,2026-01-26,Medium,1200
5817,Ikom,Cross River,2025-05-12,Small,500
5818,Otukpo,Benue,2025-07-29,Large,2200
5819,Minna,Niger,2024-11-27,Medium,1200
5820,Benin City,Edo,2026-04-05,Small,500
5821,Birnin Kudu,Jigawa,2025-05-27,Extra Large,3500
5822,Saki,Oyo,2024-08-01,Extra Large,3500
5823,Offa,Kwara,2025-01-05,Large,2200
5824,Wamako,Sokoto,2025-03-17,Medium,1200
5825,Oguta,Imo,2025-08-11,Extra Large,3500
5826,Awka,Anambra,2024-11-26,Medium,1200
5827,Numan,Adamawa,2024-06-12,Large,2200
5828,Mbaise,Imo,2026-01-24,Small,500
5829,Birnin Kebbi,Kebbi,2024-10-13,Extra Large,3500
5830,Misau,Bauchi,2026-03-20,Medium,1200
5831,Udi,Enugu,2025-08-11,Small,500
5832,Mubi,Adamawa,2025-02-21,Medium,1200
5833,Ilorin,Kwara,2025-01-02,Small,500
5834,Daura,Katsina,2025-08-12,Extra Large,3500
5835,Saminaka,Kaduna,2024-12-21,Medium,1200
5836,Ogidi,Anambra,2025-07-04,Medium,1200
5837,Isuikwuato,Abia,2025-09-18,Extra Large,3500
5838,Jos,Plateau,2026-01-02,Medium,1200
5839,Port Harcourt,Rivers,2025-03-18,Small,500
5840,Ughelli,Delta,2024-12-05,Small,500
5841,Warri,Delta,2024-08-01,Small,500
5842,Nsukka,Enugu,2025-11-25,Small,500
5843,Iseyin,Oyo,2024-08-30,Extra Large,3500
5844,Calabar,Cross River,2024-11-03,Small,500
5845,Yenagoa,Bayelsa,2025-04-15,Small,500
5846,Nassarawa,Nasarawa,2026-04-06,Small,500
5847,Ikom,Cross River,2025-11-10,Small,500
5848,Dikwa,Borno,2024-05-31,Small,500
5849,Ile-Ife,Osun,2025-01-10,Large,2200
5850,Mutum Biyu,Taraba,2025-03-26,Medium,1200
5851,Efon,Ekiti,2024-08-26,Medium,1200
5852,Ikot Ekpene,Akwa Ibom,2026-03-03,Medium,1200
5853,Ikare,Ondo,2025-09-29,Large,2200
5854,Udi,Enugu,2024-11-21,Small,500
5855,Uromi,Edo,2026-04-08,Large,2200
5856,Jalingo,Taraba,2025-12-31,Medium,1200
5857,Wudil,Kano,2025-09-15,Small,500
5858,Sagbama,Bayelsa,2025-08-27,Small,500
5859,Kaura Namoda,Zamfara,2024-08-17,Medium,1200
5860,Lokoja,Kogi,2024-10-17,Large,2200
5861,Ikom,Cross River,2024-05-27,Large,2200
5862,Keffi,Nasarawa,2024-12-14,Small,500
5863,Omuo-Ekiti,Ekiti,2024-07-28,Large,2200
5864,Lafia,Nasarawa,2024-11-03,Small,500
5865,Udi,Enugu,2024-09-08,Large,2200
5866,Akamkpa,Cross River,2025-06-12,Extra Large,3500
5867,Yola,Adamawa,2024-05-22,Medium,1200
5868,Ibadan,Oyo,2024-12-14,Medium,1200
5869,Zaria,Kaduna,2025-01-03,Extra Large,3500
5870,Jebba,Kwara,2025-01-24,Large,2200
5871,Gashua,Yobe,2025-05-26,Extra Large,3500
5872,Daura,Katsina,2024-08-23,Medium,1200
5873,Numan,Adamawa,2024-12-03,Small,500
5874,Asaba,Delta,2026-02-28,Medium,1200
5875,Jos,Plateau,2025-02-16,Extra Large,3500
5876,Monguno,Borno,2025-04-27,Medium,1200
5877,Barkin Ladi,Plateau,2024-08-11,Extra Large,3500
5878,Kaduna,Kaduna,2025-03-27,Medium,1200
5879,Ekwulobia,Anambra,2024-12-17,Small,500
5880,Ikare,Ondo,2024-04-30,Small,500
5881,Ijebu-Ode,Ogun,2025-10-18,Medium,1200
5882,Ogoja,Cross River,2026-04-10,Small,500
5883,Idah,Kogi,2024-12-25,Large,2200
5884,Abakaliki,Ebonyi,2025-09-24,Medium,1200
5885,Kano,Kano,2025-04-08,Medium,1200
5886,Awka,Anambra,2024-11-24,Small,500
5887,Epe,Lagos,2026-03-18,Extra Large,3500
5888,Ilesa,Osun,2026-04-13,Extra Large,3500
5889,Dutsin-Ma,Katsina,2025-06-20,Small,500
5890,Epe,Lagos,2024-08-12,Large,2200
5891,Badagry,Lagos,2025-06-14,Extra Large,3500
5892,Auchi,Edo,2026-02-18,Large,2200
5893,Jos,Plateau,2025-03-16,Medium,1200
5894,Kazaure,Jigawa,2025-09-12,Extra Large,3500
5895,Aba,Abia,2025-10-13,Small,500
5896,Gusau,Zamfara,2026-02-14,Small,500
5897,Sokoto,Sokoto,2024-08-06,Small,500
5898,Enugu,Enugu,2025-06-03,Extra Large,3500
5899,Talata Mafara,Zamfara,2024-12-08,Small,500
5900,Ede,Osun,2025-02-14,Large,2200
5901,Oporoma,Bayelsa,2026-01-01,Medium,1200
5902,Idanre,Ondo,2025-03-19,Small,500
5903,Damaturu,Yobe,2024-07-03,Small,500
5904,Epe,Lagos,2024-06-06,Small,500
5905,Agbor,Delta,2025-08-08,Small,500
5906,Gboko,Benue,2025-06-27,Small,500
5907,Ibadan,Oyo,2024-10-06,Medium,1200
5908,Sokoto,Sokoto,2026-03-11,Extra Large,3500
5909,Osogbo,Osun,2024-11-16,Medium,1200
5910,Ekwulobia,Anambra,2024-05-13,Medium,1200
5911,Lokoja,Kogi,2025-05-25,Small,500
5912,Bichi,Kano,2025-03-18,Large,2200
5913,Bori,Rivers,2025-08-30,Medium,1200
5914,Suleja,Niger,2024-06-29,Small,500
5915,Ado-Ekiti,Ekiti,2025-05-06,Small,500
5916,Ondo City,Ondo,2024-09-16,Large,2200
5917,Buni Yadi,Yobe,2024-12-15,Large,2200
5918,Ede,Osun,2025-07-13,Extra Large,3500
5919,Kazaure,Jigawa,2026-03-17,Small,500
5920,Enugu,Enugu,2026-02-20,Small,500
5921,Okene,Kogi,2025-01-15,Medium,1200
5922,Suleja,Niger,2024-08-13,Extra Large,3500
5923,Kazaure,Jigawa,2026-01-11,Extra Large,3500
5924,Ondo City,Ondo,2025-01-22,Small,500
5925,Jebba,Kwara,2025-01-24,Small,500
5926,Wukari,Taraba,2024-11-21,Medium,1200
5927,Jos,Plateau,2025-01-08,Small,500
5928,Nnewi,Anambra,2026-04-11,Extra Large,3500
5929,Ilaro,Ogun,2026-01-26,Small,500
5930,Funtua,Katsina,2024-06-30,Small,500
5931,Bauchi,Bauchi,2025-10-11,Small,500
5932,Ejigbo,Osun,2025-03-17,Extra Large,3500
5933,Ibadan,Oyo,2026-04-22,Large,2200
5934,Uyo,Akwa Ibom,2025-12-05,Large,2200
5935,Oguta,Imo,2024-11-23,Small,500
5936,Saminaka,Kaduna,2025-12-06,Small,500
5937,Argungu,Kebbi,2026-04-06,Small,500
5938,Argungu,Kebbi,2025-03-02,Small,500
5939,Birnin Kudu,Jigawa,2026-02-11,Small,500
5940,Dutsin-Ma,Katsina,2024-08-07,Extra Large,3500
5941,Rijau,Niger,2025-06-30,Extra Large,3500
5942,Gombe,Gombe,2024-06-28,Medium,1200
5943,Saki,Oyo,2024-09-25,Extra Large,3500
5944,Gwoza,Borno,2025-04-08,Extra Large,3500
5945,Anka,Zamfara,2026-01-21,Small,500
5946,Ilaro,Ogun,2026-04-18,Small,500
5947,Warri,Delta,2024-06-14,Extra Large,3500
5948,Kano,Kano,2026-03-29,Extra Large,3500
5949,Shendam,Plateau,2025-10-31,Large,2200
5950,Orlu,Imo,2024-06-30,Medium,1200
5951,Zuru,Kebbi,2025-02-20,Medium,1200
5952,Udi,Enugu,2026-02-24,Large,2200
5953,Dikwa,Borno,2025-02-24,Extra Large,3500
5954,Aba,Abia,2025-06-07,Large,2200
5955,Ohaozara,Ebonyi,2025-09-28,Medium,1200
5956,Mubi,Adamawa,2025-10-31,Extra Large,3500
5957,Ogidi,Anambra,2024-08-05,Extra Large,3500
5958,Potiskum,Yobe,2024-09-09,Small,500
5959,Oporoma,Bayelsa,2025-01-31,Small,500
5960,Abakaliki,Ebonyi,2025-06-05,Large,2200
5961,Vandeikya,Benue,2024-05-27,Small,500
5962,Okigwe,Imo,2025-12-21,Extra Large,3500
5963,Asaba,Delta,2025-12-28,Small,500
5964,Osogbo,Osun,2024-12-05,Large,2200
5965,Sokoto,Sokoto,2025-06-09,Small,500
5966,Nguru,Yobe,2025-03-31,Large,2200
5967,Dutsin-Ma,Katsina,2024-05-16,Medium,1200
5968,Abakaliki,Ebonyi,2024-04-28,Extra Large,3500
5969,Jebba,Kwara,2024-11-05,Medium,1200
5970,Ejigbo,Osun,2026-03-26,Large,2200
5971,Osogbo,Osun,2025-12-27,Medium,1200
5972,Awka,Anambra,2025-04-07,Large,2200
5973,Damaturu,Yobe,2025-08-17,Extra Large,3500
5974,Pankshin,Plateau,2026-02-08,Extra Large,3500
5975,Brass,Bayelsa,2025-02-25,Medium,1200
5976,Wamba,Nasarawa,2025-04-21,Small,500
5977,Dutsin-Ma,Katsina,2025-09-11,Extra Large,3500
5978,Yenagoa,Bayelsa,2024-10-22,Medium,1200
5979,Gwadabawa,Sokoto,2024-07-23,Large,2200
5980,Ishieke,Ebonyi,2024-11-15,Extra Large,3500
5981,Tsafe,Zamfara,2026-04-23,Medium,1200
5982,Iseyin,Oyo,2024-06-14,Extra Large,3500
5983,Nnewi,Anambra,2025-10-24,Small,500
5984,Offa,Kwara,2025-06-25,Small,500
5985,Dutse,Jigawa,2025-06-14,Extra Large,3500
5986,Monguno,Borno,2026-01-21,Extra Large,3500
5987,Oron,Akwa Ibom,2025-07-30,Medium,1200
5988,Uromi,Edo,2025-04-09,Large,2200
5989,Tsafe,Zamfara,2025-09-16,Medium,1200
5990,Kabba,Kogi,2024-07-23,Large,2200
5991,Katsina-Ala,Benue,2025-05-06,Extra Large,3500
5992,Ekpoma,Edo,2025-06-21,Small,500
5993,Sagamu,Ogun,2026-01-04,Extra Large,3500
5994,Wamba,Nasarawa,2024-08-24,Medium,1200
5995,Birnin Kudu,Jigawa,2024-06-08,Extra Large,3500
5996,Numan,Adamawa,2024-12-16,Extra Large,3500
5997,Wamako,Sokoto,2026-01-29,Medium,1200
5998,Dass,Bauchi,2024-08-04,Small,500
5999,Agbor,Delta,2024-08-24,Large,2200
6000,Katsina-Ala,Benue,2024-11-12,Medium,1200
6001,Onueke,Ebonyi,2025-02-27,Medium,1200
6002,Sagamu,Ogun,2026-02-22,Medium,1200
6003,Isuikwuato,Abia,2025-01-12,Medium,1200
6004,Saminaka,Kaduna,2024-11-24,Extra Large,3500
6005,Buni Yadi,Yobe,2025-05-19,Medium,1200
6006,Oron,Akwa Ibom,2026-03-12,Medium,1200
6007,Kazaure,Jigawa,2025-05-07,Extra Large,3500
6008,Agbor,Delta,2025-11-08,Extra Large,3500
6009,Dass,Bauchi,2024-09-07,Small,500
6010,Bauchi,Bauchi,2024-07-05,Large,2200
6011,Azare,Bauchi,2025-10-29,Small,500
6012,Okigwe,Imo,2025-05-29,Medium,1200
6013,Oji River,Enugu,2026-01-24,Small,500
6014,Biu,Gombe,2025-12-22,Extra Large,3500
6015,Abeokuta,Ogun,2025-09-09,Large,2200
6016,Auchi,Edo,2024-12-03,Small,500
6017,Gumel,Jigawa,2025-09-10,Small,500
6018,Bida,Niger,2025-09-12,Small,500
6019,Onueke,Ebonyi,2024-07-06,Large,2200
6020,Malumfashi,Katsina,2025-06-25,Medium,1200
6021,Dutse,Jigawa,2025-12-19,Small,500
6022,Owo,Ondo,2024-05-06,Small,500
6023,Omuo-Ekiti,Ekiti,2025-05-10,Large,2200
6024,Futungo,Adamawa,2025-01-24,Extra Large,3500
6025,Minna,Niger,2025-04-16,Extra Large,3500
6026,Jos,Plateau,2024-12-31,Medium,1200
6027,Birnin Kudu,Jigawa,2026-02-21,Small,500
6028,Buni Yadi,Yobe,2024-07-10,Small,500
6029,Kontagora,Niger,2024-08-17,Medium,1200
6030,Gboko,Benue,2024-10-05,Small,500
6031,Ilesa,Osun,2024-09-11,Extra Large,3500
6032,Jalingo,Taraba,2026-02-11,Medium,1200
6033,Kamba,Kebbi,2025-07-19,Medium,1200
6034,Kontagora,Niger,2025-12-25,Large,2200
6035,Nguru,Yobe,2025-05-16,Medium,1200
6036,Rijau,Niger,2025-05-20,Extra Large,3500
6037,Dutsin-Ma,Katsina,2025-06-03,Extra Large,3500
6038,Katsina,Katsina,2025-10-31,Large,2200
6039,Ankpa,Kogi,2024-07-19,Large,2200
6040,Birnin Kebbi,Kebbi,2025-03-29,Small,500
6041,Dikwa,Borno,2024-06-21,Medium,1200
6042,Benin City,Edo,2025-12-16,Extra Large,3500
6043,Ikeja,Lagos,2026-03-03,Extra Large,3500
6044,Ikot Ekpene,Akwa Ibom,2025-04-12,Small,500
6045,Dass,Bauchi,2024-12-10,Small,500
6046,Akure,Ondo,2025-01-17,Medium,1200
6047,Buni Yadi,Yobe,2025-12-15,Extra Large,3500
6048,Oji River,Enugu,2026-02-06,Large,2200
6049,Mbaise,Imo,2025-07-07,Medium,1200
6050,Vandeikya,Benue,2025-11-06,Large,2200
6051,Yauri,Kebbi,2025-01-02,Small,500
6052,Nassarawa,Nasarawa,2025-09-27,Small,500
6053,Awka,Anambra,2024-05-18,Large,2200
6054,Ogoja,Cross River,2025-12-13,Large,2200
6055,Benin City,Edo,2024-10-06,Large,2200
6056,Nassarawa,Nasarawa,2026-01-13,Large,2200
6057,Tsafe,Zamfara,2024-08-09,Extra Large,3500
6058,Ikare,Ondo,2024-10-09,Extra Large,3500
6059,Nnewi,Anambra,2024-07-27,Extra Large,3500
6060,Hadejia,Jigawa,2024-07-31,Small,500
6061,Funtua,Katsina,2024-06-23,Extra Large,3500
6062,Epe,Lagos,2025-09-13,Extra Large,3500
6063,Ankpa,Kogi,2025-11-21,Small,500
6064,Ilesa,Osun,2024-06-22,Large,2200
6065,Biu,Gombe,2025-11-14,Small,500
6066,Ondo City,Ondo,2025-11-01,Medium,1200
6067,Badagry,Lagos,2024-05-28,Extra Large,3500
6068,Keffi,Nasarawa,2024-07-14,Medium,1200
6069,Sagamu,Ogun,2025-11-27,Large,2200
6070,Awka,Anambra,2025-05-07,Extra Large,3500
6071,Ankpa,Kogi,2024-06-09,Large,2200
6072,Gombe,Gombe,2024-07-22,Small,500
6073,Ondo City,Ondo,2024-10-28,Medium,1200
6074,Biu,Borno,2024-06-14,Medium,1200
6075,Wudil,Kano,2025-08-28,Extra Large,3500
6076,Ikare,Ondo,2025-10-30,Extra Large,3500
6077,Malumfashi,Katsina,2025-11-19,Medium,1200
6078,Kamba,Kebbi,2026-02-28,Small,500
6079,Lafia,Nasarawa,2024-09-24,Small,500
6080,Brass,Bayelsa,2026-02-14,Large,2200
6081,Makurdi,Benue,2024-09-09,Large,2200
6082,Wamako,Sokoto,2025-01-08,Extra Large,3500
6083,Awka,Anambra,2024-07-02,Small,500
6084,Katsina-Ala,Benue,2026-01-05,Extra Large,3500
6085,Langtang,Plateau,2026-03-16,Medium,1200
6086,Ado-Ekiti,Ekiti,2026-03-21,Medium,1200
6087,Kaiama,Kwara,2025-01-06,Small,500
6088,Kagoro,Kaduna,2024-08-22,Medium,1200
6089,Sagamu,Ogun,2025-04-27,Medium,1200
6090,Akure,Ondo,2025-10-11,Medium,1200
6091,Biu,Borno,2024-10-20,Small,500
6092,Udi,Enugu,2025-06-17,Large,2200
6093,Deba,Gombe,2024-07-08,Large,2200
6094,Deba,Gombe,2025-06-23,Large,2200
6095,Wamba,Nasarawa,2024-05-07,Small,500
6096,Saki,Oyo,2024-10-02,Large,2200
6097,Onueke,Ebonyi,2024-09-14,Large,2200
6098,Tambuwal,Sokoto,2024-11-19,Large,2200
6099,Calabar,Cross River,2026-02-15,Medium,1200
6100,Wamako,Sokoto,2025-05-24,Large,2200
6101,Badagry,Lagos,2026-04-08,Small,500
6102,Oron,Akwa Ibom,2024-07-08,Large,2200
6103,Funtua,Katsina,2024-09-30,Large,2200
6104,Oyo Town,Oyo,2025-04-30,Medium,1200
6105,Ado-Ekiti,Ekiti,2025-09-26,Small,500
6106,Ikom,Cross River,2025-01-19,Medium,1200
6107,Ilesa,Osun,2025-07-01,Extra Large,3500
6108,Oporoma,Bayelsa,2025-03-14,Extra Large,3500
6109,Suleja,Niger,2026-03-28,Medium,1200
6110,Wudil,Kano,2024-09-06,Extra Large,3500
6111,Abakaliki,Ebonyi,2025-01-11,Medium,1200
6112,Tsafe,Zamfara,2025-01-29,Extra Large,3500
6113,Abakaliki,Ebonyi,2024-09-30,Extra Large,3500
6114,Ilorin,Kwara,2024-10-10,Small,500
6115,Jamaare,Bauchi,2024-07-18,Extra Large,3500
6116,Owerri,Imo,2026-04-16,Large,2200
6117,Okene,Kogi,2024-07-26,Small,500
6118,Wamba,Nasarawa,2024-07-16,Medium,1200
6119,Kamba,Kebbi,2024-08-04,Medium,1200
6120,Saminaka,Kaduna,2025-11-05,Medium,1200
6121,Okene,Kogi,2025-09-24,Large,2200
6122,Aba,Abia,2025-06-08,Small,500
6123,Sokoto,Sokoto,2024-05-26,Extra Large,3500
6124,Ede,Osun,2024-12-22,Large,2200
6125,Sokoto,Sokoto,2024-07-20,Extra Large,3500
6126,Offa,Kwara,2024-11-20,Large,2200
6127,Gumel,Jigawa,2025-07-09,Large,2200
6128,Gumel,Jigawa,2024-12-11,Extra Large,3500
6129,Ogidi,Anambra,2026-04-10,Medium,1200
6130,Gashua,Yobe,2025-03-17,Small,500
6131,Shendam,Plateau,2025-06-05,Medium,1200
6132,Ejigbo,Osun,2024-11-25,Small,500
6133,Ohafia,Abia,2026-01-12,Medium,1200
6134,Biu,Borno,2024-09-12,Extra Large,3500
6135,Illela,Sokoto,2024-06-16,Large,2200
6136,Nguru,Yobe,2026-01-01,Extra Large,3500
6137,Gembu,Taraba,2025-04-09,Medium,1200
6138,Nnewi,Anambra,2025-09-05,Large,2200
6139,Shendam,Plateau,2024-09-05,Medium,1200
6140,Jos,Plateau,2026-04-27,Large,2200
6141,Ile-Ife,Osun,2025-04-21,Large,2200
6142,Keffi,Nasarawa,2024-07-12,Small,500
6143,Nembe,Bayelsa,2025-03-13,Extra Large,3500
6144,Hadejia,Jigawa,2025-08-21,Large,2200
6145,Ikom,Cross River,2024-06-28,Medium,1200
6146,Ile-Ife,Osun,2024-08-09,Medium,1200
6147,Oguta,Imo,2025-02-13,Small,500
6148,Asaba,Delta,2025-07-02,Extra Large,3500
6149,Girei,Adamawa,2024-07-10,Medium,1200
6150,Nsukka,Enugu,2026-03-04,Small,500
6151,Talata Mafara,Zamfara,2026-04-11,Medium,1200
6152,Asaba,Delta,2024-06-13,Small,500
6153,Maiduguri,Borno,2026-04-09,Medium,1200
6154,Biu,Gombe,2024-12-30,Small,500
6155,Yola,Adamawa,2025-07-05,Extra Large,3500
6156,Iseyin,Oyo,2026-04-21,Extra Large,3500
6157,Maiduguri,Borno,2024-07-25,Small,500
6158,Illela,Sokoto,2025-12-30,Extra Large,3500
6159,Lafia,Nasarawa,2025-10-09,Small,500
6160,Gusau,Zamfara,2024-11-16,Large,2200
6161,Omuo-Ekiti,Ekiti,2025-09-30,Extra Large,3500
6162,Sagbama,Bayelsa,2025-06-26,Small,500
6163,Oguta,Imo,2024-11-12,Large,2200
6164,Argungu,Kebbi,2025-11-25,Small,500
6165,Sokoto,Sokoto,2025-08-10,Extra Large,3500
6166,Kagoro,Kaduna,2025-02-13,Medium,1200
6167,Omuo-Ekiti,Ekiti,2025-04-09,Large,2200
6168,Ota,Ogun,2025-07-11,Large,2200
6169,Makurdi,Benue,2025-02-16,Small,500
6170,Ado-Ekiti,Ekiti,2025-04-16,Extra Large,3500
6171,Suleja,Niger,2024-11-16,Small,500
6172,Badagry,Lagos,2025-11-09,Large,2200
6173,Nassarawa,Nasarawa,2024-07-14,Small,500
6174,Lokoja,Kogi,2024-10-27,Small,500
6175,Ikare,Ondo,2025-04-25,Extra Large,3500
6176,Owo,Ondo,2025-07-30,Small,500
6177,Bauchi,Bauchi,2024-08-03,Extra Large,3500
6178,Badagry,Lagos,2024-07-08,Small,500
6179,Brass,Bayelsa,2024-06-04,Large,2200
6180,Arochukwu,Abia,2024-06-15,Large,2200
6181,Katsina-Ala,Benue,2025-09-04,Large,2200
6182,Jos,Plateau,2026-04-07,Small,500
6183,Ikorodu,Lagos,2025-01-31,Medium,1200
6184,Ikare,Ondo,2025-09-05,Medium,1200
6185,Rano,Kano,2024-08-16,Medium,1200
6186,Wamba,Nasarawa,2025-07-25,Extra Large,3500
6187,Ohaozara,Ebonyi,2024-07-06,Extra Large,3500
6188,Isuikwuato,Abia,2024-06-21,Medium,1200
6189,Nguru,Yobe,2025-10-28,Small,500
6190,Shendam,Plateau,2025-11-09,Extra Large,3500
6191,Misau,Bauchi,2025-11-27,Small,500
6192,Ikorodu,Lagos,2024-09-21,Extra Large,3500
6193,Ekpoma,Edo,2025-08-23,Extra Large,3500
6194,Jamaare,Bauchi,2025-04-20,Extra Large,3500
6195,Lafia,Nasarawa,2024-11-04,Medium,1200
6196,Calabar,Cross River,2025-01-03,Small,500
6197,Obudu,Cross River,2026-01-15,Large,2200
6198,Saki,Oyo,2025-05-31,Medium,1200
6199,Lafia,Nasarawa,2026-03-24,Large,2200
6200,Nembe,Bayelsa,2024-05-20,Small,500
6201,Ikeja,Lagos,2025-03-07,Small,500
6202,Oyo Town,Oyo,2026-02-24,Large,2200
6203,Wamako,Sokoto,2025-02-01,Small,500
6204,Iseyin,Oyo,2024-12-12,Extra Large,3500
6205,Kano,Kano,2025-01-27,Medium,1200
6206,Bori,Rivers,2025-03-29,Extra Large,3500
6207,Benin City,Edo,2024-05-21,Small,500
6208,Buni Yadi,Yobe,2025-06-07,Medium,1200
6209,Kaduna,Kaduna,2026-01-15,Extra Large,3500
6210,Obudu,Cross River,2024-12-04,Large,2200
6211,Auchi,Edo,2025-09-25,Medium,1200
6212,Pankshin,Plateau,2025-04-21,Small,500
6213,Osogbo,Osun,2024-08-03,Large,2200
6214,Badagry,Lagos,2025-10-02,Medium,1200
6215,Vandeikya,Benue,2025-04-18,Large,2200
6216,Bichi,Kano,2024-07-15,Extra Large,3500
6217,Ikot Ekpene,Akwa Ibom,2025-09-02,Extra Large,3500
6218,Tambuwal,Sokoto,2025-08-22,Small,500
6219,Warri,Delta,2025-09-10,Large,2200
6220,Port Harcourt,Rivers,2025-06-19,Small,500
6221,Awka,Anambra,2025-04-09,Extra Large,3500
6222,Kaltungo,Gombe,2026-01-11,Extra Large,3500
6223,Kaduna,Kaduna,2025-05-02,Extra Large,3500
6224,Afikpo,Ebonyi,2025-02-07,Medium,1200
6225,Kagoro,Kaduna,2025-04-23,Medium,1200
6226,Tambuwal,Sokoto,2026-04-06,Large,2200
6227,Kaduna,Kaduna,2025-07-21,Small,500
6228,Oporoma,Bayelsa,2025-01-09,Medium,1200
6229,Onueke,Ebonyi,2026-04-11,Extra Large,3500
6230,Owerri,Imo,2024-12-17,Medium,1200
6231,Abeokuta,Ogun,2024-05-17,Extra Large,3500
6232,Gashua,Yobe,2024-05-29,Small,500
6233,Jos,Plateau,2025-12-29,Small,500
6234,Jebba,Kwara,2025-01-07,Small,500
6235,Yenagoa,Bayelsa,2025-10-21,Large,2200
6236,Isuikwuato,Abia,2024-05-16,Medium,1200
6237,Ibadan,Oyo,2026-02-07,Small,500
6238,Argungu,Kebbi,2025-01-01,Extra Large,3500
6239,Yenagoa,Bayelsa,2024-07-07,Large,2200
6240,Deba,Gombe,2025-01-04,Small,500
6241,Ikom,Cross River,2025-01-13,Small,500
6242,Oron,Akwa Ibom,2025-01-08,Small,500
6243,Idanre,Ondo,2025-08-23,Large,2200
6244,Aba,Abia,2024-10-25,Extra Large,3500
6245,Dutse,Jigawa,2025-08-13,Large,2200
6246,Anka,Zamfara,2025-07-04,Large,2200
6247,Biu,Gombe,2026-02-21,Extra Large,3500
6248,Ota,Ogun,2024-06-13,Medium,1200
6249,Sagamu,Ogun,2024-12-05,Medium,1200
6250,Gumel,Jigawa,2024-12-29,Extra Large,3500
6251,Gwoza,Borno,2024-05-11,Small,500
6252,Tambuwal,Sokoto,2024-12-21,Extra Large,3500
6253,Omuo-Ekiti,Ekiti,2025-03-29,Small,500
6254,Enugu,Enugu,2026-01-18,Small,500
6255,Gumel,Jigawa,2025-06-16,Small,500
6256,Sapele,Delta,2026-02-14,Extra Large,3500
6257,Biu,Gombe,2024-11-07,Small,500
6258,Oyo Town,Oyo,2025-09-17,Medium,1200
6259,Epe,Lagos,2025-06-30,Large,2200
6260,Wukari,Taraba,2026-04-17,Large,2200
6261,Ughelli,Delta,2025-01-28,Small,500
6262,Bida,Niger,2025-02-06,Extra Large,3500
6263,Oron,Akwa Ibom,2025-06-19,Extra Large,3500
6264,Efon,Ekiti,2025-12-08,Medium,1200
6265,Gumel,Jigawa,2024-07-09,Medium,1200
6266,Anka,Zamfara,2025-09-02,Medium,1200
6267,Argungu,Kebbi,2024-12-28,Extra Large,3500
6268,Malumfashi,Katsina,2025-04-29,Medium,1200
6269,Damaturu,Yobe,2025-11-07,Large,2200
6270,Lokoja,Kogi,2024-12-31,Extra Large,3500
6271,Ilesa,Osun,2025-07-20,Small,500
6272,Bida,Niger,2025-01-17,Extra Large,3500
6273,Idah,Kogi,2025-03-11,Small,500
6274,Epe,Lagos,2025-04-25,Medium,1200
6275,Udi,Enugu,2026-01-06,Medium,1200
6276,Isuikwuato,Abia,2025-11-23,Small,500
6277,Gashua,Yobe,2026-01-01,Large,2200
6278,Makurdi,Benue,2025-05-23,Extra Large,3500
6279,Katsina,Katsina,2024-11-23,Small,500
6280,Gombe,Gombe,2024-05-31,Small,500
6281,Katsina-Ala,Benue,2026-04-25,Extra Large,3500
6282,Vandeikya,Benue,2025-02-14,Small,500
6283,Sapele,Delta,2024-10-09,Large,2200
6284,Ede,Osun,2025-10-22,Small,500
6285,Auchi,Edo,2024-07-03,Small,500
6286,Rijau,Niger,2026-01-04,Large,2200
6287,Kaltungo,Gombe,2024-07-05,Large,2200
6288,Brass,Bayelsa,2024-12-29,Small,500
6289,Brass,Bayelsa,2024-06-15,Medium,1200
6290,Ilesa,Osun,2025-12-03,Large,2200
6291,Awka,Anambra,2025-04-09,Medium,1200
6292,Abeokuta,Ogun,2024-09-27,Small,500
6293,Birnin Kebbi,Kebbi,2025-11-29,Large,2200
6294,Nsukka,Enugu,2025-08-16,Large,2200
6295,Kazaure,Jigawa,2024-12-03,Large,2200
6296,Oron,Akwa Ibom,2025-12-05,Large,2200
6297,Oron,Akwa Ibom,2025-03-09,Small,500
6298,Ile-Ife,Osun,2025-05-26,Medium,1200
6299,Saki,Oyo,2024-09-20,Small,500
6300,Jebba,Kwara,2025-02-15,Large,2200
6301,Mubi,Adamawa,2025-07-27,Small,500
6302,Awka,Anambra,2025-03-24,Extra Large,3500
6303,Rano,Kano,2025-11-06,Medium,1200
6304,Katsina,Katsina,2024-09-06,Medium,1200
6305,Maiduguri,Borno,2024-05-10,Large,2200
6306,Offa,Kwara,2025-09-23,Small,500
6307,Oji River,Enugu,2026-01-17,Small,500
6308,Illela,Sokoto,2025-06-22,Large,2200
6309,Bauchi,Bauchi,2024-09-29,Large,2200
6310,Otukpo,Benue,2026-03-31,Large,2200
6311,Irrua,Edo,2025-10-21,Large,2200
6312,Offa,Kwara,2025-04-03,Large,2200
6313,Okene,Kogi,2026-03-13,Small,500
6314,Epe,Lagos,2025-05-21,Small,500
6315,Uyo,Akwa Ibom,2025-07-20,Extra Large,3500
6316,Eleme,Rivers,2025-11-10,Small,500
6317,Girei,Adamawa,2025-03-10,Extra Large,3500
6318,Gusau,Zamfara,2025-06-14,Small,500
6319,Nguru,Yobe,2025-07-29,Extra Large,3500
6320,Pankshin,Plateau,2025-05-13,Small,500
6321,Mbaise,Imo,2025-01-18,Large,2200
6322,Ikom,Cross River,2024-08-13,Medium,1200
6323,Bichi,Kano,2024-08-14,Large,2200
6324,Gombe,Gombe,2025-09-09,Small,500
6325,Kontagora,Niger,2024-12-02,Extra Large,3500
6326,Keffi,Nasarawa,2025-03-11,Large,2200
6327,Birnin Kebbi,Kebbi,2024-12-15,Medium,1200
6328,Onueke,Ebonyi,2025-12-24,Small,500
6329,Dass,Bauchi,2024-06-13,Medium,1200
6330,Akwanga,Nasarawa,2024-09-22,Large,2200
6331,Obudu,Cross River,2025-02-22,Medium,1200
6332,Kano,Kano,2025-12-20,Extra Large,3500
6333,Gashua,Yobe,2025-08-12,Medium,1200
6334,Onitsha,Anambra,2024-10-31,Medium,1200
6335,Biu,Gombe,2025-07-10,Large,2200
6336,Lokoja,Kogi,2025-02-17,Small,500
6337,Aba,Abia,2024-07-19,Small,500
6338,Abeokuta,Ogun,2024-09-14,Large,2200
6339,Owerri,Imo,2024-10-23,Extra Large,3500
6340,Wamako,Sokoto,2025-12-22,Medium,1200
6341,Umuahia,Abia,2025-04-01,Small,500
6342,Oporoma,Bayelsa,2025-06-10,Extra Large,3500
6343,Ile-Ife,Osun,2025-03-11,Medium,1200
6344,Ohafia,Abia,2025-08-12,Large,2200
6345,Oyo Town,Oyo,2024-05-24,Extra Large,3500
6346,Kamba,Kebbi,2024-08-21,Medium,1200
6347,Brass,Bayelsa,2024-08-04,Extra Large,3500
6348,Daura,Katsina,2024-11-01,Extra Large,3500
6349,Eket,Akwa Ibom,2025-12-05,Medium,1200
6350,Ijebu-Ode,Ogun,2025-08-21,Small,500
6351,Ughelli,Delta,2024-09-02,Large,2200
6352,Jebba,Kwara,2026-01-10,Medium,1200
6353,Misau,Bauchi,2026-04-01,Extra Large,3500
6354,Ibadan,Oyo,2025-04-17,Medium,1200
6355,Arochukwu,Abia,2024-05-11,Small,500
6356,Sagbama,Bayelsa,2026-01-15,Medium,1200
6357,Dukku,Gombe,2024-06-27,Small,500
6358,Auchi,Edo,2025-07-10,Extra Large,3500
6359,Abakaliki,Ebonyi,2026-01-20,Medium,1200
6360,Misau,Bauchi,2026-02-14,Small,500
6361,Gembu,Taraba,2025-02-18,Extra Large,3500
6362,Ohafia,Abia,2025-01-17,Small,500
6363,Akure,Ondo,2025-08-20,Small,500
6364,Gwadabawa,Sokoto,2024-07-02,Medium,1200
6365,Gashua,Yobe,2026-03-17,Large,2200
6366,Tsafe,Zamfara,2025-10-08,Small,500
6367,Kamba,Kebbi,2024-08-07,Extra Large,3500
6368,Barkin Ladi,Plateau,2024-07-17,Small,500
6369,Wamba,Nasarawa,2025-10-15,Small,500
6370,Nnewi,Anambra,2026-03-09,Medium,1200
6371,Shendam,Plateau,2025-05-13,Medium,1200
6372,Jamaare,Bauchi,2025-12-23,Extra Large,3500
6373,Agbor,Delta,2026-03-22,Extra Large,3500
6374,Irrua,Edo,2026-03-08,Large,2200
6375,Idah,Kogi,2024-10-28,Small,500
6376,Vandeikya,Benue,2026-02-02,Medium,1200
6377,Ohaozara,Ebonyi,2024-10-18,Medium,1200
6378,Aba,Abia,2024-07-25,Medium,1200
6379,Talata Mafara,Zamfara,2025-12-07,Large,2200
6380,Potiskum,Yobe,2024-12-23,Medium,1200
6381,Ikom,Cross River,2025-06-28,Small,500
6382,Dutse,Jigawa,2025-02-06,Large,2200
6383,Kagoro,Kaduna,2025-10-26,Large,2200
6384,Nsukka,Enugu,2024-10-16,Small,500
6385,Dass,Bauchi,2025-03-02,Large,2200
6386,Ado-Ekiti,Ekiti,2024-08-10,Medium,1200
6387,Umuahia,Abia,2024-09-02,Small,500
6388,Enugu,Enugu,2026-04-06,Large,2200
6389,Warri,Delta,2025-03-14,Medium,1200
6390,Obudu,Cross River,2024-10-29,Extra Large,3500
6391,Offa,Kwara,2025-07-01,Small,500
6392,Okigwe,Imo,2025-04-20,Medium,1200
6393,Eket,Akwa Ibom,2025-01-25,Small,500
6394,Sagamu,Ogun,2026-03-21,Small,500
6395,Sagamu,Ogun,2024-12-14,Extra Large,3500
6396,Ado-Ekiti,Ekiti,2025-03-02,Small,500
6397,Jebba,Kwara,2025-09-08,Medium,1200
6398,Ede,Osun,2026-04-01,Extra Large,3500
6399,Kaiama,Kwara,2026-01-29,Small,500
6400,Potiskum,Yobe,2026-03-12,Medium,1200
6401,Bauchi,Bauchi,2025-01-17,Medium,1200
6402,Oporoma,Bayelsa,2025-10-02,Small,500
6403,Pankshin,Plateau,2025-12-18,Extra Large,3500
6404,Eket,Akwa Ibom,2024-05-12,Medium,1200
6405,Maiduguri,Borno,2026-04-03,Large,2200
6406,Oguta,Imo,2025-07-13,Large,2200
6407,Jamaare,Bauchi,2026-01-02,Extra Large,3500
6408,Suleja,Niger,2025-08-24,Medium,1200
6409,Brass,Bayelsa,2026-03-15,Small,500
6410,Ilaro,Ogun,2025-09-13,Small,500
6411,Sokoto,Sokoto,2025-11-24,Large,2200
6412,Rijau,Niger,2024-10-19,Large,2200
6413,Ilaro,Ogun,2025-06-05,Extra Large,3500
6414,Oron,Akwa Ibom,2024-12-09,Medium,1200
6415,Suleja,Niger,2026-03-28,Small,500
6416,Gwadabawa,Sokoto,2025-01-17,Large,2200
6417,Lagos,Lagos,2025-12-11,Large,2200
6418,Bichi,Kano,2024-07-25,Large,2200
6419,Oron,Akwa Ibom,2026-01-20,Extra Large,3500
6420,Suleja,Niger,2026-01-13,Large,2200
6421,Ikere-Ekiti,Ekiti,2025-02-04,Extra Large,3500
6422,Ilorin,Kwara,2026-02-21,Large,2200
6423,Keffi,Nasarawa,2025-02-08,Extra Large,3500
6424,Ikere-Ekiti,Ekiti,2026-04-11,Medium,1200
6425,Keffi,Nasarawa,2024-10-30,Extra Large,3500
6426,Maiduguri,Borno,2024-07-01,Large,2200
6427,Sapele,Delta,2025-12-19,Medium,1200
6428,Ijebu-Ode,Ogun,2024-10-16,Large,2200
6429,Anka,Zamfara,2024-09-27,Large,2200
6430,Asaba,Delta,2026-02-06,Small,500
6431,Nguru,Yobe,2026-02-25,Small,500
6432,Ijebu-Ode,Ogun,2025-08-01,Medium,1200
6433,Katsina,Katsina,2026-01-29,Extra Large,3500
6434,Hadejia,Jigawa,2025-11-08,Medium,1200
6435,Anka,Zamfara,2025-02-17,Medium,1200
6436,Ogoja,Cross River,2024-05-21,Extra Large,3500
6437,Ekpoma,Edo,2026-01-20,Small,500
6438,Ikorodu,Lagos,2025-12-19,Medium,1200
6439,Biu,Gombe,2026-03-15,Large,2200
6440,Ado-Ekiti,Ekiti,2025-04-06,Medium,1200
6441,Bauchi,Bauchi,2025-02-22,Large,2200
6442,Mutum Biyu,Taraba,2026-01-01,Extra Large,3500
6443,Numan,Adamawa,2025-10-03,Large,2200
6444,Epe,Lagos,2026-01-27,Extra Large,3500
6445,Kagoro,Kaduna,2025-12-17,Large,2200
6446,Iseyin,Oyo,2025-12-20,Large,2200
6447,Okene,Kogi,2025-09-19,Large,2200
6448,Mbaise,Imo,2025-05-02,Large,2200
6449,Pankshin,Plateau,2025-01-09,Extra Large,3500
6450,Wamba,Nasarawa,2025-07-11,Extra Large,3500
6451,Dass,Bauchi,2025-12-12,Medium,1200
6452,Zaria,Kaduna,2025-10-18,Small,500
6453,Ekpoma,Edo,2025-03-24,Large,2200
6454,Lagos,Lagos,2024-05-16,Small,500
6455,Ankpa,Kogi,2024-06-04,Large,2200
6456,Sokoto,Sokoto,2025-08-09,Large,2200
6457,Uromi,Edo,2025-07-31,Medium,1200
6458,Yauri,Kebbi,2025-11-26,Extra Large,3500
6459,Bida,Niger,2024-08-04,Extra Large,3500
6460,Benin City,Edo,2025-02-13,Medium,1200
6461,Arochukwu,Abia,2025-07-30,Large,2200
6462,Ikom,Cross River,2024-12-12,Large,2200
6463,Monguno,Borno,2024-06-26,Medium,1200
6464,Lafia,Nasarawa,2024-08-20,Large,2200
6465,Nnewi,Anambra,2025-05-09,Medium,1200
6466,Orlu,Imo,2026-04-05,Extra Large,3500
6467,Monguno,Borno,2025-12-25,Large,2200
6468,Daura,Katsina,2025-11-05,Small,500
6469,Ejigbo,Osun,2026-01-06,Extra Large,3500
6470,Deba,Gombe,2025-09-10,Medium,1200
6471,Makurdi,Benue,2025-11-27,Small,500
6472,Damaturu,Yobe,2024-12-16,Extra Large,3500
6473,Bali,Taraba,2025-04-11,Medium,1200
6474,Asaba,Delta,2025-10-16,Small,500
6475,Ikorodu,Lagos,2024-11-03,Extra Large,3500
6476,Nembe,Bayelsa,2025-09-11,Large,2200
6477,Argungu,Kebbi,2025-12-22,Medium,1200
6478,Badagry,Lagos,2025-12-02,Medium,1200
6479,Idanre,Ondo,2024-09-19,Extra Large,3500
6480,Gumel,Jigawa,2025-02-23,Extra Large,3500
6481,Awka,Anambra,2024-09-06,Extra Large,3500
6482,Ikere-Ekiti,Ekiti,2026-01-27,Small,500
6483,Mutum Biyu,Taraba,2026-03-18,Large,2200
6484,Warri,Delta,2026-02-02,Extra Large,3500
6485,Iseyin,Oyo,2024-10-08,Medium,1200
6486,Ikare,Ondo,2026-03-21,Large,2200
6487,Ijebu-Ode,Ogun,2026-03-02,Medium,1200
6488,Ibadan,Oyo,2025-08-13,Small,500
6489,Kaduna,Kaduna,2025-07-29,Small,500
6490,Offa,Kwara,2026-02-18,Extra Large,3500
6491,Damaturu,Yobe,2026-04-09,Small,500
6492,Badagry,Lagos,2024-09-18,Small,500
6493,Uyo,Akwa Ibom,2025-09-21,Medium,1200
6494,Barkin Ladi,Plateau,2024-08-28,Medium,1200
6495,Misau,Bauchi,2025-02-14,Medium,1200
6496,Zuru,Kebbi,2025-03-06,Medium,1200
6497,Gwoza,Borno,2024-11-03,Small,500
6498,Daura,Katsina,2024-07-01,Small,500
6499,Oji River,Enugu,2025-01-20,Small,500
6500,Omoku,Rivers,2026-03-20,Small,500
6501,Ado-Ekiti,Ekiti,2024-07-21,Medium,1200
6502,Wamba,Nasarawa,2025-10-04,Large,2200
6503,Offa,Kwara,2025-03-11,Extra Large,3500
6504,Benin City,Edo,2026-02-28,Medium,1200
6505,Omoku,Rivers,2025-03-24,Large,2200
6506,Ogoja,Cross River,2025-09-01,Large,2200
6507,Nsukka,Enugu,2024-07-22,Medium,1200
6508,Afikpo,Ebonyi,2025-09-30,Extra Large,3500
6509,Dukku,Gombe,2024-09-13,Medium,1200
6510,Gembu,Taraba,2026-01-17,Medium,1200
6511,Ohafia,Abia,2025-11-19,Large,2200
6512,Barkin Ladi,Plateau,2024-11-23,Large,2200
6513,Biu,Gombe,2025-04-23,Medium,1200
6514,Ikare,Ondo,2024-07-31,Small,500
6515,Wamako,Sokoto,2026-01-12,Small,500
6516,Langtang,Plateau,2025-07-09,Small,500
6517,Ogidi,Anambra,2026-04-24,Extra Large,3500
6518,Abak,Akwa Ibom,2024-11-19,Medium,1200
6519,Wamba,Nasarawa,2025-09-04,Extra Large,3500
6520,Dikwa,Borno,2025-02-26,Medium,1200
6521,Igbara-Odo,Ekiti,2025-02-19,Small,500
6522,Makurdi,Benue,2024-08-11,Extra Large,3500
6523,Biu,Borno,2024-11-25,Extra Large,3500
6524,Gboko,Benue,2024-11-04,Medium,1200
6525,Tsafe,Zamfara,2025-07-22,Medium,1200
6526,Oporoma,Bayelsa,2026-02-19,Extra Large,3500
6527,Birnin Kudu,Jigawa,2025-01-22,Large,2200
6528,Kontagora,Niger,2025-09-09,Medium,1200
6529,Zuru,Kebbi,2025-03-27,Large,2200
6530,Ikom,Cross River,2024-05-04,Medium,1200
6531,Nsukka,Enugu,2024-08-02,Medium,1200
6532,Ishieke,Ebonyi,2024-12-19,Small,500
6533,Vandeikya,Benue,2025-09-15,Large,2200
6534,Hadejia,Jigawa,2025-09-11,Large,2200
6535,Tsafe,Zamfara,2025-09-30,Medium,1200
6536,Auchi,Edo,2025-09-26,Large,2200
6537,Minna,Niger,2025-10-17,Extra Large,3500
6538,Irrua,Edo,2024-10-31,Large,2200
6539,Agbani,Enugu,2024-07-05,Small,500
6540,Keffi,Nasarawa,2024-06-08,Extra Large,3500
6541,Owerri,Imo,2024-12-26,Small,500
6542,Damaturu,Yobe,2024-10-15,Large,2200
6543,Kontagora,Niger,2026-02-19,Large,2200
6544,Otukpo,Benue,2026-04-25,Small,500
6545,Bori,Rivers,2026-03-14,Medium,1200
6546,Anka,Zamfara,2026-04-04,Small,500
6547,Anka,Zamfara,2025-07-08,Medium,1200
6548,Aba,Abia,2025-10-25,Medium,1200
6549,Keffi,Nasarawa,2024-05-30,Extra Large,3500
6550,Ogidi,Anambra,2024-10-29,Large,2200
6551,Suleja,Niger,2025-07-23,Extra Large,3500
6552,Epe,Lagos,2024-12-04,Small,500
6553,Yauri,Kebbi,2025-02-09,Extra Large,3500
6554,Ikot Ekpene,Akwa Ibom,2025-01-23,Large,2200
6555,Birnin Kudu,Jigawa,2026-04-04,Small,500
6556,Benin City,Edo,2025-06-10,Large,2200
6557,Oporoma,Bayelsa,2025-06-25,Large,2200
6558,Bauchi,Bauchi,2024-11-03,Large,2200
6559,Kabba,Kogi,2025-04-30,Large,2200
6560,Futungo,Adamawa,2026-03-08,Small,500
6561,Wamba,Nasarawa,2026-01-28,Medium,1200
6562,Zuru,Kebbi,2024-08-01,Extra Large,3500
6563,Offa,Kwara,2024-12-14,Small,500
6564,Jos,Plateau,2025-05-19,Medium,1200
6565,Numan,Adamawa,2024-08-08,Medium,1200
6566,Ondo City,Ondo,2024-07-21,Small,500
6567,Jamaare,Bauchi,2024-05-29,Extra Large,3500
6568,Otukpo,Benue,2024-07-29,Small,500
6569,Sapele,Delta,2026-01-24,Small,500
6570,Efon,Ekiti,2025-12-28,Medium,1200
6571,Idanre,Ondo,2025-10-25,Extra Large,3500
6572,Saki,Oyo,2026-03-05,Extra Large,3500
6573,Minna,Niger,2024-11-19,Extra Large,3500
6574,Enugu,Enugu,2026-01-28,Medium,1200
6575,Ikare,Ondo,2025-07-19,Extra Large,3500
6576,Gombe,Gombe,2025-11-04,Medium,1200
6577,Obudu,Cross River,2024-11-05,Extra Large,3500
6578,Girei,Adamawa,2024-12-11,Large,2200
6579,Gembu,Taraba,2026-02-08,Extra Large,3500
6580,Nguru,Yobe,2024-12-13,Large,2200
6581,Orlu,Imo,2026-04-24,Large,2200
6582,Ado-Ekiti,Ekiti,2025-11-06,Small,500
6583,Akwanga,Nasarawa,2024-08-15,Large,2200
6584,Ado-Ekiti,Ekiti,2026-01-10,Large,2200
6585,Auchi,Edo,2025-08-20,Small,500
6586,Asaba,Delta,2025-12-01,Medium,1200
6587,Dikwa,Borno,2024-06-04,Small,500
6588,Ilorin,Kwara,2024-08-13,Large,2200
6589,Degema,Rivers,2024-10-12,Large,2200
6590,Rano,Kano,2024-05-23,Extra Large,3500
6591,Danbatta,Kano,2024-11-03,Small,500
6592,Awka,Anambra,2025-09-25,Medium,1200
6593,Ota,Ogun,2025-03-12,Extra Large,3500
6594,Bida,Niger,2026-04-24,Large,2200
6595,Nguru,Yobe,2026-03-05,Extra Large,3500
6596,Bida,Niger,2024-05-26,Extra Large,3500
6597,Ilesa,Osun,2025-01-12,Small,500
6598,Ijebu-Ode,Ogun,2025-09-27,Extra Large,3500
6599,Kaiama,Kwara,2025-04-16,Small,500
6600,Gumel,Jigawa,2025-04-22,Small,500
6601,Girei,Adamawa,2026-01-05,Medium,1200
6602,Omu-Aran,Kwara,2026-01-20,Medium,1200
6603,Barkin Ladi,Plateau,2024-07-26,Small,500
6604,Akwanga,Nasarawa,2024-07-04,Extra Large,3500
6605,Uromi,Edo,2026-01-21,Extra Large,3500
6606,Yenagoa,Bayelsa,2024-09-06,Large,2200
6607,Akamkpa,Cross River,2024-08-28,Extra Large,3500
6608,Kaltungo,Gombe,2025-05-03,Medium,1200
6609,Nnewi,Anambra,2024-11-12,Extra Large,3500
6610,Umuahia,Abia,2026-02-07,Large,2200
6611,Ilorin,Kwara,2025-06-29,Medium,1200
6612,Wukari,Taraba,2025-06-27,Extra Large,3500
6613,Ijebu-Ode,Ogun,2026-04-07,Extra Large,3500
6614,Daura,Katsina,2025-05-16,Small,500
6615,Kamba,Kebbi,2025-06-18,Large,2200
6616,Gembu,Taraba,2025-02-25,Large,2200
6617,Bida,Niger,2024-06-22,Large,2200
6618,Ilaro,Ogun,2025-11-09,Medium,1200
6619,Funtua,Katsina,2025-09-03,Large,2200
6620,Wudil,Kano,2026-02-04,Large,2200
6621,Dutse,Jigawa,2024-05-15,Large,2200
6622,Gwoza,Borno,2025-09-07,Medium,1200
6623,Okigwe,Imo,2025-09-06,Large,2200
6624,Ilesa,Osun,2025-02-09,Medium,1200
6625,Kagoro,Kaduna,2025-07-02,Large,2200
6626,Futungo,Adamawa,2026-03-23,Medium,1200
6627,Warri,Delta,2025-12-29,Small,500
6628,Ankpa,Kogi,2024-08-17,Extra Large,3500
6629,Akamkpa,Cross River,2024-06-25,Extra Large,3500
6630,Udi,Enugu,2025-12-25,Large,2200
6631,Otukpo,Benue,2025-08-22,Medium,1200
6632,Makurdi,Benue,2025-03-24,Extra Large,3500
6633,Calabar,Cross River,2026-03-26,Medium,1200
6634,Gwoza,Borno,2025-07-05,Small,500
6635,Pankshin,Plateau,2024-05-01,Large,2200
6636,Bali,Taraba,2026-04-05,Medium,1200
6637,Danbatta,Kano,2025-08-19,Large,2200
6638,Kabba,Kogi,2026-03-23,Medium,1200
6639,Calabar,Cross River,2024-12-20,Medium,1200
6640,Aba,Abia,2025-10-13,Large,2200
6641,Saminaka,Kaduna,2025-10-15,Extra Large,3500
6642,Malumfashi,Katsina,2026-03-27,Small,500
6643,Agbor,Delta,2025-06-17,Medium,1200
6644,Awka,Anambra,2024-09-28,Medium,1200
6645,Ilorin,Kwara,2024-06-01,Medium,1200
6646,Biu,Borno,2025-08-10,Extra Large,3500
6647,Kabba,Kogi,2024-12-19,Large,2200
6648,Gembu,Taraba,2024-06-06,Extra Large,3500
6649,Omuo-Ekiti,Ekiti,2024-06-17,Large,2200
6650,Jos,Plateau,2026-03-23,Extra Large,3500
6651,Nembe,Bayelsa,2025-01-30,Medium,1200
6652,Misau,Bauchi,2025-02-12,Large,2200
6653,Anka,Zamfara,2024-09-04,Medium,1200
6654,Gumel,Jigawa,2026-04-02,Extra Large,3500
6655,Keffi,Nasarawa,2026-01-19,Small,500
6656,Azare,Bauchi,2024-07-01,Large,2200
6657,Onitsha,Anambra,2026-01-10,Large,2200
6658,Auchi,Edo,2024-08-24,Extra Large,3500
6659,Afikpo,Ebonyi,2025-11-17,Small,500
6660,Orlu,Imo,2024-11-21,Large,2200
6661,Oyo Town,Oyo,2025-10-29,Medium,1200
6662,Kazaure,Jigawa,2025-08-18,Medium,1200
6663,Makurdi,Benue,2024-07-24,Large,2200
6664,Deba,Gombe,2025-04-20,Extra Large,3500
6665,Gwadabawa,Sokoto,2025-03-09,Small,500
6666,Abak,Akwa Ibom,2025-12-07,Large,2200
6667,Agbor,Delta,2024-12-09,Large,2200
6668,Wamba,Nasarawa,2025-09-09,Small,500
6669,Asaba,Delta,2024-07-31,Extra Large,3500
6670,Ilesa,Osun,2025-08-26,Small,500
6671,Oyo Town,Oyo,2025-12-26,Medium,1200
6672,Ikot Ekpene,Akwa Ibom,2025-05-06,Medium,1200
6673,Birnin Kebbi,Kebbi,2025-04-19,Medium,1200
6674,Dukku,Gombe,2026-02-03,Large,2200
6675,Onitsha,Anambra,2025-04-10,Medium,1200
6676,Tsafe,Zamfara,2025-06-12,Large,2200
6677,Ikare,Ondo,2025-03-02,Large,2200
6678,Uromi,Edo,2025-10-31,Large,2200
6679,Afikpo,Ebonyi,2025-12-10,Medium,1200
6680,Akamkpa,Cross River,2025-07-19,Medium,1200
6681,Gombe,Gombe,2025-03-10,Medium,1200
6682,Mubi,Adamawa,2025-03-04,Large,2200
6683,Rijau,Niger,2024-05-26,Small,500
6684,Nsukka,Enugu,2025-01-01,Small,500
6685,Gombe,Gombe,2025-03-31,Medium,1200
6686,Omuo-Ekiti,Ekiti,2024-10-07,Extra Large,3500
6687,Iseyin,Oyo,2025-09-10,Small,500
6688,Gwoza,Borno,2024-08-18,Extra Large,3500
6689,Lagos,Lagos,2025-04-24,Extra Large,3500
6690,Ondo City,Ondo,2025-07-31,Extra Large,3500
6691,Omu-Aran,Kwara,2025-05-15,Medium,1200
6692,Onitsha,Anambra,2024-11-25,Large,2200
6693,Ikeja,Lagos,2025-03-12,Small,500
6694,Brass,Bayelsa,2026-02-19,Medium,1200
6695,Anka,Zamfara,2025-04-11,Extra Large,3500
6696,Afikpo,Ebonyi,2024-08-13,Small,500
6697,Agbani,Enugu,2024-07-29,Medium,1200
6698,Eket,Akwa Ibom,2026-02-16,Large,2200
6699,Ibadan,Oyo,2026-01-02,Small,500
6700,Oporoma,Bayelsa,2025-05-14,Medium,1200
6701,Afikpo,Ebonyi,2024-11-28,Large,2200
6702,Nnewi,Anambra,2024-05-31,Small,500
6703,Ede,Osun,2024-06-21,Large,2200
6704,Nguru,Yobe,2024-05-29,Small,500
6705,Langtang,Plateau,2024-07-14,Large,2200
6706,Kazaure,Jigawa,2025-03-03,Small,500
6707,Ekpoma,Edo,2024-07-05,Small,500
6708,Akwanga,Nasarawa,2025-08-23,Medium,1200
6709,Nguru,Yobe,2025-06-16,Medium,1200
6710,Barkin Ladi,Plateau,2024-10-29,Large,2200
6711,Sokoto,Sokoto,2024-10-30,Medium,1200
6712,Sapele,Delta,2024-06-25,Small,500
6713,Kabba,Kogi,2025-04-30,Extra Large,3500
6714,Gashua,Yobe,2024-07-19,Large,2200
6715,Tambuwal,Sokoto,2025-08-23,Medium,1200
6716,Omoku,Rivers,2024-09-05,Medium,1200
6717,Ejigbo,Osun,2024-09-07,Small,500
6718,Benin City,Edo,2025-02-08,Medium,1200
6719,Yenagoa,Bayelsa,2024-06-26,Small,500
6720,Dikwa,Borno,2026-01-27,Extra Large,3500
6721,Sokoto,Sokoto,2024-11-30,Medium,1200
6722,Jebba,Kwara,2025-06-30,Extra Large,3500
6723,Awka,Anambra,2025-03-25,Extra Large,3500
6724,Ekwulobia,Anambra,2025-08-29,Large,2200
6725,Eket,Akwa Ibom,2025-07-27,Medium,1200
6726,Ilorin,Kwara,2024-11-06,Large,2200
6727,Offa,Kwara,2026-04-03,Large,2200
6728,Gwoza,Borno,2026-01-23,Small,500
6729,Auchi,Edo,2024-09-10,Medium,1200
6730,Degema,Rivers,2024-09-09,Large,2200
6731,Orlu,Imo,2025-10-25,Extra Large,3500
6732,Auchi,Edo,2025-07-12,Small,500
6733,Badagry,Lagos,2026-01-24,Medium,1200
6734,Asaba,Delta,2024-07-13,Extra Large,3500
6735,Uromi,Edo,2025-05-22,Large,2200
6736,Birnin Kudu,Jigawa,2024-05-01,Extra Large,3500
6737,Ikere-Ekiti,Ekiti,2024-07-21,Small,500
6738,Potiskum,Yobe,2024-08-30,Medium,1200
6739,Bichi,Kano,2025-04-10,Large,2200
6740,Osogbo,Osun,2025-09-14,Large,2200
6741,Illela,Sokoto,2026-01-22,Extra Large,3500
6742,Illela,Sokoto,2026-04-03,Large,2200
6743,Ohafia,Abia,2025-07-10,Extra Large,3500
6744,Mubi,Adamawa,2025-04-17,Small,500
6745,Ikorodu,Lagos,2025-07-23,Extra Large,3500
6746,Wamako,Sokoto,2026-04-08,Small,500
6747,Argungu,Kebbi,2025-01-15,Extra Large,3500
6748,Bori,Rivers,2025-09-01,Medium,1200
6749,Kontagora,Niger,2025-09-13,Medium,1200
6750,Ishieke,Ebonyi,2025-02-09,Large,2200
6751,Ijebu-Ode,Ogun,2024-12-04,Large,2200
6752,Uromi,Edo,2024-07-27,Extra Large,3500
6753,Pankshin,Plateau,2024-05-07,Medium,1200
6754,Onueke,Ebonyi,2024-07-17,Medium,1200
6755,Girei,Adamawa,2024-05-08,Small,500
6756,Bida,Niger,2026-04-06,Small,500
6757,Agbor,Delta,2026-01-14,Medium,1200
6758,Numan,Adamawa,2024-09-26,Medium,1200
6759,Agbor,Delta,2025-08-14,Large,2200
6760,Maiduguri,Borno,2025-08-14,Large,2200
6761,Ijebu-Ode,Ogun,2025-03-11,Small,500
6762,Agbor,Delta,2025-07-28,Large,2200
6763,Kamba,Kebbi,2025-11-25,Extra Large,3500
6764,Deba,Gombe,2024-09-13,Medium,1200
6765,Ogbomoso,Oyo,2024-12-02,Extra Large,3500
6766,Irrua,Edo,2025-03-31,Large,2200
6767,Benin City,Edo,2025-04-08,Extra Large,3500
6768,Lafia,Nasarawa,2024-05-12,Large,2200
6769,Birnin Kudu,Jigawa,2024-08-26,Small,500
6770,Anka,Zamfara,2024-08-16,Small,500
6771,Ikere-Ekiti,Ekiti,2025-09-22,Small,500
6772,Dukku,Gombe,2026-04-01,Small,500
6773,Ikot Ekpene,Akwa Ibom,2025-04-06,Medium,1200
6774,Abakaliki,Ebonyi,2026-01-15,Small,500
6775,Auchi,Edo,2025-06-28,Small,500
6776,Benin City,Edo,2024-09-21,Large,2200
6777,Rano,Kano,2025-06-17,Small,500
6778,Ikorodu,Lagos,2025-12-27,Medium,1200
6779,Idanre,Ondo,2024-06-03,Extra Large,3500
6780,Nguru,Yobe,2024-05-02,Extra Large,3500
6781,Katsina,Katsina,2025-07-31,Small,500
6782,Dikwa,Borno,2025-09-30,Large,2200
6783,Birnin Kudu,Jigawa,2026-04-13,Small,500
6784,Akwanga,Nasarawa,2026-01-07,Large,2200
6785,Calabar,Cross River,2025-10-17,Small,500
6786,Keffi,Nasarawa,2025-07-06,Extra Large,3500
6787,Ejigbo,Osun,2025-06-06,Extra Large,3500
6788,Okigwe,Imo,2024-11-25,Large,2200
6789,Nassarawa,Nasarawa,2025-04-18,Large,2200
6790,Bida,Niger,2025-04-17,Small,500
6791,Ondo City,Ondo,2025-07-03,Medium,1200
6792,Wudil,Kano,2025-07-18,Small,500
6793,Ughelli,Delta,2025-09-05,Medium,1200
6794,Benin City,Edo,2025-12-14,Medium,1200
6795,Benin City,Edo,2025-04-18,Large,2200
6796,Bauchi,Bauchi,2025-10-01,Large,2200
6797,Ishieke,Ebonyi,2025-05-18,Large,2200
6798,Potiskum,Yobe,2025-03-01,Small,500
6799,Danbatta,Kano,2024-12-13,Small,500
6800,Oporoma,Bayelsa,2024-06-12,Extra Large,3500
6801,Ughelli,Delta,2026-02-08,Large,2200
6802,Jalingo,Taraba,2025-02-25,Medium,1200
6803,Tambuwal,Sokoto,2025-04-08,Small,500
6804,Gusau,Zamfara,2025-04-23,Small,500
6805,Deba,Gombe,2026-03-14,Extra Large,3500
6806,Abeokuta,Ogun,2025-01-05,Medium,1200
6807,Aba,Abia,2025-09-18,Small,500
6808,Offa,Kwara,2024-05-12,Medium,1200
6809,Gashua,Yobe,2024-11-23,Medium,1200
6810,Nguru,Yobe,2024-09-14,Medium,1200
6811,Makurdi,Benue,2025-01-03,Large,2200
6812,Ikot Ekpene,Akwa Ibom,2024-10-13,Medium,1200
6813,Zaria,Kaduna,2024-10-04,Medium,1200
6814,Gusau,Zamfara,2026-02-20,Large,2200
6815,Talata Mafara,Zamfara,2024-12-30,Extra Large,3500
6816,Ishieke,Ebonyi,2025-07-11,Small,500
6817,Ekwulobia,Anambra,2026-01-02,Extra Large,3500
6818,Nguru,Yobe,2025-08-20,Medium,1200
6819,Iseyin,Oyo,2024-07-31,Medium,1200
6820,Biu,Gombe,2024-11-27,Medium,1200
6821,Illela,Sokoto,2025-09-29,Extra Large,3500
6822,Nsukka,Enugu,2026-03-29,Extra Large,3500
6823,Abeokuta,Ogun,2025-12-26,Large,2200
6824,Dikwa,Borno,2025-09-01,Extra Large,3500
6825,Uromi,Edo,2025-10-15,Extra Large,3500
6826,Otukpo,Benue,2025-11-29,Extra Large,3500
6827,Anka,Zamfara,2025-12-02,Small,500
6828,Aba,Abia,2026-01-04,Medium,1200
6829,Agbor,Delta,2025-07-25,Medium,1200
6830,Ikere-Ekiti,Ekiti,2024-11-19,Medium,1200
6831,Vandeikya,Benue,2025-10-26,Medium,1200
6832,Offa,Kwara,2025-08-27,Extra Large,3500
6833,Jamaare,Bauchi,2024-07-30,Extra Large,3500
6834,Birnin Kebbi,Kebbi,2024-09-19,Extra Large,3500
6835,Langtang,Plateau,2025-07-13,Extra Large,3500
6836,Makurdi,Benue,2024-07-09,Extra Large,3500
6837,Ikorodu,Lagos,2025-02-25,Medium,1200
6838,Isuikwuato,Abia,2026-04-23,Small,500
6839,Zaria,Kaduna,2024-12-04,Small,500
6840,Obudu,Cross River,2024-09-27,Extra Large,3500
6841,Abeokuta,Ogun,2024-05-31,Extra Large,3500
6842,Sokoto,Sokoto,2024-05-10,Large,2200
6843,Ota,Ogun,2026-01-30,Medium,1200
6844,Gashua,Yobe,2025-01-12,Large,2200
6845,Omoku,Rivers,2024-08-20,Small,500
6846,Ughelli,Delta,2025-12-23,Extra Large,3500
6847,Epe,Lagos,2026-02-09,Extra Large,3500
6848,Ishieke,Ebonyi,2024-05-20,Large,2200
6849,Otukpo,Benue,2024-06-12,Large,2200
6850,Ile-Ife,Osun,2025-03-07,Large,2200
6851,Illela,Sokoto,2025-07-22,Medium,1200
6852,Idah,Kogi,2024-07-24,Medium,1200
6853,Kagoro,Kaduna,2024-10-07,Small,500
6854,Ilesa,Osun,2024-11-01,Medium,1200
6855,Girei,Adamawa,2024-12-31,Large,2200
6856,Barkin Ladi,Plateau,2025-01-11,Extra Large,3500
6857,Idanre,Ondo,2024-05-31,Large,2200
6858,Dass,Bauchi,2026-01-28,Extra Large,3500
6859,Port Harcourt,Rivers,2024-11-08,Small,500
6860,Tsafe,Zamfara,2024-08-15,Extra Large,3500
6861,Malumfashi,Katsina,2025-09-13,Large,2200
6862,Anka,Zamfara,2025-05-08,Large,2200
6863,Bida,Niger,2025-08-29,Small,500
6864,Tambuwal,Sokoto,2025-09-25,Large,2200
6865,Gwoza,Borno,2026-03-05,Extra Large,3500
6866,Okigwe,Imo,2025-03-13,Extra Large,3500
6867,Bali,Taraba,2025-03-27,Medium,1200
6868,Rijau,Niger,2026-01-02,Small,500
6869,Akwanga,Nasarawa,2024-07-17,Small,500
6870,Gumel,Jigawa,2024-07-13,Large,2200
6871,Isuikwuato,Abia,2025-07-17,Medium,1200
6872,Gwadabawa,Sokoto,2025-11-19,Small,500
6873,Argungu,Kebbi,2026-03-20,Small,500
6874,Eket,Akwa Ibom,2025-12-20,Extra Large,3500
6875,Obudu,Cross River,2024-05-27,Small,500
6876,Kontagora,Niger,2024-07-13,Large,2200
6877,Tsafe,Zamfara,2025-07-31,Small,500
6878,Futungo,Adamawa,2026-01-23,Medium,1200
6879,Saminaka,Kaduna,2026-02-21,Large,2200
6880,Jebba,Kwara,2024-08-19,Small,500
6881,Gombe,Gombe,2024-11-26,Medium,1200
6882,Ikot Ekpene,Akwa Ibom,2025-03-15,Extra Large,3500
6883,Dutsin-Ma,Katsina,2025-05-01,Medium,1200
6884,Pankshin,Plateau,2025-10-14,Small,500
6885,Anka,Zamfara,2024-07-08,Extra Large,3500
6886,Owerri,Imo,2025-08-13,Medium,1200
6887,Ilesa,Osun,2024-12-27,Small,500
6888,Awka,Anambra,2024-08-05,Medium,1200
6889,Ikot Ekpene,Akwa Ibom,2026-01-07,Extra Large,3500
6890,Minna,Niger,2025-03-13,Large,2200
6891,Enugu,Enugu,2025-02-24,Large,2200
6892,Akwanga,Nasarawa,2025-11-10,Small,500
6893,Anka,Zamfara,2024-10-23,Medium,1200
6894,Ejigbo,Osun,2025-12-09,Large,2200
6895,Ikare,Ondo,2025-01-01,Small,500
6896,Gwadabawa,Sokoto,2025-05-01,Small,500
6897,Dikwa,Borno,2024-06-28,Extra Large,3500
6898,Ohaozara,Ebonyi,2025-01-24,Small,500
6899,Yola,Adamawa,2025-10-30,Medium,1200
6900,Owo,Ondo,2025-01-15,Small,500
6901,Onitsha,Anambra,2025-08-26,Large,2200
6902,Bichi,Kano,2024-08-15,Large,2200
6903,Akamkpa,Cross River,2025-10-29,Small,500
6904,Kontagora,Niger,2025-03-01,Large,2200
6905,Kabba,Kogi,2024-10-10,Extra Large,3500
6906,Ikeja,Lagos,2025-12-04,Large,2200
6907,Oron,Akwa Ibom,2025-02-23,Medium,1200
6908,Calabar,Cross River,2025-02-20,Large,2200
6909,Jebba,Kwara,2025-03-28,Extra Large,3500
6910,Barkin Ladi,Plateau,2026-01-10,Large,2200
6911,Ondo City,Ondo,2025-11-28,Medium,1200
6912,Benin City,Edo,2025-01-16,Small,500
6913,Okene,Kogi,2024-05-18,Medium,1200
6914,Danbatta,Kano,2024-08-11,Small,500
6915,Kazaure,Jigawa,2024-05-04,Large,2200
6916,Langtang,Plateau,2025-12-07,Large,2200
6917,Gashua,Yobe,2026-03-17,Large,2200
6918,Ikorodu,Lagos,2024-06-27,Medium,1200
6919,Owo,Ondo,2024-12-13,Medium,1200
6920,Otukpo,Benue,2026-04-14,Medium,1200
6921,Birnin Kebbi,Kebbi,2024-08-25,Extra Large,3500
6922,Brass,Bayelsa,2024-06-10,Large,2200
6923,Idah,Kogi,2025-11-02,Medium,1200
6924,Otukpo,Benue,2025-08-22,Small,500
6925,Umuahia,Abia,2025-08-08,Extra Large,3500
6926,Ikom,Cross River,2026-02-15,Small,500
6927,Dass,Bauchi,2024-06-08,Medium,1200
6928,Ughelli,Delta,2025-08-01,Extra Large,3500
6929,Ohaozara,Ebonyi,2025-09-30,Large,2200
6930,Buni Yadi,Yobe,2025-08-22,Medium,1200
6931,Jebba,Kwara,2025-05-11,Large,2200
6932,Kamba,Kebbi,2024-11-29,Large,2200
6933,Afikpo,Ebonyi,2025-02-14,Large,2200
6934,Onueke,Ebonyi,2025-09-06,Medium,1200
6935,Birnin Kebbi,Kebbi,2025-06-05,Extra Large,3500
6936,Dikwa,Borno,2024-12-05,Large,2200
6937,Bori,Rivers,2025-10-21,Small,500
6938,Osogbo,Osun,2026-02-20,Small,500
6939,Lokoja,Kogi,2024-05-02,Small,500
6940,Badagry,Lagos,2024-11-17,Small,500
6941,Kazaure,Jigawa,2025-05-17,Extra Large,3500
6942,Funtua,Katsina,2026-02-28,Extra Large,3500
6943,Kaltungo,Gombe,2025-09-20,Medium,1200
6944,Offa,Kwara,2025-03-19,Large,2200
6945,Ejigbo,Osun,2024-09-23,Large,2200
6946,Gwoza,Borno,2025-05-29,Small,500
6947,Jebba,Kwara,2025-11-24,Large,2200
6948,Ogbomoso,Oyo,2025-08-16,Large,2200
6949,Rano,Kano,2025-09-18,Medium,1200
6950,Ikot Ekpene,Akwa Ibom,2026-02-04,Medium,1200
6951,Eleme,Rivers,2025-11-19,Small,500
6952,Biu,Gombe,2025-02-16,Small,500
6953,Wukari,Taraba,2024-09-18,Extra Large,3500
6954,Yenagoa,Bayelsa,2024-12-03,Medium,1200
6955,Oguta,Imo,2024-05-24,Medium,1200
6956,Akure,Ondo,2024-12-27,Extra Large,3500
6957,Illela,Sokoto,2025-10-09,Medium,1200
6958,Gusau,Zamfara,2025-10-19,Large,2200
6959,Uromi,Edo,2024-07-28,Extra Large,3500
6960,Ado-Ekiti,Ekiti,2026-04-22,Large,2200
6961,Kaura Namoda,Zamfara,2024-11-20,Medium,1200
6962,Birnin Kebbi,Kebbi,2024-07-03,Large,2200
6963,Benin City,Edo,2025-06-04,Extra Large,3500
6964,Malumfashi,Katsina,2025-05-13,Large,2200
6965,Agbani,Enugu,2025-11-01,Medium,1200
6966,Shendam,Plateau,2024-08-21,Small,500
6967,Vandeikya,Benue,2024-05-17,Small,500
6968,Kaiama,Kwara,2025-11-30,Extra Large,3500
6969,Omuo-Ekiti,Ekiti,2025-07-04,Large,2200
6970,Nassarawa,Nasarawa,2024-10-20,Small,500
6971,Langtang,Plateau,2025-11-13,Extra Large,3500
6972,Ishieke,Ebonyi,2025-10-10,Extra Large,3500
6973,Misau,Bauchi,2026-04-18,Medium,1200
6974,Oji River,Enugu,2024-07-16,Medium,1200
6975,Kazaure,Jigawa,2024-06-09,Extra Large,3500
6976,Gumel,Jigawa,2025-01-24,Small,500
6977,Yola,Adamawa,2025-07-29,Small,500
6978,Ogidi,Anambra,2025-01-11,Large,2200
6979,Barkin Ladi,Plateau,2024-05-31,Small,500
6980,Potiskum,Yobe,2025-08-15,Large,2200
6981,Abakaliki,Ebonyi,2024-07-27,Small,500
6982,Buni Yadi,Yobe,2024-11-30,Extra Large,3500
6983,Bali,Taraba,2025-10-17,Large,2200
6984,Onueke,Ebonyi,2025-03-24,Extra Large,3500
6985,Saminaka,Kaduna,2026-04-15,Large,2200
6986,Saki,Oyo,2025-12-06,Large,2200
6987,Ile-Ife,Osun,2026-04-19,Large,2200
6988,Bori,Rivers,2025-06-14,Large,2200
6989,Wukari,Taraba,2026-02-09,Small,500
6990,Onitsha,Anambra,2025-07-29,Medium,1200
6991,Dass,Bauchi,2025-05-21,Extra Large,3500
6992,Buni Yadi,Yobe,2025-07-06,Small,500
6993,Ogoja,Cross River,2025-01-08,Medium,1200
6994,Osogbo,Osun,2024-11-20,Extra Large,3500
6995,Ohafia,Abia,2025-11-21,Large,2200
6996,Gumel,Jigawa,2025-10-01,Small,500
6997,Zaria,Kaduna,2025-08-31,Extra Large,3500
6998,Omoku,Rivers,2025-10-01,Extra Large,3500
6999,Jalingo,Taraba,2025-05-11,Small,500
7000,Auchi,Edo,2024-10-25,Small,500
7001,Udi,Enugu,2024-12-22,Large,2200
7002,Idanre,Ondo,2025-06-26,Small,500
7003,Nembe,Bayelsa,2025-12-19,Medium,1200
7004,Eleme,Rivers,2025-01-16,Small,500
7005,Kafanchan,Kaduna,2024-07-07,Small,500
7006,Futungo,Adamawa,2025-09-29,Medium,1200
7007,Katsina-Ala,Benue,2025-12-23,Extra Large,3500
7008,Nnewi,Anambra,2024-06-25,Large,2200
7009,Agbor,Delta,2024-06-11,Extra Large,3500
7010,Idanre,Ondo,2026-02-05,Medium,1200
7011,Kaltungo,Gombe,2025-04-10,Small,500
7012,Kamba,Kebbi,2025-03-19,Small,500
7013,Ibadan,Oyo,2025-01-21,Large,2200
7014,Ikere-Ekiti,Ekiti,2025-05-16,Extra Large,3500
7015,Yola,Adamawa,2025-07-01,Small,500
7016,Oguta,Imo,2025-05-11,Small,500
7017,Umuahia,Abia,2025-02-09,Medium,1200
7018,Pankshin,Plateau,2024-11-05,Medium,1200
7019,Yauri,Kebbi,2025-04-26,Small,500
7020,Mbaise,Imo,2025-03-02,Small,500
7021,Ogidi,Anambra,2025-03-14,Large,2200
7022,Damaturu,Yobe,2026-03-08,Small,500
7023,Ikot Ekpene,Akwa Ibom,2025-04-19,Large,2200
7024,Onitsha,Anambra,2026-04-08,Large,2200
7025,Oji River,Enugu,2025-12-20,Medium,1200
7026,Minna,Niger,2024-08-10,Large,2200
7027,Mutum Biyu,Taraba,2024-07-28,Medium,1200
7028,Nassarawa,Nasarawa,2025-09-28,Medium,1200
7029,Osogbo,Osun,2024-07-30,Medium,1200
7030,Jebba,Kwara,2025-09-24,Extra Large,3500
7031,Orlu,Imo,2026-01-18,Large,2200
7032,Oguta,Imo,2024-07-22,Small,500
7033,Ohafia,Abia,2024-09-29,Large,2200
7034,Akure,Ondo,2025-04-08,Large,2200
7035,Danbatta,Kano,2025-10-24,Medium,1200
7036,Sagbama,Bayelsa,2026-03-18,Extra Large,3500
7037,Keffi,Nasarawa,2025-01-21,Extra Large,3500
7038,Ekpoma,Edo,2026-03-23,Large,2200
7039,Maiduguri,Borno,2025-07-10,Extra Large,3500
7040,Wudil,Kano,2025-02-19,Extra Large,3500
7041,Eket,Akwa Ibom,2024-07-24,Medium,1200
7042,Langtang,Plateau,2025-06-18,Medium,1200
7043,Ibadan,Oyo,2024-05-26,Medium,1200
7044,Buni Yadi,Yobe,2024-08-17,Extra Large,3500
7045,Nassarawa,Nasarawa,2025-01-23,Small,500
7046,Okene,Kogi,2026-04-21,Large,2200
7047,Irrua,Edo,2024-12-04,Small,500
7048,Akwanga,Nasarawa,2025-04-17,Large,2200
7049,Dass,Bauchi,2025-11-26,Small,500
7050,Uyo,Akwa Ibom,2024-08-08,Extra Large,3500
7051,Argungu,Kebbi,2025-07-02,Large,2200
7052,Gashua,Yobe,2024-06-01,Extra Large,3500
7053,Dutse,Jigawa,2026-02-09,Large,2200
7054,Maiduguri,Borno,2026-02-05,Medium,1200
7055,Tsafe,Zamfara,2024-10-01,Small,500
7056,Obudu,Cross River,2025-12-16,Medium,1200
7057,Ohafia,Abia,2025-04-19,Medium,1200
7058,Degema,Rivers,2024-07-25,Medium,1200
7059,Ondo City,Ondo,2025-01-06,Small,500
7060,Gumel,Jigawa,2026-01-23,Large,2200
7061,Ibadan,Oyo,2025-02-26,Medium,1200
7062,Argungu,Kebbi,2025-06-19,Small,500
7063,Ota,Ogun,2025-06-14,Small,500
7064,Ilaro,Ogun,2026-02-14,Extra Large,3500
7065,Birnin Kudu,Jigawa,2025-11-19,Small,500
7066,Auchi,Edo,2025-04-09,Large,2200
7067,Gwadabawa,Sokoto,2025-10-05,Large,2200
7068,Yauri,Kebbi,2025-07-13,Small,500
7069,Okigwe,Imo,2025-11-04,Extra Large,3500
7070,Obudu,Cross River,2025-04-30,Small,500
7071,Oyo Town,Oyo,2025-03-29,Medium,1200
7072,Girei,Adamawa,2025-03-21,Small,500
7073,Katsina-Ala,Benue,2025-03-21,Large,2200
7074,Eket,Akwa Ibom,2026-01-20,Large,2200
7075,Udi,Enugu,2024-12-20,Small,500
7076,Gwadabawa,Sokoto,2025-12-02,Medium,1200
7077,Kaura Namoda,Zamfara,2025-08-25,Extra Large,3500
7078,Jebba,Kwara,2025-02-20,Medium,1200
7079,Biu,Gombe,2024-10-14,Extra Large,3500
7080,Danbatta,Kano,2025-02-10,Extra Large,3500
7081,Ohafia,Abia,2025-05-27,Small,500
7082,Gombe,Gombe,2026-03-28,Small,500
7083,Monguno,Borno,2026-02-06,Medium,1200
7084,Gwadabawa,Sokoto,2025-10-16,Small,500
7085,Irrua,Edo,2025-08-12,Medium,1200
7086,Suleja,Niger,2026-01-20,Large,2200
7087,Hadejia,Jigawa,2025-09-25,Small,500
7088,Dutse,Jigawa,2025-06-19,Medium,1200
7089,Gombe,Gombe,2025-11-29,Small,500
7090,Kaiama,Kwara,2025-09-26,Extra Large,3500
7091,Calabar,Cross River,2025-06-11,Large,2200
7092,Kaduna,Kaduna,2024-07-26,Small,500
7093,Ekwulobia,Anambra,2025-06-09,Large,2200
7094,Vandeikya,Benue,2024-09-14,Medium,1200
7095,Onueke,Ebonyi,2025-07-23,Large,2200
7096,Oguta,Imo,2025-06-22,Small,500
7097,Ogidi,Anambra,2024-06-04,Extra Large,3500
7098,Katsina,Katsina,2025-06-17,Medium,1200
7099,Sapele,Delta,2024-09-12,Extra Large,3500
7100,Futungo,Adamawa,2025-04-09,Extra Large,3500
7101,Ughelli,Delta,2026-02-11,Large,2200
7102,Ijebu-Ode,Ogun,2024-07-23,Medium,1200
7103,Ekpoma,Edo,2026-03-12,Small,500
7104,Bori,Rivers,2024-09-05,Medium,1200
7105,Ekpoma,Edo,2024-05-10,Small,500
7106,Hadejia,Jigawa,2025-11-23,Medium,1200
7107,Abeokuta,Ogun,2024-10-23,Small,500
7108,Buni Yadi,Yobe,2025-09-24,Small,500
7109,Eket,Akwa Ibom,2026-02-04,Large,2200
7110,Wamba,Nasarawa,2025-03-17,Extra Large,3500
7111,Katsina-Ala,Benue,2025-12-07,Medium,1200
7112,Ekwulobia,Anambra,2025-07-14,Small,500
7113,Agbor,Delta,2025-02-14,Extra Large,3500
7114,Ile-Ife,Osun,2024-05-29,Small,500
7115,Asaba,Delta,2026-01-17,Small,500
7116,Okene,Kogi,2024-05-14,Extra Large,3500
7117,Ijebu-Ode,Ogun,2025-03-12,Small,500
7118,Ikeja,Lagos,2025-02-24,Extra Large,3500
7119,Buni Yadi,Yobe,2026-01-15,Small,500
7120,Ohafia,Abia,2024-12-15,Extra Large,3500
7121,Shendam,Plateau,2024-10-31,Large,2200
7122,Yola,Adamawa,2024-07-19,Small,500
7123,Omoku,Rivers,2024-07-08,Medium,1200
7124,Ankpa,Kogi,2024-08-27,Small,500
7125,Girei,Adamawa,2024-08-10,Medium,1200
7126,Ibadan,Oyo,2024-10-30,Medium,1200
7127,Oron,Akwa Ibom,2024-07-01,Medium,1200
7128,Abakaliki,Ebonyi,2024-12-07,Small,500
7129,Udi,Enugu,2025-02-18,Extra Large,3500
7130,Abak,Akwa Ibom,2024-08-28,Extra Large,3500
7131,Dass,Bauchi,2025-07-20,Extra Large,3500
7132,Warri,Delta,2024-12-20,Small,500
7133,Numan,Adamawa,2024-05-16,Large,2200
7134,Kagoro,Kaduna,2024-06-08,Small,500
7135,Port Harcourt,Rivers,2025-02-06,Medium,1200
7136,Gusau,Zamfara,2024-12-16,Extra Large,3500
7137,Arochukwu,Abia,2025-02-22,Large,2200
7138,Daura,Katsina,2024-12-20,Extra Large,3500
7139,Onitsha,Anambra,2025-01-26,Medium,1200
7140,Funtua,Katsina,2025-12-23,Medium,1200
7141,Ekpoma,Edo,2024-07-24,Medium,1200
7142,Oporoma,Bayelsa,2024-09-22,Small,500
7143,Sapele,Delta,2025-10-28,Medium,1200
7144,Udi,Enugu,2025-06-29,Large,2200
7145,Brass,Bayelsa,2025-04-22,Small,500
7146,Kafanchan,Kaduna,2025-10-28,Extra Large,3500
7147,Barkin Ladi,Plateau,2025-02-02,Extra Large,3500
7148,Mubi,Adamawa,2024-07-20,Medium,1200
7149,Sagamu,Ogun,2024-06-10,Large,2200
7150,Otukpo,Benue,2025-04-01,Medium,1200
7151,Langtang,Plateau,2025-02-18,Small,500
7152,Saki,Oyo,2025-04-15,Large,2200
7153,Gusau,Zamfara,2025-02-18,Medium,1200
7154,Kafanchan,Kaduna,2024-10-14,Large,2200
7155,Gashua,Yobe,2026-02-03,Small,500
7156,Lafia,Nasarawa,2024-11-09,Medium,1200
7157,Makurdi,Benue,2026-04-01,Small,500
7158,Kamba,Kebbi,2025-09-02,Small,500
7159,Ohaozara,Ebonyi,2024-10-24,Extra Large,3500
7160,Rano,Kano,2025-06-06,Extra Large,3500
7161,Kazaure,Jigawa,2025-11-21,Extra Large,3500
7162,Gwadabawa,Sokoto,2024-12-05,Medium,1200
7163,Oji River,Enugu,2025-02-18,Extra Large,3500
7164,Awka,Anambra,2024-06-27,Large,2200
7165,Malumfashi,Katsina,2025-08-04,Large,2200
7166,Futungo,Adamawa,2024-09-22,Medium,1200
7167,Ejigbo,Osun,2026-04-04,Small,500
7168,Dikwa,Borno,2025-01-24,Small,500
7169,Bori,Rivers,2026-04-17,Medium,1200
7170,Oporoma,Bayelsa,2025-11-19,Large,2200
7171,Uyo,Akwa Ibom,2025-05-24,Extra Large,3500
7172,Wukari,Taraba,2025-03-02,Extra Large,3500
7173,Ikom,Cross River,2026-02-22,Large,2200
7174,Kaltungo,Gombe,2025-03-23,Large,2200
7175,Gwadabawa,Sokoto,2024-04-27,Large,2200
7176,Osogbo,Osun,2025-04-01,Medium,1200
7177,Biu,Borno,2025-12-24,Extra Large,3500
7178,Yauri,Kebbi,2024-11-24,Extra Large,3500
7179,Auchi,Edo,2026-04-07,Small,500
7180,Abakaliki,Ebonyi,2024-04-27,Medium,1200
7181,Igbara-Odo,Ekiti,2026-03-10,Medium,1200
7182,Ohafia,Abia,2025-04-14,Large,2200
7183,Umuahia,Abia,2025-07-08,Medium,1200
7184,Aba,Abia,2025-12-31,Small,500
7185,Futungo,Adamawa,2025-01-29,Extra Large,3500
7186,Okigwe,Imo,2025-01-08,Extra Large,3500
7187,Ogbomoso,Oyo,2025-08-02,Small,500
7188,Aba,Abia,2025-06-28,Small,500
7189,Monguno,Borno,2025-05-05,Small,500
7190,Minna,Niger,2024-05-30,Small,500
7191,Oporoma,Bayelsa,2025-10-19,Medium,1200
7192,Orlu,Imo,2025-06-12,Extra Large,3500
7193,Igbara-Odo,Ekiti,2024-12-02,Extra Large,3500
7194,Oron,Akwa Ibom,2025-02-09,Small,500
7195,Gashua,Yobe,2024-07-25,Large,2200
7196,Damaturu,Yobe,2024-08-07,Extra Large,3500
7197,Pankshin,Plateau,2025-06-07,Extra Large,3500
7198,Owerri,Imo,2024-11-17,Small,500
7199,Futungo,Adamawa,2025-03-08,Large,2200
7200,Biu,Gombe,2025-07-17,Extra Large,3500
7201,Maiduguri,Borno,2026-03-27,Medium,1200
7202,Osogbo,Osun,2024-12-15,Small,500
7203,Jalingo,Taraba,2025-09-07,Large,2200
7204,Nembe,Bayelsa,2025-01-02,Large,2200
7205,Gumel,Jigawa,2024-11-04,Medium,1200
7206,Daura,Katsina,2025-10-29,Small,500
7207,Omuo-Ekiti,Ekiti,2025-03-23,Small,500
7208,Misau,Bauchi,2024-10-23,Medium,1200
7209,Argungu,Kebbi,2026-04-15,Large,2200
7210,Ilaro,Ogun,2025-01-01,Small,500
7211,Ilesa,Osun,2025-03-29,Extra Large,3500
7212,Gumel,Jigawa,2025-07-09,Large,2200
7213,Kontagora,Niger,2024-05-08,Extra Large,3500
7214,Asaba,Delta,2025-09-14,Small,500
7215,Ogidi,Anambra,2025-08-12,Medium,1200
7216,Kaduna,Kaduna,2024-04-28,Medium,1200
7217,Damaturu,Yobe,2025-04-10,Medium,1200
7218,Ikom,Cross River,2026-02-14,Extra Large,3500
7219,Kano,Kano,2025-08-31,Medium,1200
7220,Suleja,Niger,2025-02-23,Small,500
7221,Bali,Taraba,2026-02-10,Small,500
7222,Bori,Rivers,2025-09-23,Large,2200
7223,Obudu,Cross River,2025-11-05,Medium,1200
7224,Offa,Kwara,2025-05-25,Extra Large,3500
7225,Daura,Katsina,2025-11-23,Medium,1200
7226,Kaiama,Kwara,2025-08-14,Small,500
7227,Ohafia,Abia,2024-06-22,Small,500
7228,Ishieke,Ebonyi,2024-05-19,Small,500
7229,Talata Mafara,Zamfara,2025-12-26,Large,2200
7230,Vandeikya,Benue,2025-08-30,Small,500
7231,Abeokuta,Ogun,2025-08-31,Medium,1200
7232,Yauri,Kebbi,2025-01-10,Small,500
7233,Danbatta,Kano,2025-12-12,Small,500
7234,Uyo,Akwa Ibom,2025-12-22,Extra Large,3500
7235,Auchi,Edo,2025-01-13,Small,500
7236,Kazaure,Jigawa,2024-09-03,Extra Large,3500
7237,Yola,Adamawa,2025-11-09,Small,500
7238,Akamkpa,Cross River,2025-09-18,Medium,1200
7239,Wukari,Taraba,2024-05-03,Extra Large,3500
7240,Yenagoa,Bayelsa,2025-03-31,Small,500
7241,Auchi,Edo,2026-03-12,Medium,1200
7242,Akure,Ondo,2025-03-17,Large,2200
7243,Brass,Bayelsa,2024-10-05,Small,500
7244,Birnin Kudu,Jigawa,2024-05-11,Large,2200
7245,Arochukwu,Abia,2024-11-18,Extra Large,3500
7246,Owo,Ondo,2026-03-01,Medium,1200
7247,Gumel,Jigawa,2025-01-13,Extra Large,3500
7248,Ikot Ekpene,Akwa Ibom,2024-07-01,Medium,1200
7249,Ughelli,Delta,2025-07-19,Extra Large,3500
7250,Kaltungo,Gombe,2024-12-04,Extra Large,3500
7251,Yola,Adamawa,2025-10-03,Small,500
7252,Okene,Kogi,2024-10-15,Small,500
7253,Epe,Lagos,2025-04-22,Medium,1200
7254,Malumfashi,Katsina,2025-01-17,Medium,1200
7255,Hadejia,Jigawa,2024-11-18,Large,2200
7256,Kaura Namoda,Zamfara,2026-02-17,Small,500
7257,Degema,Rivers,2025-09-25,Medium,1200
7258,Onueke,Ebonyi,2024-09-26,Small,500
7259,Obudu,Cross River,2024-09-17,Medium,1200
7260,Kontagora,Niger,2025-12-18,Small,500
7261,Gwadabawa,Sokoto,2025-02-10,Extra Large,3500
7262,Akwanga,Nasarawa,2026-01-22,Extra Large,3500
7263,Warri,Delta,2025-06-17,Large,2200
7264,Jamaare,Bauchi,2025-04-23,Extra Large,3500
7265,Ota,Ogun,2025-06-04,Extra Large,3500
7266,Wamako,Sokoto,2025-08-22,Large,2200
7267,Langtang,Plateau,2025-06-14,Small,500
7268,Ishieke,Ebonyi,2025-09-07,Small,500
7269,Agbani,Enugu,2025-06-14,Small,500
7270,Oron,Akwa Ibom,2024-06-13,Small,500
7271,Wamako,Sokoto,2024-07-29,Extra Large,3500
7272,Daura,Katsina,2024-06-13,Medium,1200
7273,Okigwe,Imo,2024-11-02,Large,2200
7274,Agbani,Enugu,2025-06-17,Small,500
7275,Malumfashi,Katsina,2024-10-10,Extra Large,3500
7276,Talata Mafara,Zamfara,2025-05-14,Small,500
7277,Asaba,Delta,2025-11-19,Large,2200
7278,Owo,Ondo,2024-09-14,Large,2200
7279,Onueke,Ebonyi,2025-09-04,Large,2200
7280,Benin City,Edo,2026-04-22,Extra Large,3500
7281,Kafanchan,Kaduna,2025-09-15,Small,500
7282,Maiduguri,Borno,2025-05-21,Extra Large,3500
7283,Efon,Ekiti,2024-10-28,Small,500
7284,Wukari,Taraba,2025-06-10,Extra Large,3500
7285,Owerri,Imo,2025-03-24,Extra Large,3500
7286,Kaltungo,Gombe,2026-03-13,Medium,1200
7287,Ankpa,Kogi,2025-08-08,Large,2200
7288,Illela,Sokoto,2026-03-17,Medium,1200
7289,Jamaare,Bauchi,2024-06-03,Large,2200
7290,Ota,Ogun,2026-03-14,Small,500
7291,Kontagora,Niger,2025-03-09,Large,2200
7292,Numan,Adamawa,2026-04-24,Small,500
7293,Makurdi,Benue,2024-11-13,Medium,1200
7294,Brass,Bayelsa,2025-09-06,Large,2200
7295,Daura,Katsina,2025-04-03,Large,2200
7296,Brass,Bayelsa,2025-01-16,Medium,1200
7297,Yola,Adamawa,2025-11-02,Extra Large,3500
7298,Nnewi,Anambra,2026-02-02,Extra Large,3500
7299,Umuahia,Abia,2024-10-08,Extra Large,3500
7300,Asaba,Delta,2024-11-16,Extra Large,3500
7301,Awka,Anambra,2025-02-28,Medium,1200
7302,Abakaliki,Ebonyi,2025-03-21,Medium,1200
7303,Vandeikya,Benue,2024-04-30,Extra Large,3500
7304,Tsafe,Zamfara,2024-09-16,Small,500
7305,Yenagoa,Bayelsa,2024-06-25,Large,2200
7306,Uyo,Akwa Ibom,2025-06-19,Medium,1200
7307,Malumfashi,Katsina,2024-05-15,Small,500
7308,Owerri,Imo,2025-10-18,Extra Large,3500
7309,Vandeikya,Benue,2026-04-11,Extra Large,3500
7310,Kaura Namoda,Zamfara,2025-03-02,Small,500
7311,Katsina-Ala,Benue,2024-06-20,Medium,1200
7312,Jebba,Kwara,2024-10-26,Small,500
7313,Wamako,Sokoto,2024-08-25,Small,500
7314,Danbatta,Kano,2024-12-10,Large,2200
7315,Lagos,Lagos,2025-07-28,Small,500
7316,Azare,Bauchi,2024-07-06,Extra Large,3500
7317,Okene,Kogi,2025-04-12,Large,2200
7318,Wukari,Taraba,2025-12-08,Small,500
7319,Girei,Adamawa,2025-07-04,Medium,1200
7320,Tsafe,Zamfara,2025-07-28,Extra Large,3500
7321,Jalingo,Taraba,2024-12-27,Extra Large,3500
7322,Obudu,Cross River,2024-10-27,Small,500
7323,Deba,Gombe,2024-07-14,Small,500
7324,Abeokuta,Ogun,2024-10-18,Extra Large,3500
7325,Futungo,Adamawa,2025-01-01,Small,500
7326,Barkin Ladi,Plateau,2024-06-05,Medium,1200
7327,Efon,Ekiti,2024-12-26,Extra Large,3500
7328,Kazaure,Jigawa,2025-11-28,Extra Large,3500
7329,Dikwa,Borno,2026-03-17,Medium,1200
7330,Bori,Rivers,2025-11-15,Medium,1200
7331,Oron,Akwa Ibom,2025-07-23,Extra Large,3500
7332,Gusau,Zamfara,2025-11-06,Small,500
7333,Ekpoma,Edo,2025-07-28,Small,500
7334,Anka,Zamfara,2025-06-24,Large,2200
7335,Saki,Oyo,2024-06-28,Small,500
7336,Umuahia,Abia,2024-06-10,Large,2200
7337,Wudil,Kano,2024-05-21,Medium,1200
7338,Oji River,Enugu,2024-12-12,Medium,1200
7339,Abakaliki,Ebonyi,2026-01-06,Extra Large,3500
7340,Oron,Akwa Ibom,2024-06-13,Extra Large,3500
7341,Anka,Zamfara,2024-07-29,Extra Large,3500
7342,Kazaure,Jigawa,2026-02-27,Extra Large,3500
7343,Girei,Adamawa,2025-03-16,Extra Large,3500
7344,Ilorin,Kwara,2024-12-03,Extra Large,3500
7345,Biu,Borno,2025-07-28,Large,2200
7346,Asaba,Delta,2024-06-14,Large,2200
7347,Awka,Anambra,2025-09-04,Extra Large,3500
7348,Daura,Katsina,2025-06-09,Extra Large,3500
7349,Bauchi,Bauchi,2024-11-28,Extra Large,3500
7350,Umuahia,Abia,2025-01-30,Medium,1200
7351,Lagos,Lagos,2024-07-06,Large,2200
7352,Onueke,Ebonyi,2025-10-28,Medium,1200
7353,Dikwa,Borno,2024-10-14,Medium,1200
7354,Ogoja,Cross River,2025-07-09,Large,2200
7355,Sokoto,Sokoto,2025-08-22,Medium,1200
7356,Yola,Adamawa,2024-05-04,Large,2200
7357,Katsina-Ala,Benue,2025-02-01,Small,500
7358,Ohafia,Abia,2025-11-29,Medium,1200
7359,Eket,Akwa Ibom,2026-01-30,Small,500
7360,Lagos,Lagos,2025-07-23,Extra Large,3500
7361,Pankshin,Plateau,2024-12-31,Extra Large,3500
7362,Danbatta,Kano,2026-03-13,Medium,1200
7363,Dukku,Gombe,2025-11-20,Large,2200
7364,Kaltungo,Gombe,2025-03-24,Small,500
7365,Yenagoa,Bayelsa,2024-12-22,Large,2200
7366,Yola,Adamawa,2024-09-14,Large,2200
7367,Degema,Rivers,2024-07-11,Large,2200
7368,Ughelli,Delta,2025-07-06,Extra Large,3500
7369,Monguno,Borno,2024-06-15,Extra Large,3500
7370,Oguta,Imo,2025-11-25,Large,2200
7371,Birnin Kebbi,Kebbi,2024-09-15,Medium,1200
7372,Damaturu,Yobe,2025-06-20,Extra Large,3500
7373,Bori,Rivers,2025-08-05,Small,500
7374,Ikom,Cross River,2024-10-31,Large,2200
7375,Eleme,Rivers,2025-02-28,Small,500
7376,Idah,Kogi,2025-10-08,Large,2200
7377,Ughelli,Delta,2025-03-18,Small,500
7378,Ogbomoso,Oyo,2024-10-21,Medium,1200
7379,Lafia,Nasarawa,2025-11-30,Medium,1200
7380,Bichi,Kano,2024-06-10,Extra Large,3500
7381,Badagry,Lagos,2024-12-10,Extra Large,3500
7382,Iseyin,Oyo,2025-03-11,Medium,1200
7383,Ikot Ekpene,Akwa Ibom,2026-03-29,Small,500
7384,Osogbo,Osun,2025-10-30,Small,500
7385,Ogbomoso,Oyo,2024-12-10,Small,500
7386,Gwadabawa,Sokoto,2026-02-03,Small,500
7387,Epe,Lagos,2025-11-14,Large,2200
7388,Shendam,Plateau,2024-08-12,Medium,1200
7389,Jos,Plateau,2024-12-08,Medium,1200
7390,Katsina-Ala,Benue,2025-01-02,Large,2200
7391,Daura,Katsina,2025-01-21,Small,500
7392,Uromi,Edo,2024-05-02,Large,2200
7393,Misau,Bauchi,2025-06-29,Large,2200
7394,Ogbomoso,Oyo,2025-09-04,Extra Large,3500
7395,Onitsha,Anambra,2024-06-07,Medium,1200
7396,Idah,Kogi,2025-05-02,Extra Large,3500
7397,Mutum Biyu,Taraba,2025-12-28,Medium,1200
7398,Ile-Ife,Osun,2026-01-14,Large,2200
7399,Oron,Akwa Ibom,2025-03-01,Extra Large,3500
7400,Owo,Ondo,2024-09-16,Medium,1200
7401,Arochukwu,Abia,2024-09-20,Extra Large,3500
7402,Nsukka,Enugu,2026-02-20,Extra Large,3500
7403,Azare,Bauchi,2025-11-22,Large,2200
7404,Udi,Enugu,2025-01-01,Extra Large,3500
7405,Langtang,Plateau,2025-08-28,Medium,1200
7406,Jebba,Kwara,2025-09-16,Medium,1200
7407,Udi,Enugu,2026-04-14,Extra Large,3500
7408,Gwadabawa,Sokoto,2025-07-09,Small,500
7409,Abeokuta,Ogun,2024-12-25,Large,2200
7410,Gembu,Taraba,2025-06-23,Extra Large,3500
7411,Biu,Gombe,2026-04-01,Small,500
7412,Idah,Kogi,2025-07-21,Medium,1200
7413,Dutse,Jigawa,2025-02-27,Large,2200
7414,Futungo,Adamawa,2024-08-23,Medium,1200
7415,Barkin Ladi,Plateau,2025-03-25,Extra Large,3500
7416,Sagbama,Bayelsa,2025-11-24,Extra Large,3500
7417,Owo,Ondo,2024-05-27,Small,500
7418,Argungu,Kebbi,2024-10-04,Large,2200
7419,Ilaro,Ogun,2024-04-29,Small,500
7420,Shendam,Plateau,2024-10-07,Extra Large,3500
7421,Bori,Rivers,2024-10-12,Large,2200
7422,Hadejia,Jigawa,2025-07-27,Extra Large,3500
7423,Jamaare,Bauchi,2024-10-18,Small,500
7424,Oguta,Imo,2025-10-15,Large,2200
7425,Warri,Delta,2026-03-24,Extra Large,3500
7426,Oji River,Enugu,2024-12-25,Medium,1200
7427,Ogbomoso,Oyo,2025-10-19,Medium,1200
7428,Onitsha,Anambra,2024-09-24,Medium,1200
7429,Ughelli,Delta,2024-09-08,Small,500
7430,Makurdi,Benue,2026-04-20,Extra Large,3500
7431,Epe,Lagos,2025-01-17,Extra Large,3500
7432,Gwoza,Borno,2024-06-19,Small,500
7433,Ondo City,Ondo,2024-05-18,Small,500
7434,Wudil,Kano,2024-07-20,Large,2200
7435,Monguno,Borno,2024-11-25,Large,2200
7436,Kaura Namoda,Zamfara,2024-09-16,Medium,1200
7437,Ikot Ekpene,Akwa Ibom,2025-06-29,Medium,1200
7438,Katsina-Ala,Benue,2025-11-07,Small,500
7439,Udi,Enugu,2024-05-29,Medium,1200
7440,Benin City,Edo,2024-05-18,Medium,1200
7441,Ota,Ogun,2024-09-18,Small,500
7442,Gboko,Benue,2024-09-01,Medium,1200
7443,Bida,Niger,2026-02-03,Extra Large,3500
7444,Bauchi,Bauchi,2025-10-04,Extra Large,3500
7445,Damaturu,Yobe,2024-12-31,Small,500
7446,Ede,Osun,2025-06-06,Small,500
7447,Enugu,Enugu,2024-09-04,Extra Large,3500
7448,Igbara-Odo,Ekiti,2024-05-12,Small,500
7449,Lokoja,Kogi,2026-01-03,Small,500
7450,Rano,Kano,2026-02-21,Medium,1200
7451,Nsukka,Enugu,2024-05-12,Extra Large,3500
7452,Ogbomoso,Oyo,2025-09-04,Large,2200
7453,Kagoro,Kaduna,2025-01-28,Medium,1200
7454,Gwoza,Borno,2025-11-23,Medium,1200
7455,Kagoro,Kaduna,2024-07-17,Extra Large,3500
7456,Oguta,Imo,2026-03-12,Small,500
7457,Potiskum,Yobe,2024-12-06,Small,500
7458,Bida,Niger,2024-10-19,Large,2200
7459,Onitsha,Anambra,2025-12-09,Large,2200
7460,Anka,Zamfara,2025-08-23,Small,500
7461,Dukku,Gombe,2026-03-15,Medium,1200
7462,Obudu,Cross River,2026-04-11,Medium,1200
7463,Omoku,Rivers,2026-04-26,Small,500
7464,Ishieke,Ebonyi,2026-01-31,Small,500
7465,Keffi,Nasarawa,2026-01-29,Large,2200
7466,Nnewi,Anambra,2024-06-13,Extra Large,3500
7467,Onitsha,Anambra,2024-08-10,Extra Large,3500
7468,Ilaro,Ogun,2026-03-03,Extra Large,3500
7469,Okene,Kogi,2025-11-29,Extra Large,3500
7470,Ishieke,Ebonyi,2024-09-14,Large,2200
7471,Offa,Kwara,2025-01-28,Extra Large,3500
7472,Birnin Kudu,Jigawa,2025-01-25,Large,2200
7473,Girei,Adamawa,2025-07-09,Small,500
7474,Illela,Sokoto,2026-04-11,Extra Large,3500
7475,Katsina,Katsina,2024-10-22,Extra Large,3500
7476,Bori,Rivers,2024-05-30,Extra Large,3500
7477,Mubi,Adamawa,2025-07-21,Small,500
7478,Damaturu,Yobe,2024-09-12,Small,500
7479,Ishieke,Ebonyi,2025-05-23,Small,500
7480,Afikpo,Ebonyi,2025-11-25,Small,500
7481,Badagry,Lagos,2024-12-22,Medium,1200
7482,Ikot Ekpene,Akwa Ibom,2024-06-04,Large,2200
7483,Buni Yadi,Yobe,2025-11-29,Small,500
7484,Biu,Gombe,2026-01-25,Medium,1200
7485,Offa,Kwara,2026-01-09,Medium,1200
7486,Nsukka,Enugu,2026-04-04,Small,500
7487,Afikpo,Ebonyi,2026-02-03,Large,2200
7488,Bauchi,Bauchi,2024-09-26,Medium,1200
7489,Badagry,Lagos,2024-06-25,Large,2200
7490,Awka,Anambra,2025-04-06,Medium,1200
7491,Idah,Kogi,2025-08-25,Large,2200
7492,Eket,Akwa Ibom,2024-06-13,Extra Large,3500
7493,Illela,Sokoto,2025-05-03,Large,2200
7494,Udi,Enugu,2025-10-28,Medium,1200
7495,Orlu,Imo,2025-08-11,Medium,1200
7496,Wudil,Kano,2025-05-04,Extra Large,3500
7497,Ishieke,Ebonyi,2025-04-26,Extra Large,3500
7498,Calabar,Cross River,2025-04-01,Small,500
7499,Jebba,Kwara,2024-12-18,Medium,1200
7500,Biu,Borno,2025-01-25,Large,2200
7501,Kaduna,Kaduna,2025-09-16,Medium,1200
7502,Ekwulobia,Anambra,2025-10-02,Large,2200
7503,Bida,Niger,2025-04-23,Medium,1200
7504,Awka,Anambra,2024-11-09,Medium,1200
7505,Mbaise,Imo,2025-02-14,Extra Large,3500
7506,Ado-Ekiti,Ekiti,2026-03-01,Extra Large,3500
7507,Oyo Town,Oyo,2025-06-27,Large,2200
7508,Zaria,Kaduna,2024-05-23,Small,500
7509,Arochukwu,Abia,2024-10-04,Medium,1200
7510,Kaduna,Kaduna,2024-09-22,Medium,1200
7511,Ilesa,Osun,2026-01-17,Small,500
7512,Ikom,Cross River,2025-02-10,Extra Large,3500
7513,Osogbo,Osun,2024-12-06,Medium,1200
7514,Katsina-Ala,Benue,2026-02-05,Large,2200
7515,Deba,Gombe,2025-06-18,Medium,1200
7516,Owo,Ondo,2026-03-11,Extra Large,3500
7517,Argungu,Kebbi,2025-01-25,Extra Large,3500
7518,Kazaure,Jigawa,2025-06-03,Small,500
7519,Asaba,Delta,2024-08-03,Extra Large,3500
7520,Gwoza,Borno,2024-06-27,Medium,1200
7521,Yola,Adamawa,2025-03-17,Medium,1200
7522,Gashua,Yobe,2025-01-09,Large,2200
7523,Ogoja,Cross River,2025-06-27,Small,500
7524,Ikere-Ekiti,Ekiti,2025-04-02,Small,500
7525,Misau,Bauchi,2025-07-25,Medium,1200
7526,Idah,Kogi,2025-03-04,Small,500
7527,Birnin Kebbi,Kebbi,2025-04-03,Large,2200
7528,Nsukka,Enugu,2025-02-19,Small,500
7529,Gboko,Benue,2025-12-06,Medium,1200
7530,Ogidi,Anambra,2024-12-14,Extra Large,3500
7531,Eleme,Rivers,2025-01-31,Extra Large,3500
7532,Ogoja,Cross River,2024-09-05,Extra Large,3500
7533,Ogoja,Cross River,2024-10-14,Large,2200
7534,Ikom,Cross River,2025-08-11,Small,500
7535,Illela,Sokoto,2025-01-14,Medium,1200
7536,Gumel,Jigawa,2024-06-26,Small,500
7537,Benin City,Edo,2026-01-02,Large,2200
7538,Nguru,Yobe,2025-05-06,Extra Large,3500
7539,Oron,Akwa Ibom,2025-08-10,Extra Large,3500
7540,Wamba,Nasarawa,2025-11-22,Medium,1200
7541,Nsukka,Enugu,2026-03-05,Medium,1200
7542,Kaura Namoda,Zamfara,2024-07-07,Large,2200
7543,Gboko,Benue,2024-06-18,Small,500
7544,Onueke,Ebonyi,2024-05-24,Extra Large,3500
7545,Gashua,Yobe,2024-09-20,Extra Large,3500
7546,Kaduna,Kaduna,2024-09-17,Large,2200
7547,Wamako,Sokoto,2024-12-23,Medium,1200
7548,Potiskum,Yobe,2024-12-04,Large,2200
7549,Ikare,Ondo,2025-12-14,Medium,1200
7550,Suleja,Niger,2025-09-08,Small,500
7551,Wamako,Sokoto,2024-11-13,Extra Large,3500
7552,Barkin Ladi,Plateau,2025-09-24,Medium,1200
7553,Badagry,Lagos,2026-04-26,Medium,1200
7554,Yauri,Kebbi,2026-04-26,Small,500
7555,Suleja,Niger,2025-10-28,Medium,1200
7556,Auchi,Edo,2025-10-19,Large,2200
7557,Aba,Abia,2026-02-22,Medium,1200
7558,Kaiama,Kwara,2024-05-03,Medium,1200
7559,Malumfashi,Katsina,2024-12-01,Medium,1200
7560,Kaura Namoda,Zamfara,2025-12-19,Medium,1200
7561,Hadejia,Jigawa,2025-11-20,Small,500
7562,Brass,Bayelsa,2025-02-16,Medium,1200
7563,Okigwe,Imo,2025-02-17,Small,500
7564,Rano,Kano,2025-06-24,Medium,1200
7565,Aba,Abia,2025-08-19,Extra Large,3500
7566,Suleja,Niger,2025-04-07,Extra Large,3500
7567,Eket,Akwa Ibom,2025-05-06,Extra Large,3500
7568,Minna,Niger,2025-11-04,Large,2200
7569,Lokoja,Kogi,2024-08-14,Large,2200
7570,Ondo City,Ondo,2025-02-11,Medium,1200
7571,Dass,Bauchi,2024-10-09,Large,2200
7572,Uyo,Akwa Ibom,2025-10-26,Medium,1200
7573,Bauchi,Bauchi,2025-04-08,Small,500
7574,Biu,Gombe,2025-05-09,Large,2200
7575,Efon,Ekiti,2025-11-22,Medium,1200
7576,Ikom,Cross River,2025-11-01,Large,2200
7577,Ibadan,Oyo,2025-10-07,Small,500
7578,Deba,Gombe,2025-03-30,Small,500
7579,Oron,Akwa Ibom,2025-11-26,Small,500
7580,Wukari,Taraba,2024-12-11,Extra Large,3500
7581,Port Harcourt,Rivers,2024-09-11,Large,2200
7582,Bida,Niger,2025-11-10,Extra Large,3500
7583,Gwoza,Borno,2025-09-19,Small,500
7584,Langtang,Plateau,2024-09-27,Medium,1200
7585,Bida,Niger,2025-03-21,Medium,1200
7586,Bali,Taraba,2025-06-09,Small,500
7587,Isuikwuato,Abia,2025-01-25,Large,2200
7588,Deba,Gombe,2025-06-23,Medium,1200
7589,Omuo-Ekiti,Ekiti,2024-07-29,Extra Large,3500
7590,Oporoma,Bayelsa,2026-03-17,Extra Large,3500
7591,Warri,Delta,2024-05-04,Small,500
7592,Nsukka,Enugu,2025-12-10,Extra Large,3500
7593,Maiduguri,Borno,2025-12-27,Large,2200
7594,Kano,Kano,2024-12-31,Extra Large,3500
7595,Daura,Katsina,2025-02-27,Medium,1200
7596,Katsina-Ala,Benue,2025-09-10,Large,2200
7597,Kafanchan,Kaduna,2025-02-15,Small,500
7598,Igbara-Odo,Ekiti,2025-11-17,Medium,1200
7599,Iseyin,Oyo,2025-05-24,Extra Large,3500
7600,Bali,Taraba,2024-12-21,Extra Large,3500
7601,Abeokuta,Ogun,2024-05-13,Extra Large,3500
7602,Agbani,Enugu,2025-11-22,Large,2200
7603,Irrua,Edo,2026-03-02,Small,500
7604,Kagoro,Kaduna,2024-08-17,Small,500
7605,Pankshin,Plateau,2026-03-24,Large,2200
7606,Vandeikya,Benue,2024-12-24,Extra Large,3500
7607,Yola,Adamawa,2025-07-31,Extra Large,3500
7608,Ikere-Ekiti,Ekiti,2025-07-11,Large,2200
7609,Benin City,Edo,2025-07-15,Medium,1200
7610,Rano,Kano,2026-01-20,Medium,1200
7611,Ilesa,Osun,2026-04-13,Large,2200
7612,Kaduna,Kaduna,2024-09-23,Extra Large,3500
7613,Afikpo,Ebonyi,2025-02-06,Large,2200
7614,Kaiama,Kwara,2025-05-22,Large,2200
7615,Efon,Ekiti,2024-09-11,Extra Large,3500
7616,Kazaure,Jigawa,2024-07-15,Small,500
7617,Onueke,Ebonyi,2025-06-17,Large,2200
7618,Gashua,Yobe,2025-03-23,Medium,1200
7619,Keffi,Nasarawa,2026-02-10,Extra Large,3500
7620,Tsafe,Zamfara,2024-07-04,Small,500
7621,Kagoro,Kaduna,2024-07-12,Medium,1200
7622,Efon,Ekiti,2025-06-05,Extra Large,3500
7623,Kaduna,Kaduna,2024-05-20,Small,500
7624,Isuikwuato,Abia,2025-09-12,Large,2200
7625,Dukku,Gombe,2025-04-19,Large,2200
7626,Zuru,Kebbi,2024-09-10,Large,2200
7627,Benin City,Edo,2024-06-16,Extra Large,3500
7628,Zaria,Kaduna,2026-03-31,Large,2200
7629,Yola,Adamawa,2024-11-20,Medium,1200
7630,Shendam,Plateau,2024-10-14,Small,500
7631,Kazaure,Jigawa,2025-08-22,Small,500
7632,Malumfashi,Katsina,2024-06-17,Extra Large,3500
7633,Gboko,Benue,2024-06-07,Medium,1200
7634,Saki,Oyo,2025-05-11,Large,2200
7635,Zaria,Kaduna,2024-08-30,Extra Large,3500
7636,Ekwulobia,Anambra,2026-01-15,Extra Large,3500
7637,Nembe,Bayelsa,2025-02-21,Extra Large,3500
7638,Kaiama,Kwara,2024-08-19,Large,2200
7639,Ilaro,Ogun,2024-07-16,Medium,1200
7640,Keffi,Nasarawa,2025-05-24,Extra Large,3500
7641,Gusau,Zamfara,2025-04-11,Large,2200
7642,Katsina,Katsina,2024-06-16,Large,2200
7643,Gembu,Taraba,2026-03-26,Small,500
7644,Onitsha,Anambra,2026-01-19,Extra Large,3500
7645,Barkin Ladi,Plateau,2024-07-30,Small,500
7646,Isuikwuato,Abia,2024-09-24,Large,2200
7647,Lokoja,Kogi,2025-03-08,Extra Large,3500
7648,Kaura Namoda,Zamfara,2025-09-27,Small,500
7649,Wudil,Kano,2025-04-09,Large,2200
7650,Ilaro,Ogun,2025-07-12,Small,500
7651,Lokoja,Kogi,2026-03-14,Medium,1200
7652,Mbaise,Imo,2025-06-30,Large,2200
7653,Idanre,Ondo,2025-04-29,Medium,1200
7654,Enugu,Enugu,2025-09-09,Extra Large,3500
7655,Langtang,Plateau,2024-11-14,Medium,1200
7656,Girei,Adamawa,2024-05-02,Extra Large,3500
7657,Dikwa,Borno,2024-08-09,Medium,1200
7658,Auchi,Edo,2024-06-12,Extra Large,3500
7659,Ilaro,Ogun,2025-02-12,Large,2200
7660,Nembe,Bayelsa,2025-12-08,Small,500
7661,Gwadabawa,Sokoto,2025-05-16,Extra Large,3500
7662,Okene,Kogi,2026-02-21,Large,2200
7663,Oron,Akwa Ibom,2026-01-29,Extra Large,3500
7664,Udi,Enugu,2025-03-29,Extra Large,3500
7665,Agbani,Enugu,2025-06-22,Medium,1200
7666,Illela,Sokoto,2025-10-17,Extra Large,3500
7667,Minna,Niger,2024-11-23,Large,2200
7668,Birnin Kebbi,Kebbi,2026-01-31,Large,2200
7669,Ikom,Cross River,2025-03-26,Small,500
7670,Ibadan,Oyo,2025-09-20,Large,2200
7671,Kaura Namoda,Zamfara,2025-09-29,Small,500
7672,Nguru,Yobe,2024-11-30,Extra Large,3500
7673,Girei,Adamawa,2025-07-19,Extra Large,3500
7674,Nsukka,Enugu,2025-12-10,Small,500
7675,Dass,Bauchi,2024-09-02,Medium,1200
7676,Arochukwu,Abia,2024-10-26,Medium,1200
7677,Irrua,Edo,2026-02-13,Small,500
7678,Potiskum,Yobe,2025-10-15,Extra Large,3500
7679,Dikwa,Borno,2025-03-27,Medium,1200
7680,Sagamu,Ogun,2026-02-21,Medium,1200
7681,Deba,Gombe,2024-09-08,Small,500
7682,Ibadan,Oyo,2025-06-16,Extra Large,3500
7683,Dutsin-Ma,Katsina,2025-02-08,Large,2200
7684,Ohaozara,Ebonyi,2026-03-19,Large,2200
7685,Abakaliki,Ebonyi,2024-10-19,Medium,1200
7686,Potiskum,Yobe,2026-01-23,Small,500
7687,Okigwe,Imo,2024-11-13,Large,2200
7688,Yola,Adamawa,2025-07-30,Large,2200
7689,Jebba,Kwara,2024-11-26,Extra Large,3500
7690,Osogbo,Osun,2026-02-25,Extra Large,3500
7691,Benin City,Edo,2025-09-19,Large,2200
7692,Nguru,Yobe,2025-10-07,Medium,1200
7693,Ohafia,Abia,2024-10-02,Large,2200
7694,Wukari,Taraba,2025-04-22,Large,2200
7695,Dukku,Gombe,2026-04-22,Large,2200
7696,Owerri,Imo,2025-06-05,Medium,1200
7697,Dass,Bauchi,2026-04-24,Small,500
7698,Ilaro,Ogun,2024-06-21,Small,500
7699,Nassarawa,Nasarawa,2024-07-12,Large,2200
7700,Gombe,Gombe,2025-11-08,Large,2200
7701,Gembu,Taraba,2024-12-21,Small,500
7702,Katsina-Ala,Benue,2025-03-22,Large,2200
7703,Agbor,Delta,2024-10-28,Small,500
7704,Lokoja,Kogi,2025-05-01,Medium,1200
7705,Osogbo,Osun,2025-03-30,Small,500
7706,Jos,Plateau,2024-06-19,Medium,1200
7707,Sagamu,Ogun,2025-09-16,Small,500
7708,Osogbo,Osun,2025-10-27,Medium,1200
7709,Futungo,Adamawa,2025-01-30,Small,500
7710,Jalingo,Taraba,2025-10-24,Extra Large,3500
7711,Ohaozara,Ebonyi,2026-01-12,Medium,1200
7712,Wukari,Taraba,2025-02-10,Extra Large,3500
7713,Talata Mafara,Zamfara,2024-05-04,Large,2200
7714,Dutsin-Ma,Katsina,2024-07-19,Large,2200
7715,Yola,Adamawa,2026-02-26,Extra Large,3500
7716,Agbor,Delta,2024-12-22,Large,2200
7717,Uromi,Edo,2025-10-26,Large,2200
7718,Yenagoa,Bayelsa,2025-04-16,Extra Large,3500
7719,Damaturu,Yobe,2024-06-15,Extra Large,3500
7720,Dikwa,Borno,2025-06-01,Extra Large,3500
7721,Biu,Borno,2024-10-21,Extra Large,3500
7722,Kontagora,Niger,2026-03-22,Medium,1200
7723,Isuikwuato,Abia,2024-08-07,Small,500
7724,Wukari,Taraba,2025-12-17,Small,500
7725,Oguta,Imo,2026-01-02,Small,500
7726,Ibadan,Oyo,2024-08-29,Medium,1200
7727,Ijebu-Ode,Ogun,2024-05-10,Large,2200
7728,Kafanchan,Kaduna,2024-07-09,Medium,1200
7729,Kamba,Kebbi,2024-11-28,Extra Large,3500
7730,Ekpoma,Edo,2025-05-22,Large,2200
7731,Mutum Biyu,Taraba,2025-02-06,Small,500
7732,Brass,Bayelsa,2024-06-22,Small,500
7733,Wudil,Kano,2025-11-06,Large,2200
7734,Onueke,Ebonyi,2025-09-04,Medium,1200
7735,Ota,Ogun,2024-08-17,Small,500
7736,Brass,Bayelsa,2025-01-13,Medium,1200
7737,Oyo Town,Oyo,2024-10-02,Medium,1200
7738,Umuahia,Abia,2024-05-22,Large,2200
7739,Ede,Osun,2025-09-02,Small,500
7740,Oguta,Imo,2024-10-02,Extra Large,3500
7741,Osogbo,Osun,2025-09-18,Medium,1200
7742,Wudil,Kano,2025-12-29,Extra Large,3500
7743,Argungu,Kebbi,2025-12-11,Large,2200
7744,Ikot Ekpene,Akwa Ibom,2025-08-08,Large,2200
7745,Deba,Gombe,2025-10-02,Large,2200
7746,Sokoto,Sokoto,2026-02-11,Extra Large,3500
7747,Badagry,Lagos,2025-02-06,Small,500
7748,Mbaise,Imo,2024-12-08,Large,2200
7749,Illela,Sokoto,2024-06-04,Medium,1200
7750,Monguno,Borno,2024-04-30,Extra Large,3500
7751,Omoku,Rivers,2025-11-12,Large,2200
7752,Kagoro,Kaduna,2025-11-08,Extra Large,3500
7753,Warri,Delta,2026-03-06,Medium,1200
7754,Deba,Gombe,2025-01-25,Small,500
7755,Nassarawa,Nasarawa,2024-10-18,Extra Large,3500
7756,Mutum Biyu,Taraba,2024-07-02,Large,2200
7757,Azare,Bauchi,2025-03-01,Large,2200
7758,Dutsin-Ma,Katsina,2026-04-20,Extra Large,3500
7759,Auchi,Edo,2024-12-29,Small,500
7760,Hadejia,Jigawa,2024-09-14,Extra Large,3500
7761,Auchi,Edo,2025-08-29,Extra Large,3500
7762,Calabar,Cross River,2024-10-05,Extra Large,3500
7763,Ilaro,Ogun,2026-01-31,Small,500
7764,Saki,Oyo,2025-11-30,Extra Large,3500
7765,Auchi,Edo,2025-12-25,Large,2200
7766,Wamba,Nasarawa,2024-08-27,Medium,1200
7767,Talata Mafara,Zamfara,2024-08-27,Medium,1200
7768,Kamba,Kebbi,2025-02-24,Extra Large,3500
7769,Rijau,Niger,2024-07-14,Extra Large,3500
7770,Degema,Rivers,2024-12-22,Medium,1200
7771,Epe,Lagos,2025-06-11,Small,500
7772,Katsina,Katsina,2024-09-12,Medium,1200
7773,Birnin Kudu,Jigawa,2024-09-25,Medium,1200
7774,Ogidi,Anambra,2025-05-27,Large,2200
7775,Owerri,Imo,2026-03-14,Large,2200
7776,Efon,Ekiti,2024-07-24,Medium,1200
7777,Brass,Bayelsa,2024-09-30,Medium,1200
7778,Minna,Niger,2025-01-12,Small,500
7779,Aba,Abia,2024-08-31,Large,2200
7780,Katsina,Katsina,2025-02-14,Extra Large,3500
7781,Suleja,Niger,2024-12-14,Small,500
7782,Daura,Katsina,2025-02-05,Small,500
7783,Rano,Kano,2025-03-28,Small,500
7784,Agbani,Enugu,2024-06-14,Small,500
7785,Mubi,Adamawa,2025-12-13,Extra Large,3500
7786,Argungu,Kebbi,2025-08-15,Extra Large,3500
7787,Calabar,Cross River,2025-01-21,Extra Large,3500
7788,Zuru,Kebbi,2024-06-15,Large,2200
7789,Afikpo,Ebonyi,2024-10-03,Large,2200
7790,Ohafia,Abia,2024-12-03,Medium,1200
7791,Ogidi,Anambra,2025-07-08,Medium,1200
7792,Kaltungo,Gombe,2026-04-15,Medium,1200
7793,Futungo,Adamawa,2024-07-10,Extra Large,3500
7794,Ikare,Ondo,2025-05-23,Small,500
7795,Birnin Kudu,Jigawa,2026-04-21,Extra Large,3500
7796,Akamkpa,Cross River,2026-01-08,Small,500
7797,Epe,Lagos,2024-08-30,Medium,1200
7798,Aba,Abia,2026-03-29,Extra Large,3500
7799,Ikeja,Lagos,2025-07-09,Small,500
7800,Ejigbo,Osun,2026-04-14,Extra Large,3500
7801,Abeokuta,Ogun,2025-09-18,Extra Large,3500
7802,Kabba,Kogi,2025-09-04,Medium,1200
7803,Kano,Kano,2026-04-07,Large,2200
7804,Okigwe,Imo,2025-09-16,Extra Large,3500
7805,Dutse,Jigawa,2024-12-25,Medium,1200
7806,Argungu,Kebbi,2025-08-04,Small,500
7807,Igbara-Odo,Ekiti,2026-02-02,Large,2200
7808,Minna,Niger,2024-12-15,Small,500
7809,Ekwulobia,Anambra,2026-01-09,Extra Large,3500
7810,Omoku,Rivers,2025-04-14,Medium,1200
7811,Dass,Bauchi,2024-12-27,Large,2200
7812,Onitsha,Anambra,2025-07-15,Extra Large,3500
7813,Nembe,Bayelsa,2025-06-28,Medium,1200
7814,Eket,Akwa Ibom,2025-01-31,Large,2200
7815,Jamaare,Bauchi,2025-08-08,Medium,1200
7816,Mutum Biyu,Taraba,2024-10-13,Medium,1200
7817,Oji River,Enugu,2025-06-30,Small,500
7818,Omuo-Ekiti,Ekiti,2026-04-19,Medium,1200
7819,Bichi,Kano,2024-10-14,Large,2200
7820,Ilesa,Osun,2025-07-21,Small,500
7821,Kagoro,Kaduna,2026-02-11,Extra Large,3500
7822,Girei,Adamawa,2024-12-08,Extra Large,3500
7823,Ikom,Cross River,2025-10-18,Large,2200
7824,Bauchi,Bauchi,2025-11-01,Extra Large,3500
7825,Sagamu,Ogun,2025-07-24,Small,500
7826,Dass,Bauchi,2024-06-09,Small,500
7827,Anka,Zamfara,2025-01-25,Small,500
7828,Barkin Ladi,Plateau,2024-11-29,Medium,1200
7829,Buni Yadi,Yobe,2024-08-15,Large,2200
7830,Sagbama,Bayelsa,2024-09-23,Large,2200
7831,Keffi,Nasarawa,2024-05-24,Large,2200
7832,Abak,Akwa Ibom,2026-03-03,Small,500
7833,Anka,Zamfara,2025-07-08,Small,500
7834,Omu-Aran,Kwara,2026-03-19,Small,500
7835,Gboko,Benue,2025-10-19,Extra Large,3500
7836,Gumel,Jigawa,2024-12-23,Extra Large,3500
7837,Ikeja,Lagos,2024-11-16,Small,500
7838,Minna,Niger,2025-08-10,Extra Large,3500
7839,Jos,Plateau,2025-11-03,Small,500
7840,Kano,Kano,2025-05-12,Medium,1200
7841,Ohafia,Abia,2026-04-11,Large,2200
7842,Katsina,Katsina,2025-08-13,Large,2200
7843,Mubi,Adamawa,2024-11-23,Medium,1200
7844,Benin City,Edo,2024-05-14,Small,500
7845,Udi,Enugu,2026-01-06,Extra Large,3500
7846,Suleja,Niger,2024-12-25,Small,500
7847,Oguta,Imo,2024-10-21,Large,2200
7848,Buni Yadi,Yobe,2025-05-26,Extra Large,3500
7849,Kaduna,Kaduna,2026-02-18,Extra Large,3500
7850,Buni Yadi,Yobe,2025-08-26,Small,500
7851,Ughelli,Delta,2024-10-25,Large,2200
7852,Ishieke,Ebonyi,2025-09-11,Large,2200
7853,Oporoma,Bayelsa,2025-10-04,Large,2200
7854,Idanre,Ondo,2025-07-15,Medium,1200
7855,Nsukka,Enugu,2025-01-30,Large,2200
7856,Ijebu-Ode,Ogun,2024-12-18,Medium,1200
7857,Onitsha,Anambra,2025-03-16,Extra Large,3500
7858,Funtua,Katsina,2024-05-01,Small,500
7859,Illela,Sokoto,2026-01-22,Small,500
7860,Ikare,Ondo,2024-06-17,Small,500
7861,Illela,Sokoto,2024-09-14,Extra Large,3500
7862,Abak,Akwa Ibom,2025-08-03,Medium,1200
7863,Uyo,Akwa Ibom,2024-08-08,Small,500
7864,Gashua,Yobe,2024-09-23,Medium,1200
7865,Yenagoa,Bayelsa,2024-07-03,Medium,1200
7866,Ughelli,Delta,2025-07-04,Extra Large,3500
7867,Makurdi,Benue,2025-12-25,Large,2200
7868,Gashua,Yobe,2026-03-09,Large,2200
7869,Gusau,Zamfara,2024-10-16,Large,2200
7870,Ohaozara,Ebonyi,2024-06-23,Medium,1200
7871,Benin City,Edo,2025-10-08,Small,500
7872,Minna,Niger,2024-12-10,Large,2200
7873,Ogbomoso,Oyo,2025-10-06,Medium,1200
7874,Numan,Adamawa,2024-10-23,Medium,1200
7875,Jos,Plateau,2024-09-02,Extra Large,3500
7876,Pankshin,Plateau,2024-10-25,Large,2200
7877,Kafanchan,Kaduna,2024-11-21,Extra Large,3500
7878,Ogidi,Anambra,2025-03-20,Medium,1200
7879,Ado-Ekiti,Ekiti,2025-08-04,Extra Large,3500
7880,Misau,Bauchi,2024-11-11,Extra Large,3500
7881,Jamaare,Bauchi,2025-11-19,Large,2200
7882,Oguta,Imo,2024-06-24,Large,2200
7883,Ilaro,Ogun,2026-04-07,Extra Large,3500
7884,Ijebu-Ode,Ogun,2025-02-12,Extra Large,3500
7885,Auchi,Edo,2024-08-27,Large,2200
7886,Lafia,Nasarawa,2025-03-15,Large,2200
7887,Gombe,Gombe,2025-05-01,Medium,1200
7888,Lafia,Nasarawa,2025-10-16,Large,2200
7889,Mubi,Adamawa,2025-11-03,Large,2200
7890,Eleme,Rivers,2025-12-17,Extra Large,3500
7891,Umuahia,Abia,2025-11-28,Extra Large,3500
7892,Mutum Biyu,Taraba,2024-05-11,Small,500
7893,Lokoja,Kogi,2025-01-30,Extra Large,3500
7894,Owerri,Imo,2026-01-11,Extra Large,3500
7895,Suleja,Niger,2025-11-02,Extra Large,3500
7896,Ohafia,Abia,2026-03-01,Small,500
7897,Akamkpa,Cross River,2025-07-06,Small,500
7898,Owo,Ondo,2024-08-16,Small,500
7899,Buni Yadi,Yobe,2025-10-10,Small,500
7900,Umuahia,Abia,2024-11-01,Small,500
7901,Biu,Borno,2025-03-31,Small,500
7902,Owerri,Imo,2025-03-24,Medium,1200
7903,Ikeja,Lagos,2025-01-26,Small,500
7904,Gumel,Jigawa,2025-07-14,Medium,1200
7905,Igbara-Odo,Ekiti,2024-06-18,Large,2200
7906,Saki,Oyo,2024-08-04,Large,2200
7907,Gombe,Gombe,2025-04-05,Medium,1200
7908,Minna,Niger,2024-08-18,Small,500
7909,Nguru,Yobe,2024-09-12,Small,500
7910,Obudu,Cross River,2024-05-06,Large,2200
7911,Bori,Rivers,2025-04-28,Large,2200
7912,Gumel,Jigawa,2025-10-09,Medium,1200
7913,Ikot Ekpene,Akwa Ibom,2025-04-21,Large,2200
7914,Tsafe,Zamfara,2026-03-04,Large,2200
7915,Bichi,Kano,2026-03-15,Medium,1200
7916,Sokoto,Sokoto,2026-04-06,Small,500
7917,Gusau,Zamfara,2025-01-24,Small,500
7918,Tsafe,Zamfara,2025-04-19,Extra Large,3500
7919,Omu-Aran,Kwara,2025-08-08,Medium,1200
7920,Bichi,Kano,2025-07-01,Large,2200
7921,Kontagora,Niger,2025-02-19,Medium,1200
7922,Ishieke,Ebonyi,2024-05-25,Large,2200
7923,Asaba,Delta,2026-03-01,Extra Large,3500
7924,Port Harcourt,Rivers,2025-02-02,Large,2200
7925,Ilaro,Ogun,2025-06-14,Small,500
7926,Mbaise,Imo,2024-09-15,Small,500
7927,Ijebu-Ode,Ogun,2025-03-11,Large,2200
7928,Nguru,Yobe,2024-10-30,Small,500
7929,Osogbo,Osun,2026-02-23,Large,2200
7930,Ile-Ife,Osun,2025-10-06,Extra Large,3500
7931,Minna,Niger,2025-05-04,Medium,1200
7932,Omuo-Ekiti,Ekiti,2025-04-19,Small,500
7933,Ikorodu,Lagos,2025-09-12,Large,2200
7934,Yola,Adamawa,2025-09-18,Large,2200
7935,Ado-Ekiti,Ekiti,2025-08-15,Small,500
7936,Ile-Ife,Osun,2026-03-05,Small,500
7937,Ikare,Ondo,2025-10-16,Small,500
7938,Zuru,Kebbi,2024-10-21,Small,500
7939,Jebba,Kwara,2024-05-22,Extra Large,3500
7940,Nnewi,Anambra,2025-12-12,Medium,1200
7941,Ekpoma,Edo,2025-08-01,Large,2200
7942,Azare,Bauchi,2025-09-03,Medium,1200
7943,Yauri,Kebbi,2025-09-18,Extra Large,3500
7944,Dutse,Jigawa,2025-08-11,Extra Large,3500
7945,Gumel,Jigawa,2024-11-04,Medium,1200
7946,Gboko,Benue,2025-03-25,Extra Large,3500
7947,Nnewi,Anambra,2025-09-06,Extra Large,3500
7948,Dikwa,Borno,2024-10-29,Small,500
7949,Gembu,Taraba,2025-07-11,Extra Large,3500
7950,Owo,Ondo,2026-03-23,Extra Large,3500
7951,Oji River,Enugu,2026-01-02,Large,2200
7952,Lafia,Nasarawa,2024-05-06,Medium,1200
7953,Omuo-Ekiti,Ekiti,2025-11-11,Extra Large,3500
7954,Birnin Kudu,Jigawa,2025-08-11,Extra Large,3500
7955,Rijau,Niger,2026-02-26,Small,500
7956,Epe,Lagos,2025-02-11,Small,500
7957,Auchi,Edo,2025-06-29,Extra Large,3500
7958,Jos,Plateau,2026-02-14,Large,2200
7959,Owerri,Imo,2025-05-11,Small,500
7960,Auchi,Edo,2024-09-12,Small,500
7961,Epe,Lagos,2025-03-02,Extra Large,3500
7962,Orlu,Imo,2025-12-24,Medium,1200
7963,Agbor,Delta,2024-10-28,Extra Large,3500
7964,Nsukka,Enugu,2024-12-03,Medium,1200
7965,Bida,Niger,2026-04-04,Large,2200
7966,Eket,Akwa Ibom,2025-08-21,Medium,1200
7967,Argungu,Kebbi,2025-01-31,Medium,1200
7968,Kontagora,Niger,2024-12-08,Extra Large,3500
7969,Ekpoma,Edo,2025-02-21,Medium,1200
7970,Ede,Osun,2026-01-27,Medium,1200
7971,Afikpo,Ebonyi,2025-10-10,Large,2200
7972,Asaba,Delta,2024-06-30,Medium,1200
7973,Orlu,Imo,2025-08-05,Small,500
7974,Gboko,Benue,2025-11-15,Small,500
7975,Dass,Bauchi,2025-01-03,Medium,1200
7976,Biu,Gombe,2024-08-09,Large,2200
7977,Wudil,Kano,2025-10-26,Medium,1200
7978,Malumfashi,Katsina,2026-03-07,Small,500
7979,Wukari,Taraba,2025-02-11,Small,500
7980,Pankshin,Plateau,2024-12-08,Large,2200
7981,Sagbama,Bayelsa,2026-04-18,Large,2200
7982,Okene,Kogi,2025-12-14,Extra Large,3500
7983,Ekwulobia,Anambra,2024-04-28,Large,2200
7984,Idanre,Ondo,2024-06-17,Small,500
7985,Efon,Ekiti,2025-09-18,Medium,1200
7986,Maiduguri,Borno,2025-05-15,Small,500
7987,Bida,Niger,2025-08-18,Medium,1200
7988,Nsukka,Enugu,2025-10-14,Medium,1200
7989,Ondo City,Ondo,2024-08-29,Medium,1200
7990,Degema,Rivers,2025-01-25,Extra Large,3500
7991,Ogbomoso,Oyo,2025-09-23,Medium,1200
7992,Dass,Bauchi,2024-09-18,Small,500
7993,Kontagora,Niger,2024-09-07,Large,2200
7994,Jos,Plateau,2026-03-21,Extra Large,3500
7995,Umuahia,Abia,2025-03-22,Large,2200
7996,Onitsha,Anambra,2025-12-13,Extra Large,3500
7997,Ikot Ekpene,Akwa Ibom,2024-09-09,Large,2200
7998,Ishieke,Ebonyi,2024-06-09,Large,2200
7999,Ogoja,Cross River,2024-09-07,Small,500
8000,Oron,Akwa Ibom,2025-11-02,Large,2200
8001,Onitsha,Anambra,2024-11-02,Extra Large,3500
8002,Kaduna,Kaduna,2026-02-15,Extra Large,3500
8003,Pankshin,Plateau,2025-02-19,Medium,1200
8004,Ikare,Ondo,2025-07-29,Extra Large,3500
8005,Ogoja,Cross River,2025-07-27,Small,500
8006,Ondo City,Ondo,2026-01-21,Small,500
8007,Eket,Akwa Ibom,2024-08-26,Extra Large,3500
8008,Efon,Ekiti,2024-11-27,Large,2200
8009,Bida,Niger,2025-01-28,Extra Large,3500
8010,Misau,Bauchi,2024-11-15,Extra Large,3500
8011,Kafanchan,Kaduna,2025-01-02,Extra Large,3500
8012,Enugu,Enugu,2025-06-29,Medium,1200
8013,Eleme,Rivers,2025-04-11,Large,2200
8014,Misau,Bauchi,2025-08-31,Extra Large,3500
8015,Abak,Akwa Ibom,2024-07-09,Large,2200
8016,Birnin Kebbi,Kebbi,2024-06-10,Large,2200
8017,Nsukka,Enugu,2025-10-28,Extra Large,3500
8018,Owo,Ondo,2024-05-02,Medium,1200
8019,Ikom,Cross River,2025-06-26,Medium,1200
8020,Kazaure,Jigawa,2026-04-18,Small,500
8021,Calabar,Cross River,2024-07-06,Medium,1200
8022,Tsafe,Zamfara,2025-05-13,Small,500
8023,Gboko,Benue,2024-05-02,Large,2200
8024,Anka,Zamfara,2025-07-11,Medium,1200
8025,Dutse,Jigawa,2026-04-18,Small,500
8026,Azare,Bauchi,2025-11-04,Extra Large,3500
8027,Ondo City,Ondo,2026-03-09,Medium,1200
8028,Efon,Ekiti,2025-04-07,Large,2200
8029,Bori,Rivers,2024-12-29,Medium,1200
8030,Onueke,Ebonyi,2025-03-06,Extra Large,3500
8031,Saki,Oyo,2025-01-23,Extra Large,3500
8032,Jamaare,Bauchi,2026-02-06,Medium,1200
8033,Ikom,Cross River,2026-04-27,Extra Large,3500
8034,Gembu,Taraba,2025-12-15,Extra Large,3500
8035,Nnewi,Anambra,2026-03-15,Large,2200
8036,Dass,Bauchi,2025-08-26,Small,500
8037,Lafia,Nasarawa,2025-01-28,Medium,1200
8038,Birnin Kudu,Jigawa,2024-06-07,Large,2200
8039,Bida,Niger,2025-01-12,Extra Large,3500
8040,Gashua,Yobe,2024-12-24,Extra Large,3500
8041,Numan,Adamawa,2024-07-09,Extra Large,3500
8042,Ejigbo,Osun,2025-03-27,Large,2200
8043,Keffi,Nasarawa,2025-09-19,Medium,1200
8044,Isuikwuato,Abia,2025-10-09,Extra Large,3500
8045,Warri,Delta,2026-02-05,Extra Large,3500
8046,Maiduguri,Borno,2024-08-06,Small,500
8047,Ughelli,Delta,2025-07-10,Small,500
8048,Nassarawa,Nasarawa,2026-01-22,Medium,1200
8049,Aba,Abia,2024-11-17,Extra Large,3500
8050,Yauri,Kebbi,2025-09-20,Large,2200
8051,Ejigbo,Osun,2025-12-13,Extra Large,3500
8052,Kafanchan,Kaduna,2025-01-21,Extra Large,3500
8053,Mutum Biyu,Taraba,2025-07-23,Large,2200
8054,Yauri,Kebbi,2025-08-21,Extra Large,3500
8055,Ilorin,Kwara,2025-04-09,Medium,1200
8056,Kazaure,Jigawa,2025-02-22,Extra Large,3500
8057,Kaduna,Kaduna,2024-09-11,Small,500
8058,Ekwulobia,Anambra,2026-04-17,Extra Large,3500
8059,Ankpa,Kogi,2026-03-27,Extra Large,3500
8060,Wukari,Taraba,2025-12-12,Large,2200
8061,Nnewi,Anambra,2024-05-09,Small,500
8062,Ilaro,Ogun,2025-01-15,Large,2200
8063,Gumel,Jigawa,2024-05-30,Small,500
8064,Warri,Delta,2025-12-08,Large,2200
8065,Funtua,Katsina,2024-12-20,Small,500
8066,Illela,Sokoto,2025-03-17,Extra Large,3500
8067,Kano,Kano,2025-07-14,Medium,1200
8068,Ikere-Ekiti,Ekiti,2025-02-13,Extra Large,3500
8069,Nguru,Yobe,2025-07-18,Small,500
8070,Tambuwal,Sokoto,2024-06-25,Large,2200
8071,Jos,Plateau,2025-03-05,Small,500
8072,Osogbo,Osun,2026-03-08,Medium,1200
8073,Ijebu-Ode,Ogun,2026-03-08,Small,500
8074,Funtua,Katsina,2026-04-18,Medium,1200
8075,Udi,Enugu,2026-01-13,Extra Large,3500
8076,Onitsha,Anambra,2026-02-17,Small,500
8077,Lokoja,Kogi,2025-10-15,Medium,1200
8078,Futungo,Adamawa,2024-11-27,Large,2200
8079,Azare,Bauchi,2024-09-16,Large,2200
8080,Isuikwuato,Abia,2024-08-09,Extra Large,3500
8081,Jamaare,Bauchi,2025-05-12,Extra Large,3500
8082,Eleme,Rivers,2025-06-19,Extra Large,3500
8083,Ogoja,Cross River,2026-01-13,Large,2200
8084,Agbor,Delta,2025-04-30,Large,2200
8085,Biu,Borno,2024-07-29,Large,2200
8086,Wamba,Nasarawa,2025-11-30,Large,2200
8087,Jalingo,Taraba,2024-12-03,Large,2200
8088,Birnin Kebbi,Kebbi,2025-09-01,Extra Large,3500
8089,Agbani,Enugu,2025-06-02,Extra Large,3500
8090,Bori,Rivers,2026-01-26,Small,500
8091,Zuru,Kebbi,2024-08-27,Medium,1200
8092,Dutse,Jigawa,2025-03-19,Large,2200
8093,Gusau,Zamfara,2024-07-20,Medium,1200
8094,Akure,Ondo,2025-08-24,Medium,1200
8095,Gumel,Jigawa,2024-10-20,Medium,1200
8096,Eket,Akwa Ibom,2024-09-28,Small,500
8097,Jebba,Kwara,2025-10-29,Medium,1200
8098,Ankpa,Kogi,2025-08-22,Large,2200
8099,Girei,Adamawa,2024-07-01,Medium,1200
8100,Daura,Katsina,2025-03-10,Small,500
8101,Gombe,Gombe,2025-10-02,Extra Large,3500
8102,Iseyin,Oyo,2024-08-22,Large,2200
8103,Nguru,Yobe,2026-03-07,Extra Large,3500
8104,Ikorodu,Lagos,2026-02-15,Large,2200
8105,Monguno,Borno,2025-11-08,Small,500
8106,Gwadabawa,Sokoto,2024-10-05,Large,2200
8107,Wukari,Taraba,2024-11-01,Medium,1200
8108,Isuikwuato,Abia,2025-04-10,Medium,1200
8109,Kamba,Kebbi,2026-02-12,Extra Large,3500
8110,Wamako,Sokoto,2024-07-25,Small,500
8111,Ijebu-Ode,Ogun,2024-08-04,Medium,1200
8112,Biu,Gombe,2025-05-22,Extra Large,3500
8113,Numan,Adamawa,2025-10-09,Extra Large,3500
8114,Zaria,Kaduna,2024-07-02,Extra Large,3500
8115,Ilaro,Ogun,2025-09-14,Large,2200
8116,Wukari,Taraba,2026-01-24,Small,500
8117,Ile-Ife,Osun,2026-03-09,Small,500
8118,Nassarawa,Nasarawa,2025-11-08,Medium,1200
8119,Enugu,Enugu,2025-07-10,Large,2200
8120,Nembe,Bayelsa,2025-08-10,Small,500
8121,Saki,Oyo,2025-01-27,Medium,1200
8122,Wudil,Kano,2025-10-03,Extra Large,3500
8123,Badagry,Lagos,2025-10-17,Large,2200
8124,Ota,Ogun,2025-01-30,Small,500
8125,Ijebu-Ode,Ogun,2025-08-09,Medium,1200
8126,Obudu,Cross River,2025-06-11,Medium,1200
8127,Deba,Gombe,2026-01-12,Small,500
8128,Ejigbo,Osun,2025-12-08,Small,500
8129,Warri,Delta,2024-10-07,Medium,1200
8130,Shendam,Plateau,2024-07-20,Small,500
8131,Oron,Akwa Ibom,2024-06-30,Large,2200
8132,Saminaka,Kaduna,2024-07-01,Extra Large,3500
8133,Ogidi,Anambra,2025-10-20,Large,2200
8134,Iseyin,Oyo,2026-03-13,Large,2200
8135,Dutse,Jigawa,2025-10-23,Extra Large,3500
8136,Ilaro,Ogun,2024-07-20,Large,2200
8137,Argungu,Kebbi,2025-01-20,Small,500
8138,Buni Yadi,Yobe,2026-01-10,Small,500
8139,Ile-Ife,Osun,2026-03-25,Extra Large,3500
8140,Sokoto,Sokoto,2025-06-22,Large,2200
8141,Misau,Bauchi,2024-04-28,Extra Large,3500
8142,Ogidi,Anambra,2024-06-11,Large,2200
8143,Ikorodu,Lagos,2025-05-23,Extra Large,3500
8144,Ohaozara,Ebonyi,2026-01-06,Medium,1200
8145,Wamako,Sokoto,2026-04-13,Extra Large,3500
8146,Ijebu-Ode,Ogun,2024-12-16,Small,500
8147,Asaba,Delta,2025-01-18,Extra Large,3500
8148,Minna,Niger,2025-09-05,Medium,1200
8149,Oguta,Imo,2025-11-30,Extra Large,3500
8150,Otukpo,Benue,2025-05-11,Small,500
8151,Numan,Adamawa,2025-07-10,Small,500
8152,Tsafe,Zamfara,2024-10-06,Small,500
8153,Agbor,Delta,2025-02-09,Extra Large,3500
8154,Vandeikya,Benue,2025-05-25,Medium,1200
8155,Girei,Adamawa,2025-03-29,Small,500
8156,Kontagora,Niger,2024-08-10,Small,500
8157,Maiduguri,Borno,2026-03-17,Extra Large,3500
8158,Ikom,Cross River,2025-12-30,Extra Large,3500
8159,Agbor,Delta,2025-04-27,Medium,1200
8160,Wamba,Nasarawa,2025-03-26,Medium,1200
8161,Kaltungo,Gombe,2025-07-10,Extra Large,3500
8162,Dutsin-Ma,Katsina,2024-08-11,Extra Large,3500
8163,Eket,Akwa Ibom,2025-08-26,Large,2200
8164,Oron,Akwa Ibom,2025-12-03,Extra Large,3500
8165,Zuru,Kebbi,2025-09-22,Extra Large,3500
8166,Wukari,Taraba,2025-07-08,Medium,1200
8167,Idah,Kogi,2024-12-08,Extra Large,3500
8168,Arochukwu,Abia,2026-04-20,Extra Large,3500
8169,Owerri,Imo,2024-07-26,Medium,1200
8170,Enugu,Enugu,2026-04-25,Large,2200
8171,Idah,Kogi,2025-09-25,Small,500
8172,Zuru,Kebbi,2025-04-11,Small,500
8173,Offa,Kwara,2025-12-23,Small,500
8174,Mutum Biyu,Taraba,2025-04-23,Medium,1200
8175,Bali,Taraba,2025-09-23,Large,2200
8176,Dutse,Jigawa,2025-01-27,Large,2200
8177,Ikorodu,Lagos,2026-04-14,Medium,1200
8178,Makurdi,Benue,2024-12-26,Large,2200
8179,Misau,Bauchi,2025-12-23,Extra Large,3500
8180,Awka,Anambra,2024-09-27,Medium,1200
8181,Kaltungo,Gombe,2025-10-14,Small,500
8182,Igbara-Odo,Ekiti,2025-12-10,Extra Large,3500
8183,Monguno,Borno,2025-09-20,Extra Large,3500
8184,Buni Yadi,Yobe,2024-06-04,Small,500
8185,Abak,Akwa Ibom,2026-01-19,Extra Large,3500
8186,Ejigbo,Osun,2024-09-04,Extra Large,3500
8187,Damaturu,Yobe,2025-04-18,Medium,1200
8188,Kaltungo,Gombe,2025-02-07,Large,2200
8189,Kaiama,Kwara,2026-04-16,Large,2200
8190,Kazaure,Jigawa,2025-08-21,Extra Large,3500
8191,Kano,Kano,2026-01-07,Medium,1200
8192,Ikare,Ondo,2026-04-21,Large,2200
8193,Yola,Adamawa,2025-06-01,Extra Large,3500
8194,Nsukka,Enugu,2024-12-29,Large,2200
8195,Barkin Ladi,Plateau,2025-09-04,Extra Large,3500
8196,Tambuwal,Sokoto,2026-04-20,Small,500
8197,Jebba,Kwara,2025-11-01,Extra Large,3500
8198,Epe,Lagos,2025-02-06,Medium,1200
8199,Ughelli,Delta,2025-05-17,Medium,1200
8200,Vandeikya,Benue,2024-11-19,Extra Large,3500
8201,Talata Mafara,Zamfara,2025-09-18,Small,500
8202,Akamkpa,Cross River,2024-09-16,Small,500
8203,Ankpa,Kogi,2026-01-12,Large,2200
8204,Daura,Katsina,2025-02-08,Medium,1200
8205,Biu,Gombe,2024-07-31,Large,2200
8206,Oporoma,Bayelsa,2025-10-28,Large,2200
8207,Jamaare,Bauchi,2025-06-25,Large,2200
8208,Birnin Kudu,Jigawa,2025-12-06,Medium,1200
8209,Ikare,Ondo,2026-01-08,Small,500
8210,Ogbomoso,Oyo,2025-09-27,Large,2200
8211,Danbatta,Kano,2025-03-27,Extra Large,3500
8212,Kazaure,Jigawa,2024-08-24,Medium,1200
8213,Monguno,Borno,2024-08-05,Large,2200
8214,Gashua,Yobe,2025-09-17,Small,500
8215,Bori,Rivers,2024-11-25,Small,500
8216,Akure,Ondo,2024-08-10,Extra Large,3500
8217,Ohafia,Abia,2024-10-03,Small,500
8218,Afikpo,Ebonyi,2025-10-26,Small,500
8219,Sokoto,Sokoto,2025-10-16,Extra Large,3500
8220,Gusau,Zamfara,2024-05-03,Large,2200
8221,Otukpo,Benue,2025-10-09,Large,2200
8222,Kagoro,Kaduna,2025-06-21,Extra Large,3500
8223,Ogidi,Anambra,2025-09-04,Large,2200
8224,Talata Mafara,Zamfara,2026-04-19,Extra Large,3500
8225,Ilesa,Osun,2024-08-12,Small,500
8226,Akamkpa,Cross River,2026-03-22,Medium,1200
8227,Nguru,Yobe,2025-03-05,Large,2200
8228,Orlu,Imo,2026-01-02,Small,500
8229,Ughelli,Delta,2026-03-04,Large,2200
8230,Futungo,Adamawa,2024-07-06,Extra Large,3500
8231,Benin City,Edo,2026-04-09,Medium,1200
8232,Ilaro,Ogun,2024-09-05,Extra Large,3500
8233,Ibadan,Oyo,2024-06-04,Extra Large,3500
8234,Ilaro,Ogun,2026-04-13,Extra Large,3500
8235,Bauchi,Bauchi,2025-08-15,Medium,1200
8236,Zuru,Kebbi,2025-07-04,Medium,1200
8237,Zaria,Kaduna,2026-04-05,Small,500
8238,Ikom,Cross River,2025-07-29,Medium,1200
8239,Kaltungo,Gombe,2025-02-16,Small,500
8240,Azare,Bauchi,2024-05-21,Extra Large,3500
8241,Idanre,Ondo,2024-10-20,Medium,1200
8242,Ilaro,Ogun,2025-04-19,Large,2200
8243,Yola,Adamawa,2025-09-11,Extra Large,3500
8244,Ejigbo,Osun,2026-03-25,Small,500
8245,Argungu,Kebbi,2025-08-17,Large,2200
8246,Kagoro,Kaduna,2025-01-26,Small,500
8247,Kafanchan,Kaduna,2025-09-14,Small,500
8248,Afikpo,Ebonyi,2025-11-29,Medium,1200
8249,Ilorin,Kwara,2025-08-21,Extra Large,3500
8250,Malumfashi,Katsina,2025-11-16,Large,2200
8251,Owo,Ondo,2026-01-19,Medium,1200
8252,Lafia,Nasarawa,2025-08-15,Small,500
8253,Kaura Namoda,Zamfara,2024-11-14,Medium,1200
8254,Omoku,Rivers,2025-08-17,Extra Large,3500
8255,Enugu,Enugu,2025-01-20,Large,2200
8256,Wamba,Nasarawa,2024-07-23,Large,2200
8257,Jebba,Kwara,2024-06-26,Medium,1200
8258,Uromi,Edo,2025-04-19,Extra Large,3500
8259,Akwanga,Nasarawa,2025-08-28,Small,500
8260,Dutsin-Ma,Katsina,2025-05-04,Small,500
8261,Mubi,Adamawa,2024-05-13,Large,2200
8262,Umuahia,Abia,2025-06-19,Large,2200
8263,Lokoja,Kogi,2025-06-19,Medium,1200
8264,Kafanchan,Kaduna,2024-11-13,Large,2200
8265,Kaura Namoda,Zamfara,2025-10-23,Extra Large,3500
8266,Warri,Delta,2025-11-28,Medium,1200
8267,Ohafia,Abia,2024-09-06,Extra Large,3500
8268,Orlu,Imo,2025-04-15,Small,500
8269,Gumel,Jigawa,2025-08-11,Large,2200
8270,Lafia,Nasarawa,2025-03-10,Large,2200
8271,Pankshin,Plateau,2025-06-18,Medium,1200
8272,Sapele,Delta,2024-07-08,Small,500
8273,Monguno,Borno,2024-06-12,Extra Large,3500
8274,Gembu,Taraba,2026-02-20,Extra Large,3500
8275,Argungu,Kebbi,2025-11-29,Small,500
8276,Calabar,Cross River,2024-09-09,Large,2200
8277,Isuikwuato,Abia,2025-12-12,Large,2200
8278,Wudil,Kano,2024-05-11,Extra Large,3500
8279,Degema,Rivers,2025-06-07,Extra Large,3500
8280,Vandeikya,Benue,2025-05-24,Medium,1200
8281,Ogidi,Anambra,2025-12-11,Large,2200
8282,Sokoto,Sokoto,2025-04-19,Small,500
8283,Vandeikya,Benue,2025-05-11,Extra Large,3500
8284,Owerri,Imo,2025-06-28,Large,2200
8285,Udi,Enugu,2025-09-30,Small,500
8286,Birnin Kebbi,Kebbi,2025-11-25,Small,500
8287,Hadejia,Jigawa,2024-07-26,Extra Large,3500
8288,Shendam,Plateau,2025-10-29,Extra Large,3500
8289,Abakaliki,Ebonyi,2026-04-02,Small,500
8290,Eleme,Rivers,2026-02-12,Small,500
8291,Kaura Namoda,Zamfara,2024-09-06,Small,500
8292,Abak,Akwa Ibom,2025-07-08,Extra Large,3500
8293,Bali,Taraba,2024-09-05,Extra Large,3500
8294,Daura,Katsina,2025-06-06,Large,2200
8295,Ibadan,Oyo,2025-12-03,Extra Large,3500
8296,Gusau,Zamfara,2024-07-25,Medium,1200
8297,Idanre,Ondo,2024-07-30,Medium,1200
8298,Owerri,Imo,2024-09-24,Large,2200
8299,Hadejia,Jigawa,2024-08-22,Medium,1200
8300,Arochukwu,Abia,2025-06-12,Small,500
8301,Onitsha,Anambra,2026-01-09,Medium,1200
8302,Onitsha,Anambra,2024-05-22,Extra Large,3500
8303,Idah,Kogi,2026-04-13,Small,500
8304,Argungu,Kebbi,2025-05-01,Medium,1200
8305,Kano,Kano,2025-01-17,Small,500
8306,Wudil,Kano,2025-05-29,Small,500
8307,Kontagora,Niger,2025-03-02,Extra Large,3500
8308,Uyo,Akwa Ibom,2026-03-18,Large,2200
8309,Misau,Bauchi,2024-04-27,Large,2200
8310,Asaba,Delta,2024-12-02,Small,500
8311,Kontagora,Niger,2026-03-19,Medium,1200
8312,Udi,Enugu,2025-05-11,Medium,1200
8313,Ikom,Cross River,2025-11-20,Medium,1200
8314,Kaduna,Kaduna,2025-08-21,Small,500
8315,Argungu,Kebbi,2025-03-18,Medium,1200
8316,Auchi,Edo,2025-06-22,Small,500
8317,Epe,Lagos,2025-09-17,Medium,1200
8318,Yola,Adamawa,2025-05-14,Small,500
8319,Bauchi,Bauchi,2026-04-17,Medium,1200
8320,Birnin Kudu,Jigawa,2025-01-09,Large,2200
8321,Nsukka,Enugu,2025-05-25,Small,500
8322,Ikere-Ekiti,Ekiti,2024-09-27,Medium,1200
8323,Ikeja,Lagos,2024-07-08,Extra Large,3500
8324,Biu,Borno,2025-12-17,Medium,1200
8325,Oguta,Imo,2024-10-17,Large,2200
8326,Kabba,Kogi,2024-09-11,Large,2200
8327,Okene,Kogi,2024-12-02,Medium,1200
8328,Daura,Katsina,2025-12-26,Extra Large,3500
8329,Funtua,Katsina,2026-03-27,Extra Large,3500
8330,Akure,Ondo,2025-07-11,Medium,1200
8331,Birnin Kudu,Jigawa,2024-10-01,Extra Large,3500
8332,Ondo City,Ondo,2025-01-14,Large,2200
8333,Benin City,Edo,2024-07-29,Large,2200
8334,Mbaise,Imo,2025-07-25,Extra Large,3500
8335,Barkin Ladi,Plateau,2024-06-20,Large,2200
8336,Anka,Zamfara,2024-10-30,Medium,1200
8337,Barkin Ladi,Plateau,2025-01-31,Large,2200
8338,Minna,Niger,2026-02-16,Large,2200
8339,Uromi,Edo,2025-02-13,Extra Large,3500
8340,Badagry,Lagos,2024-06-26,Small,500
8341,Kagoro,Kaduna,2024-10-29,Extra Large,3500
8342,Onueke,Ebonyi,2025-03-03,Medium,1200
8343,Sokoto,Sokoto,2025-09-16,Extra Large,3500
8344,Sagamu,Ogun,2025-05-23,Small,500
8345,Kagoro,Kaduna,2024-06-17,Large,2200
8346,Biu,Gombe,2025-10-14,Extra Large,3500
8347,Ikeja,Lagos,2026-04-24,Large,2200
8348,Ilesa,Osun,2025-09-18,Extra Large,3500
8349,Owo,Ondo,2024-09-14,Medium,1200
8350,Okene,Kogi,2025-01-24,Extra Large,3500
8351,Akamkpa,Cross River,2025-08-20,Large,2200
8352,Orlu,Imo,2025-12-17,Large,2200
8353,Igbara-Odo,Ekiti,2025-07-13,Extra Large,3500
8354,Sapele,Delta,2025-02-27,Small,500
8355,Kabba,Kogi,2024-08-17,Small,500
8356,Ohaozara,Ebonyi,2026-04-22,Extra Large,3500
8357,Efon,Ekiti,2025-03-09,Medium,1200
8358,Yauri,Kebbi,2024-05-15,Medium,1200
8359,Danbatta,Kano,2025-07-12,Large,2200
8360,Gwadabawa,Sokoto,2024-06-22,Medium,1200
8361,Girei,Adamawa,2024-07-27,Small,500
8362,Rijau,Niger,2024-07-16,Medium,1200
8363,Rano,Kano,2025-06-01,Extra Large,3500
8364,Oguta,Imo,2024-06-14,Small,500
8365,Abeokuta,Ogun,2025-08-07,Large,2200
8366,Dukku,Gombe,2025-01-17,Small,500
8367,Katsina-Ala,Benue,2024-12-26,Medium,1200
8368,Ibadan,Oyo,2024-11-12,Small,500
8369,Owerri,Imo,2026-01-22,Extra Large,3500
8370,Oji River,Enugu,2024-10-09,Medium,1200
8371,Lafia,Nasarawa,2024-05-04,Extra Large,3500
8372,Abakaliki,Ebonyi,2025-01-27,Small,500
8373,Saminaka,Kaduna,2026-04-05,Extra Large,3500
8374,Shendam,Plateau,2025-01-28,Small,500
8375,Talata Mafara,Zamfara,2024-07-12,Extra Large,3500
8376,Saminaka,Kaduna,2026-03-04,Medium,1200
8377,Biu,Borno,2024-09-02,Small,500
8378,Danbatta,Kano,2025-10-11,Medium,1200
8379,Malumfashi,Katsina,2024-12-07,Extra Large,3500
8380,Ekpoma,Edo,2025-12-18,Large,2200
8381,Agbor,Delta,2025-04-19,Medium,1200
8382,Akwanga,Nasarawa,2025-05-18,Large,2200
8383,Suleja,Niger,2025-09-21,Medium,1200
8384,Katsina-Ala,Benue,2026-01-19,Medium,1200
8385,Katsina,Katsina,2025-06-04,Medium,1200
8386,Rijau,Niger,2025-07-15,Large,2200
8387,Sokoto,Sokoto,2026-02-11,Small,500
8388,Uromi,Edo,2024-08-29,Extra Large,3500
8389,Rano,Kano,2026-03-19,Extra Large,3500
8390,Nembe,Bayelsa,2025-02-05,Extra Large,3500
8391,Osogbo,Osun,2025-01-04,Extra Large,3500
8392,Talata Mafara,Zamfara,2025-10-20,Medium,1200
8393,Okene,Kogi,2026-04-04,Small,500
8394,Uyo,Akwa Ibom,2025-05-20,Extra Large,3500
8395,Otukpo,Benue,2025-07-05,Large,2200
8396,Yola,Adamawa,2026-01-08,Extra Large,3500
8397,Oguta,Imo,2025-04-10,Large,2200
8398,Uyo,Akwa Ibom,2024-07-29,Medium,1200
8399,Biu,Gombe,2024-05-03,Large,2200
8400,Zaria,Kaduna,2025-05-07,Extra Large,3500
8401,Ilaro,Ogun,2024-08-18,Medium,1200
8402,Saminaka,Kaduna,2024-07-28,Small,500
8403,Kano,Kano,2025-01-28,Large,2200
8404,Yenagoa,Bayelsa,2025-10-16,Small,500
8405,Ikare,Ondo,2024-06-04,Medium,1200
8406,Uyo,Akwa Ibom,2025-10-09,Large,2200
8407,Damaturu,Yobe,2026-04-09,Small,500
8408,Minna,Niger,2025-09-26,Large,2200
8409,Yenagoa,Bayelsa,2024-10-26,Small,500
8410,Daura,Katsina,2025-07-15,Small,500
8411,Agbor,Delta,2025-09-25,Extra Large,3500
8412,Abeokuta,Ogun,2024-09-07,Extra Large,3500
8413,Damaturu,Yobe,2026-04-17,Small,500
8414,Eket,Akwa Ibom,2025-12-01,Large,2200
8415,Asaba,Delta,2025-04-29,Medium,1200
8416,Birnin Kudu,Jigawa,2024-11-14,Large,2200
8417,Dutsin-Ma,Katsina,2025-03-05,Large,2200
8418,Asaba,Delta,2026-03-16,Medium,1200
8419,Argungu,Kebbi,2026-01-31,Small,500
8420,Akure,Ondo,2025-12-13,Extra Large,3500
8421,Katsina-Ala,Benue,2024-12-06,Small,500
8422,Udi,Enugu,2026-01-14,Extra Large,3500
8423,Awka,Anambra,2026-03-20,Large,2200
8424,Jos,Plateau,2025-02-18,Small,500
8425,Port Harcourt,Rivers,2024-12-11,Medium,1200
8426,Calabar,Cross River,2024-07-01,Large,2200
8427,Mubi,Adamawa,2024-06-24,Large,2200
8428,Ibadan,Oyo,2025-10-12,Medium,1200
8429,Gembu,Taraba,2026-03-18,Small,500
8430,Kano,Kano,2024-08-25,Small,500
8431,Akamkpa,Cross River,2024-06-07,Extra Large,3500
8432,Funtua,Katsina,2025-10-22,Medium,1200
8433,Port Harcourt,Rivers,2025-06-06,Medium,1200
8434,Ikare,Ondo,2025-04-22,Large,2200
8435,Degema,Rivers,2026-01-26,Large,2200
8436,Ondo City,Ondo,2026-03-31,Small,500
8437,Oguta,Imo,2025-03-02,Small,500
8438,Oron,Akwa Ibom,2025-05-03,Large,2200
8439,Gwoza,Borno,2025-10-13,Small,500
8440,Wudil,Kano,2025-04-12,Medium,1200
8441,Asaba,Delta,2025-05-08,Large,2200
8442,Kano,Kano,2026-04-26,Small,500
8443,Owerri,Imo,2026-02-05,Large,2200
8444,Agbani,Enugu,2025-09-19,Small,500
8445,Ota,Ogun,2025-02-17,Extra Large,3500
8446,Uromi,Edo,2025-07-21,Small,500
8447,Ota,Ogun,2026-02-21,Large,2200
8448,Omu-Aran,Kwara,2025-10-24,Medium,1200
8449,Argungu,Kebbi,2025-10-01,Extra Large,3500
8450,Katsina,Katsina,2025-09-22,Small,500
8451,Ogoja,Cross River,2025-10-27,Large,2200
8452,Port Harcourt,Rivers,2024-10-22,Extra Large,3500
8453,Buni Yadi,Yobe,2025-10-19,Large,2200
8454,Gembu,Taraba,2026-03-23,Large,2200
8455,Ikare,Ondo,2025-12-19,Large,2200
8456,Illela,Sokoto,2026-01-30,Medium,1200
8457,Awka,Anambra,2025-05-18,Large,2200
8458,Vandeikya,Benue,2025-07-16,Large,2200
8459,Ikare,Ondo,2025-07-14,Large,2200
8460,Suleja,Niger,2026-04-02,Large,2200
8461,Ikorodu,Lagos,2025-09-02,Large,2200
8462,Warri,Delta,2026-01-31,Extra Large,3500
8463,Oporoma,Bayelsa,2025-05-14,Medium,1200
8464,Nassarawa,Nasarawa,2024-10-08,Medium,1200
8465,Epe,Lagos,2024-06-20,Large,2200
8466,Numan,Adamawa,2025-12-31,Extra Large,3500
8467,Arochukwu,Abia,2025-05-07,Small,500
8468,Uyo,Akwa Ibom,2026-03-24,Large,2200
8469,Kaduna,Kaduna,2025-03-02,Medium,1200
8470,Arochukwu,Abia,2025-01-29,Extra Large,3500
8471,Ekpoma,Edo,2025-01-24,Small,500
8472,Gwadabawa,Sokoto,2024-07-18,Small,500
8473,Aba,Abia,2026-02-24,Extra Large,3500
8474,Ota,Ogun,2024-10-26,Small,500
8475,Kaduna,Kaduna,2025-05-26,Extra Large,3500
8476,Akamkpa,Cross River,2025-11-08,Medium,1200
8477,Arochukwu,Abia,2024-07-22,Extra Large,3500
8478,Afikpo,Ebonyi,2024-12-01,Small,500
8479,Monguno,Borno,2024-11-27,Medium,1200
8480,Ikom,Cross River,2024-09-29,Medium,1200
8481,Talata Mafara,Zamfara,2025-10-18,Medium,1200
8482,Irrua,Edo,2025-06-16,Medium,1200
8483,Kano,Kano,2024-10-02,Large,2200
8484,Pankshin,Plateau,2024-12-05,Medium,1200
8485,Wukari,Taraba,2026-03-10,Large,2200
8486,Katsina,Katsina,2025-08-10,Small,500
8487,Kaduna,Kaduna,2025-12-21,Small,500
8488,Anka,Zamfara,2024-05-22,Extra Large,3500
8489,Biu,Borno,2025-03-31,Large,2200
8490,Makurdi,Benue,2025-07-22,Medium,1200
8491,Ilorin,Kwara,2025-04-18,Large,2200
8492,Omuo-Ekiti,Ekiti,2025-01-12,Extra Large,3500
8493,Warri,Delta,2025-07-20,Medium,1200
8494,Arochukwu,Abia,2024-12-23,Large,2200
8495,Monguno,Borno,2025-01-10,Extra Large,3500
8496,Gusau,Zamfara,2024-04-30,Extra Large,3500
8497,Wukari,Taraba,2026-02-06,Small,500
8498,Akamkpa,Cross River,2024-09-10,Small,500
8499,Bauchi,Bauchi,2025-01-11,Large,2200
8500,Vandeikya,Benue,2024-07-10,Large,2200
8501,Okene,Kogi,2025-04-21,Large,2200
8502,Jamaare,Bauchi,2024-06-27,Large,2200
8503,Akamkpa,Cross River,2025-05-07,Small,500
8504,Gumel,Jigawa,2024-08-17,Extra Large,3500
8505,Kaura Namoda,Zamfara,2024-07-26,Extra Large,3500
8506,Wudil,Kano,2025-04-18,Small,500
8507,Benin City,Edo,2024-08-18,Medium,1200
8508,Girei,Adamawa,2025-08-19,Medium,1200
8509,Kaiama,Kwara,2024-10-09,Small,500
8510,Deba,Gombe,2025-02-10,Small,500
8511,Asaba,Delta,2024-12-01,Medium,1200
8512,Ilesa,Osun,2025-03-06,Medium,1200
8513,Rijau,Niger,2024-09-07,Small,500
8514,Yauri,Kebbi,2025-12-11,Large,2200
8515,Kaiama,Kwara,2024-07-15,Large,2200
8516,Katsina,Katsina,2025-03-13,Large,2200
8517,Irrua,Edo,2025-12-31,Small,500
8518,Ota,Ogun,2024-08-23,Extra Large,3500
8519,Nnewi,Anambra,2025-01-10,Large,2200
8520,Agbor,Delta,2025-03-10,Extra Large,3500
8521,Arochukwu,Abia,2025-01-14,Small,500
8522,Ekwulobia,Anambra,2026-01-23,Large,2200
8523,Ilaro,Ogun,2024-09-19,Medium,1200
8524,Deba,Gombe,2024-09-12,Large,2200
8525,Epe,Lagos,2024-05-26,Small,500
8526,Oporoma,Bayelsa,2025-02-09,Large,2200
8527,Ughelli,Delta,2025-10-22,Extra Large,3500
8528,Brass,Bayelsa,2026-02-14,Extra Large,3500
8529,Gusau,Zamfara,2024-08-22,Large,2200
8530,Gusau,Zamfara,2024-09-19,Medium,1200
8531,Offa,Kwara,2025-04-12,Small,500
8532,Wamako,Sokoto,2025-08-26,Medium,1200
8533,Langtang,Plateau,2024-11-07,Medium,1200
8534,Bida,Niger,2025-02-28,Large,2200
8535,Malumfashi,Katsina,2025-06-03,Extra Large,3500
8536,Ekpoma,Edo,2025-12-02,Small,500
8537,Gashua,Yobe,2025-10-01,Medium,1200
8538,Orlu,Imo,2024-12-20,Large,2200
8539,Auchi,Edo,2025-11-06,Large,2200
8540,Sokoto,Sokoto,2026-01-31,Small,500
8541,Kaduna,Kaduna,2025-04-28,Extra Large,3500
8542,Ogoja,Cross River,2026-03-03,Small,500
8543,Idah,Kogi,2026-01-03,Medium,1200
8544,Rijau,Niger,2025-02-05,Small,500
8545,Kamba,Kebbi,2024-07-16,Large,2200
8546,Zuru,Kebbi,2024-07-14,Large,2200
8547,Girei,Adamawa,2024-05-12,Medium,1200
8548,Eleme,Rivers,2024-08-18,Extra Large,3500
8549,Umuahia,Abia,2025-04-27,Large,2200
8550,Onueke,Ebonyi,2025-11-08,Extra Large,3500
8551,Onitsha,Anambra,2024-10-16,Medium,1200
8552,Biu,Gombe,2025-09-04,Large,2200
8553,Bichi,Kano,2025-01-02,Medium,1200
8554,Gombe,Gombe,2026-04-10,Large,2200
8555,Potiskum,Yobe,2025-10-18,Extra Large,3500
8556,Gombe,Gombe,2025-03-10,Large,2200
8557,Mubi,Adamawa,2024-11-24,Extra Large,3500
8558,Suleja,Niger,2025-04-17,Small,500
8559,Ile-Ife,Osun,2025-11-04,Small,500
8560,Bori,Rivers,2024-10-25,Medium,1200
8561,Ikom,Cross River,2024-08-16,Small,500
8562,Katsina,Katsina,2025-05-05,Extra Large,3500
8563,Saki,Oyo,2024-10-26,Medium,1200
8564,Monguno,Borno,2025-11-08,Medium,1200
8565,Uromi,Edo,2026-01-18,Extra Large,3500
8566,Oji River,Enugu,2026-04-23,Small,500
8567,Suleja,Niger,2024-10-24,Medium,1200
8568,Ilorin,Kwara,2025-12-17,Medium,1200
8569,Biu,Borno,2024-09-19,Medium,1200
8570,Sokoto,Sokoto,2025-09-25,Large,2200
8571,Gashua,Yobe,2025-12-10,Small,500
8572,Auchi,Edo,2025-09-21,Small,500
8573,Abeokuta,Ogun,2025-04-29,Small,500
8574,Vandeikya,Benue,2024-09-06,Medium,1200
8575,Orlu,Imo,2026-04-22,Large,2200
8576,Deba,Gombe,2025-07-03,Extra Large,3500
8577,Nembe,Bayelsa,2025-08-03,Small,500
8578,Aba,Abia,2024-10-11,Small,500
8579,Irrua,Edo,2024-08-01,Large,2200
8580,Akure,Ondo,2024-05-25,Extra Large,3500
8581,Warri,Delta,2026-04-20,Large,2200
8582,Akwanga,Nasarawa,2026-03-07,Extra Large,3500
8583,Jamaare,Bauchi,2025-03-04,Large,2200
8584,Jebba,Kwara,2025-07-21,Large,2200
8585,Arochukwu,Abia,2024-07-02,Medium,1200
8586,Gombe,Gombe,2024-06-03,Large,2200
8587,Offa,Kwara,2025-02-18,Medium,1200
8588,Gombe,Gombe,2024-12-07,Extra Large,3500
8589,Iseyin,Oyo,2025-08-02,Small,500
8590,Bichi,Kano,2024-10-13,Extra Large,3500
8591,Danbatta,Kano,2024-12-28,Large,2200
8592,Mbaise,Imo,2025-04-12,Small,500
8593,Dikwa,Borno,2025-05-04,Large,2200
8594,Offa,Kwara,2025-08-10,Small,500
8595,Oporoma,Bayelsa,2024-12-05,Extra Large,3500
8596,Ikare,Ondo,2024-11-09,Extra Large,3500
8597,Lokoja,Kogi,2024-11-18,Large,2200
8598,Uromi,Edo,2025-01-08,Extra Large,3500
8599,Azare,Bauchi,2025-02-26,Small,500
8600,Ishieke,Ebonyi,2024-12-16,Small,500
8601,Zuru,Kebbi,2024-05-31,Small,500
8602,Abeokuta,Ogun,2024-05-26,Small,500
8603,Warri,Delta,2024-06-04,Medium,1200
8604,Bauchi,Bauchi,2025-10-23,Extra Large,3500
8605,Shendam,Plateau,2024-09-28,Extra Large,3500
8606,Girei,Adamawa,2025-04-07,Extra Large,3500
8607,Ondo City,Ondo,2026-02-20,Large,2200
8608,Orlu,Imo,2024-07-09,Medium,1200
8609,Igbara-Odo,Ekiti,2024-09-09,Small,500
8610,Gashua,Yobe,2026-03-21,Medium,1200
8611,Azare,Bauchi,2025-01-17,Extra Large,3500
8612,Bali,Taraba,2024-12-05,Large,2200
8613,Ijebu-Ode,Ogun,2024-07-06,Extra Large,3500
8614,Yenagoa,Bayelsa,2024-05-06,Large,2200
8615,Agbor,Delta,2025-06-04,Large,2200
8616,Ado-Ekiti,Ekiti,2026-01-17,Small,500
8617,Mubi,Adamawa,2024-12-25,Extra Large,3500
8618,Okene,Kogi,2025-10-20,Medium,1200
8619,Owerri,Imo,2025-01-16,Medium,1200
8620,Sapele,Delta,2025-11-17,Extra Large,3500
8621,Jebba,Kwara,2025-05-18,Extra Large,3500
8622,Wamba,Nasarawa,2025-01-23,Medium,1200
8623,Obudu,Cross River,2025-08-15,Large,2200
8624,Katsina-Ala,Benue,2024-09-27,Medium,1200
8625,Degema,Rivers,2025-02-01,Large,2200
8626,Misau,Bauchi,2026-02-04,Medium,1200
8627,Wukari,Taraba,2024-07-31,Small,500
8628,Makurdi,Benue,2025-10-21,Large,2200
8629,Girei,Adamawa,2024-07-23,Large,2200
8630,Ohaozara,Ebonyi,2025-06-29,Extra Large,3500
8631,Wudil,Kano,2026-02-22,Extra Large,3500
8632,Ile-Ife,Osun,2025-08-18,Large,2200
8633,Azare,Bauchi,2024-09-13,Extra Large,3500
8634,Ekpoma,Edo,2025-09-24,Large,2200
8635,Offa,Kwara,2026-03-04,Medium,1200
8636,Bori,Rivers,2024-06-20,Extra Large,3500
8637,Zuru,Kebbi,2025-05-31,Extra Large,3500
8638,Sagamu,Ogun,2025-01-02,Extra Large,3500
8639,Wamako,Sokoto,2025-10-09,Extra Large,3500
8640,Afikpo,Ebonyi,2026-04-20,Large,2200
8641,Bichi,Kano,2024-09-21,Small,500
8642,Numan,Adamawa,2025-10-05,Extra Large,3500
8643,Ogoja,Cross River,2024-05-29,Small,500
8644,Ota,Ogun,2024-09-14,Medium,1200
8645,Sagamu,Ogun,2025-06-03,Extra Large,3500
8646,Gashua,Yobe,2024-10-28,Small,500
8647,Asaba,Delta,2026-01-28,Extra Large,3500
8648,Obudu,Cross River,2026-01-10,Extra Large,3500
8649,Omoku,Rivers,2026-02-18,Medium,1200
8650,Birnin Kebbi,Kebbi,2026-04-09,Extra Large,3500
8651,Agbani,Enugu,2026-02-10,Large,2200
8652,Calabar,Cross River,2025-03-20,Medium,1200
8653,Monguno,Borno,2025-10-03,Extra Large,3500
8654,Lagos,Lagos,2026-02-21,Medium,1200
8655,Warri,Delta,2024-06-15,Large,2200
8656,Degema,Rivers,2025-02-27,Small,500
8657,Bichi,Kano,2026-03-08,Extra Large,3500
8658,Ogbomoso,Oyo,2025-04-30,Large,2200
8659,Dikwa,Borno,2024-05-12,Large,2200
8660,Ekwulobia,Anambra,2025-07-08,Small,500
8661,Nsukka,Enugu,2025-09-18,Medium,1200
8662,Sagbama,Bayelsa,2024-07-30,Extra Large,3500
8663,Talata Mafara,Zamfara,2024-05-30,Medium,1200
8664,Igbara-Odo,Ekiti,2025-06-14,Medium,1200
8665,Ogidi,Anambra,2025-11-28,Large,2200
8666,Birnin Kebbi,Kebbi,2025-09-16,Extra Large,3500
8667,Degema,Rivers,2025-10-20,Extra Large,3500
8668,Arochukwu,Abia,2025-02-11,Medium,1200
8669,Ijebu-Ode,Ogun,2025-09-09,Medium,1200
8670,Mutum Biyu,Taraba,2026-01-23,Medium,1200
8671,Aba,Abia,2026-04-07,Small,500
8672,Ikom,Cross River,2024-08-25,Small,500
8673,Ogidi,Anambra,2025-10-27,Large,2200
8674,Wamako,Sokoto,2025-02-01,Medium,1200
8675,Akwanga,Nasarawa,2025-11-17,Medium,1200
8676,Nsukka,Enugu,2025-02-14,Extra Large,3500
8677,Ejigbo,Osun,2024-11-11,Extra Large,3500
8678,Futungo,Adamawa,2024-09-08,Medium,1200
8679,Buni Yadi,Yobe,2024-08-21,Extra Large,3500
8680,Port Harcourt,Rivers,2024-10-03,Medium,1200
8681,Lafia,Nasarawa,2025-09-18,Large,2200
8682,Birnin Kudu,Jigawa,2026-01-29,Large,2200
8683,Idanre,Ondo,2025-11-25,Medium,1200
8684,Futungo,Adamawa,2025-03-25,Large,2200
8685,Sagamu,Ogun,2025-09-26,Small,500
8686,Biu,Borno,2025-05-15,Medium,1200
8687,Birnin Kudu,Jigawa,2024-12-04,Large,2200
8688,Nembe,Bayelsa,2024-10-05,Medium,1200
8689,Lagos,Lagos,2025-09-26,Small,500
8690,Bauchi,Bauchi,2025-06-04,Large,2200
8691,Danbatta,Kano,2024-08-30,Small,500
8692,Pankshin,Plateau,2024-05-30,Small,500
8693,Damaturu,Yobe,2024-10-18,Medium,1200
8694,Gembu,Taraba,2024-05-25,Small,500
8695,Bichi,Kano,2024-08-13,Small,500
8696,Nnewi,Anambra,2026-02-01,Small,500
8697,Zaria,Kaduna,2026-03-05,Small,500
8698,Kaiama,Kwara,2024-11-10,Extra Large,3500
8699,Wamako,Sokoto,2025-11-25,Small,500
8700,Agbani,Enugu,2025-08-09,Medium,1200
8701,Jalingo,Taraba,2024-10-26,Large,2200
8702,Tambuwal,Sokoto,2025-12-19,Extra Large,3500
8703,Malumfashi,Katsina,2025-05-22,Large,2200
8704,Jebba,Kwara,2024-04-28,Small,500
8705,Ado-Ekiti,Ekiti,2025-01-05,Small,500
8706,Katsina-Ala,Benue,2025-07-13,Large,2200
8707,Akwanga,Nasarawa,2025-01-21,Extra Large,3500
8708,Gwoza,Borno,2024-06-26,Extra Large,3500
8709,Anka,Zamfara,2025-09-24,Small,500
8710,Nembe,Bayelsa,2025-06-02,Small,500
8711,Ughelli,Delta,2025-10-06,Small,500
8712,Rijau,Niger,2025-02-19,Medium,1200
8713,Jos,Plateau,2025-07-17,Extra Large,3500
8714,Yenagoa,Bayelsa,2024-12-20,Large,2200
8715,Mutum Biyu,Taraba,2024-06-07,Extra Large,3500
8716,Mutum Biyu,Taraba,2025-12-14,Small,500
8717,Nembe,Bayelsa,2025-12-20,Extra Large,3500
8718,Nassarawa,Nasarawa,2024-10-04,Large,2200
8719,Wukari,Taraba,2026-04-02,Medium,1200
8720,Ohaozara,Ebonyi,2024-09-03,Small,500
8721,Jos,Plateau,2026-04-07,Large,2200
8722,Numan,Adamawa,2025-05-24,Medium,1200
8723,Ikeja,Lagos,2026-04-12,Large,2200
8724,Jebba,Kwara,2025-11-16,Small,500
8725,Kaiama,Kwara,2025-11-18,Large,2200
8726,Ile-Ife,Osun,2024-07-13,Large,2200
8727,Okigwe,Imo,2025-10-24,Medium,1200
8728,Oguta,Imo,2025-01-31,Medium,1200
8729,Wudil,Kano,2025-08-17,Extra Large,3500
8730,Suleja,Niger,2026-01-22,Small,500
8731,Iseyin,Oyo,2025-08-03,Large,2200
8732,Gusau,Zamfara,2025-06-03,Small,500
8733,Ankpa,Kogi,2025-12-15,Large,2200
8734,Ikare,Ondo,2024-10-05,Extra Large,3500
8735,Enugu,Enugu,2024-11-09,Medium,1200
8736,Umuahia,Abia,2025-06-26,Large,2200
8737,Nsukka,Enugu,2025-12-08,Extra Large,3500
8738,Uromi,Edo,2025-10-29,Extra Large,3500
8739,Idanre,Ondo,2024-08-18,Medium,1200
8740,Gumel,Jigawa,2024-10-13,Small,500
8741,Lagos,Lagos,2025-10-09,Medium,1200
8742,Argungu,Kebbi,2025-01-21,Large,2200
8743,Malumfashi,Katsina,2026-02-15,Small,500
8744,Owerri,Imo,2024-07-04,Extra Large,3500
8745,Ado-Ekiti,Ekiti,2024-09-06,Extra Large,3500
8746,Calabar,Cross River,2024-09-09,Extra Large,3500
8747,Dukku,Gombe,2026-01-17,Medium,1200
8748,Langtang,Plateau,2024-09-12,Extra Large,3500
8749,Ibadan,Oyo,2025-04-20,Small,500
8750,Wamako,Sokoto,2025-10-12,Medium,1200
8751,Argungu,Kebbi,2025-08-13,Extra Large,3500
8752,Gwadabawa,Sokoto,2024-05-12,Medium,1200
8753,Isuikwuato,Abia,2024-08-24,Small,500
8754,Arochukwu,Abia,2024-09-03,Small,500
8755,Asaba,Delta,2025-02-09,Small,500
8756,Sapele,Delta,2025-07-15,Medium,1200
8757,Omuo-Ekiti,Ekiti,2024-06-16,Large,2200
8758,Omoku,Rivers,2024-06-18,Small,500
8759,Kaiama,Kwara,2024-10-23,Extra Large,3500
8760,Jos,Plateau,2026-02-20,Extra Large,3500
8761,Dikwa,Borno,2026-04-06,Extra Large,3500
8762,Katsina-Ala,Benue,2024-07-09,Large,2200
8763,Owo,Ondo,2025-05-17,Extra Large,3500
8764,Kontagora,Niger,2025-10-10,Extra Large,3500
8765,Kano,Kano,2025-12-08,Extra Large,3500
8766,Wukari,Taraba,2025-07-12,Medium,1200
8767,Bichi,Kano,2025-01-28,Small,500
8768,Futungo,Adamawa,2024-05-12,Large,2200
8769,Warri,Delta,2025-12-22,Large,2200
8770,Obudu,Cross River,2025-11-06,Large,2200
8771,Igbara-Odo,Ekiti,2025-08-11,Medium,1200
8772,Auchi,Edo,2024-05-28,Small,500
8773,Misau,Bauchi,2024-10-25,Medium,1200
8774,Arochukwu,Abia,2024-06-27,Small,500
8775,Badagry,Lagos,2024-08-09,Extra Large,3500
8776,Mbaise,Imo,2025-07-29,Small,500
8777,Monguno,Borno,2024-05-06,Extra Large,3500
8778,Maiduguri,Borno,2026-04-03,Large,2200
8779,Uyo,Akwa Ibom,2026-03-28,Small,500
8780,Dass,Bauchi,2024-07-13,Medium,1200
8781,Abeokuta,Ogun,2025-10-17,Small,500
8782,Sokoto,Sokoto,2024-12-30,Medium,1200
8783,Bida,Niger,2025-09-26,Medium,1200
8784,Kazaure,Jigawa,2024-09-21,Large,2200
8785,Saki,Oyo,2025-04-13,Medium,1200
8786,Kaltungo,Gombe,2025-06-12,Large,2200
8787,Illela,Sokoto,2025-03-17,Medium,1200
8788,Kaiama,Kwara,2024-08-24,Small,500
8789,Benin City,Edo,2024-12-25,Large,2200
8790,Kontagora,Niger,2024-08-17,Small,500
8791,Kazaure,Jigawa,2024-06-06,Medium,1200
8792,Gwadabawa,Sokoto,2025-09-14,Extra Large,3500
8793,Wudil,Kano,2025-07-29,Medium,1200
8794,Mubi,Adamawa,2024-07-25,Small,500
8795,Omoku,Rivers,2025-12-21,Extra Large,3500
8796,Owo,Ondo,2024-07-11,Medium,1200
8797,Wukari,Taraba,2024-11-29,Large,2200
8798,Rijau,Niger,2025-05-05,Large,2200
8799,Birnin Kudu,Jigawa,2025-12-29,Medium,1200
8800,Omoku,Rivers,2024-08-08,Large,2200
8801,Aba,Abia,2026-02-22,Small,500
8802,Asaba,Delta,2024-05-14,Extra Large,3500
8803,Awka,Anambra,2025-03-05,Large,2200
8804,Lafia,Nasarawa,2024-08-12,Large,2200
8805,Nembe,Bayelsa,2025-08-19,Small,500
8806,Anka,Zamfara,2024-10-09,Large,2200
8807,Nsukka,Enugu,2026-01-29,Extra Large,3500
8808,Gwoza,Borno,2025-02-02,Medium,1200
8809,Onitsha,Anambra,2026-02-02,Medium,1200
8810,Zuru,Kebbi,2025-12-19,Medium,1200
8811,Wamba,Nasarawa,2024-07-18,Medium,1200
8812,Aba,Abia,2024-08-28,Small,500
8813,Awka,Anambra,2024-07-16,Small,500
8814,Gembu,Taraba,2024-07-10,Medium,1200
8815,Jamaare,Bauchi,2026-03-26,Extra Large,3500
8816,Jalingo,Taraba,2025-01-13,Small,500
8817,Dutsin-Ma,Katsina,2025-07-21,Small,500
8818,Irrua,Edo,2024-07-22,Medium,1200
8819,Idah,Kogi,2026-03-02,Small,500
8820,Ankpa,Kogi,2026-02-28,Medium,1200
8821,Ogidi,Anambra,2026-02-10,Medium,1200
8822,Nnewi,Anambra,2025-07-12,Medium,1200
8823,Ede,Osun,2024-09-04,Extra Large,3500
8824,Brass,Bayelsa,2025-05-19,Extra Large,3500
8825,Suleja,Niger,2025-07-09,Small,500
8826,Sokoto,Sokoto,2025-09-05,Medium,1200
8827,Obudu,Cross River,2024-08-14,Small,500
8828,Jebba,Kwara,2025-08-27,Large,2200
8829,Oyo Town,Oyo,2024-12-03,Extra Large,3500
8830,Ohafia,Abia,2025-12-15,Medium,1200
8831,Bauchi,Bauchi,2025-01-06,Small,500
8832,Jebba,Kwara,2024-07-11,Medium,1200
8833,Owerri,Imo,2026-02-25,Extra Large,3500
8834,Omoku,Rivers,2025-08-23,Extra Large,3500
8835,Wamako,Sokoto,2026-03-09,Medium,1200
8836,Vandeikya,Benue,2025-12-10,Small,500
8837,Daura,Katsina,2025-09-28,Extra Large,3500
8838,Deba,Gombe,2024-06-21,Extra Large,3500
8839,Ilorin,Kwara,2024-04-28,Small,500
8840,Kontagora,Niger,2026-03-10,Extra Large,3500
8841,Jos,Plateau,2024-08-13,Extra Large,3500
8842,Langtang,Plateau,2025-08-19,Medium,1200
8843,Gembu,Taraba,2024-12-17,Medium,1200
8844,Ijebu-Ode,Ogun,2025-02-06,Extra Large,3500
8845,Buni Yadi,Yobe,2025-10-06,Large,2200
8846,Yola,Adamawa,2025-11-22,Extra Large,3500
8847,Ohaozara,Ebonyi,2025-04-11,Extra Large,3500
8848,Irrua,Edo,2024-06-15,Medium,1200
8849,Uromi,Edo,2025-06-23,Extra Large,3500
8850,Ikare,Ondo,2026-03-29,Small,500
8851,Igbara-Odo,Ekiti,2024-11-16,Extra Large,3500
8852,Oporoma,Bayelsa,2024-07-02,Large,2200
8853,Afikpo,Ebonyi,2026-04-24,Small,500
8854,Oyo Town,Oyo,2024-09-06,Medium,1200
8855,Kamba,Kebbi,2025-02-02,Small,500
8856,Ogoja,Cross River,2024-12-16,Large,2200
8857,Langtang,Plateau,2025-03-02,Extra Large,3500
8858,Ughelli,Delta,2025-09-15,Large,2200
8859,Degema,Rivers,2025-02-23,Large,2200
8860,Futungo,Adamawa,2025-11-28,Medium,1200
8861,Anka,Zamfara,2024-12-26,Small,500
8862,Birnin Kebbi,Kebbi,2025-12-04,Small,500
8863,Kano,Kano,2025-08-18,Extra Large,3500
8864,Katsina-Ala,Benue,2024-10-23,Large,2200
8865,Shendam,Plateau,2025-02-27,Medium,1200
8866,Azare,Bauchi,2025-04-25,Large,2200
8867,Bida,Niger,2025-05-22,Small,500
8868,Buni Yadi,Yobe,2025-05-21,Extra Large,3500
8869,Yenagoa,Bayelsa,2025-12-18,Large,2200
8870,Mutum Biyu,Taraba,2025-02-02,Small,500
8871,Nnewi,Anambra,2025-06-25,Small,500
8872,Isuikwuato,Abia,2025-03-01,Medium,1200
8873,Gumel,Jigawa,2025-06-23,Medium,1200
8874,Mutum Biyu,Taraba,2025-09-15,Extra Large,3500
8875,Kaiama,Kwara,2025-10-25,Small,500
8876,Gombe,Gombe,2025-09-22,Medium,1200
8877,Ado-Ekiti,Ekiti,2024-10-15,Small,500
8878,Otukpo,Benue,2024-04-29,Large,2200
8879,Aba,Abia,2026-04-23,Extra Large,3500
8880,Oron,Akwa Ibom,2024-05-09,Large,2200
8881,Ishieke,Ebonyi,2025-06-09,Small,500
8882,Rijau,Niger,2026-03-28,Large,2200
8883,Warri,Delta,2026-03-01,Medium,1200
8884,Biu,Gombe,2024-06-09,Extra Large,3500
8885,Enugu,Enugu,2025-01-07,Small,500
8886,Keffi,Nasarawa,2026-01-07,Small,500
8887,Arochukwu,Abia,2026-01-20,Medium,1200
8888,Mubi,Adamawa,2025-12-16,Large,2200
8889,Uromi,Edo,2024-11-28,Extra Large,3500
8890,Ogoja,Cross River,2024-08-10,Extra Large,3500
8891,Ikeja,Lagos,2026-01-10,Extra Large,3500
8892,Kano,Kano,2026-04-07,Large,2200
8893,Port Harcourt,Rivers,2026-02-23,Large,2200
8894,Malumfashi,Katsina,2024-10-21,Large,2200
8895,Ilaro,Ogun,2025-12-23,Large,2200
8896,Ekwulobia,Anambra,2024-06-06,Extra Large,3500
8897,Agbani,Enugu,2024-08-05,Large,2200
8898,Gumel,Jigawa,2026-03-31,Medium,1200
8899,Gumel,Jigawa,2025-09-23,Small,500
8900,Kagoro,Kaduna,2025-01-27,Extra Large,3500
8901,Tsafe,Zamfara,2024-05-16,Extra Large,3500
8902,Jebba,Kwara,2026-04-02,Medium,1200
8903,Saminaka,Kaduna,2025-01-23,Medium,1200
8904,Rano,Kano,2025-09-21,Medium,1200
8905,Jebba,Kwara,2025-08-24,Extra Large,3500
8906,Ohaozara,Ebonyi,2024-06-19,Extra Large,3500
8907,Oji River,Enugu,2025-12-30,Extra Large,3500
8908,Dutsin-Ma,Katsina,2026-01-23,Large,2200
8909,Orlu,Imo,2024-05-19,Small,500
8910,Iseyin,Oyo,2025-01-18,Large,2200
8911,Mutum Biyu,Taraba,2024-06-23,Small,500
8912,Illela,Sokoto,2024-06-22,Large,2200
8913,Orlu,Imo,2025-06-17,Extra Large,3500
8914,Talata Mafara,Zamfara,2025-12-12,Large,2200
8915,Daura,Katsina,2024-08-14,Extra Large,3500
8916,Ankpa,Kogi,2024-09-07,Small,500
8917,Ilorin,Kwara,2025-10-22,Large,2200
8918,Birnin Kebbi,Kebbi,2025-10-25,Large,2200
8919,Abak,Akwa Ibom,2025-09-19,Medium,1200
8920,Gashua,Yobe,2024-12-01,Extra Large,3500
8921,Ogbomoso,Oyo,2025-02-21,Small,500
8922,Ekwulobia,Anambra,2024-12-29,Medium,1200
8923,Zaria,Kaduna,2025-11-19,Medium,1200
8924,Oron,Akwa Ibom,2025-09-17,Extra Large,3500
8925,Deba,Gombe,2024-11-22,Medium,1200
8926,Yauri,Kebbi,2024-08-18,Large,2200
8927,Umuahia,Abia,2026-01-31,Small,500
8928,Dass,Bauchi,2024-05-20,Medium,1200
8929,Ankpa,Kogi,2025-10-28,Large,2200
8930,Monguno,Borno,2025-04-29,Small,500
8931,Calabar,Cross River,2024-05-04,Large,2200
8932,Lokoja,Kogi,2025-12-26,Medium,1200
8933,Gusau,Zamfara,2025-09-06,Large,2200
8934,Agbani,Enugu,2026-01-27,Medium,1200
8935,Azare,Bauchi,2025-06-06,Extra Large,3500
8936,Hadejia,Jigawa,2025-12-24,Medium,1200
8937,Eleme,Rivers,2026-02-27,Large,2200
8938,Ado-Ekiti,Ekiti,2025-04-28,Small,500
8939,Biu,Borno,2025-09-27,Medium,1200
8940,Jebba,Kwara,2025-03-02,Small,500
8941,Zaria,Kaduna,2024-08-19,Extra Large,3500
8942,Offa,Kwara,2026-04-08,Extra Large,3500
8943,Hadejia,Jigawa,2025-05-13,Extra Large,3500
8944,Keffi,Nasarawa,2026-04-11,Large,2200
8945,Maiduguri,Borno,2024-07-27,Large,2200
8946,Omoku,Rivers,2024-09-28,Medium,1200
8947,Anka,Zamfara,2025-07-23,Large,2200
8948,Bichi,Kano,2024-10-04,Small,500
8949,Kazaure,Jigawa,2024-09-08,Small,500
8950,Nembe,Bayelsa,2025-10-24,Medium,1200
8951,Birnin Kebbi,Kebbi,2025-06-09,Small,500
8952,Pankshin,Plateau,2026-01-02,Large,2200
8953,Omu-Aran,Kwara,2025-12-14,Medium,1200
8954,Ibadan,Oyo,2025-04-04,Extra Large,3500
8955,Obudu,Cross River,2024-12-11,Medium,1200
8956,Damaturu,Yobe,2025-08-09,Extra Large,3500
8957,Ogbomoso,Oyo,2025-12-22,Medium,1200
8958,Ilesa,Osun,2024-08-25,Extra Large,3500
8959,Otukpo,Benue,2025-12-05,Small,500
8960,Zuru,Kebbi,2025-08-12,Large,2200
8961,Ondo City,Ondo,2024-09-16,Extra Large,3500
8962,Dutse,Jigawa,2024-07-15,Medium,1200
8963,Akure,Ondo,2024-06-22,Large,2200
8964,Jalingo,Taraba,2025-07-11,Extra Large,3500
8965,Suleja,Niger,2026-01-05,Small,500
8966,Ekwulobia,Anambra,2024-05-17,Medium,1200
8967,Nembe,Bayelsa,2024-11-19,Extra Large,3500
8968,Owerri,Imo,2025-05-27,Medium,1200
8969,Lokoja,Kogi,2024-06-13,Extra Large,3500
8970,Port Harcourt,Rivers,2025-07-07,Large,2200
8971,Lokoja,Kogi,2025-11-01,Large,2200
8972,Potiskum,Yobe,2024-12-08,Medium,1200
8973,Ilaro,Ogun,2025-06-04,Medium,1200
8974,Otukpo,Benue,2025-08-06,Medium,1200
8975,Zaria,Kaduna,2024-05-20,Small,500
8976,Dutsin-Ma,Katsina,2024-11-09,Large,2200
8977,Sagbama,Bayelsa,2026-04-10,Medium,1200
8978,Onitsha,Anambra,2025-06-13,Large,2200
8979,Mbaise,Imo,2025-06-13,Large,2200
8980,Lagos,Lagos,2025-11-25,Medium,1200
8981,Talata Mafara,Zamfara,2024-05-30,Medium,1200
8982,Otukpo,Benue,2024-12-12,Large,2200
8983,Obudu,Cross River,2026-03-17,Large,2200
8984,Epe,Lagos,2024-05-03,Extra Large,3500
8985,Ogbomoso,Oyo,2025-01-12,Small,500
8986,Monguno,Borno,2024-11-19,Large,2200
8987,Numan,Adamawa,2025-02-12,Large,2200
8988,Ado-Ekiti,Ekiti,2024-09-16,Medium,1200
8989,Daura,Katsina,2025-10-28,Extra Large,3500
8990,Ikeja,Lagos,2025-10-09,Small,500
8991,Eket,Akwa Ibom,2026-04-08,Extra Large,3500
8992,Jos,Plateau,2025-09-22,Small,500
8993,Birnin Kebbi,Kebbi,2024-07-07,Extra Large,3500
8994,Agbor,Delta,2025-02-18,Small,500
8995,Saki,Oyo,2025-10-21,Medium,1200
8996,Akwanga,Nasarawa,2024-07-09,Small,500
8997,Ile-Ife,Osun,2025-12-08,Medium,1200
8998,Sokoto,Sokoto,2024-08-14,Extra Large,3500
8999,Agbor,Delta,2025-06-30,Small,500
9000,Ogidi,Anambra,2025-01-31,Extra Large,3500
9001,Dukku,Gombe,2025-06-29,Medium,1200
9002,Abakaliki,Ebonyi,2026-01-09,Medium,1200
9003,Rijau,Niger,2024-11-25,Small,500
9004,Zuru,Kebbi,2024-08-15,Medium,1200
9005,Iseyin,Oyo,2025-03-31,Extra Large,3500
9006,Maiduguri,Borno,2026-02-03,Large,2200
9007,Akamkpa,Cross River,2024-07-04,Extra Large,3500
9008,Port Harcourt,Rivers,2025-10-04,Extra Large,3500
9009,Bichi,Kano,2026-02-02,Small,500
9010,Ikeja,Lagos,2025-12-08,Small,500
9011,Gumel,Jigawa,2025-08-18,Large,2200
9012,Awka,Anambra,2025-11-10,Medium,1200
9013,Umuahia,Abia,2024-08-22,Extra Large,3500
9014,Wukari,Taraba,2026-04-01,Extra Large,3500
9015,Tsafe,Zamfara,2025-05-09,Small,500
9016,Agbani,Enugu,2025-10-11,Large,2200
9017,Onitsha,Anambra,2025-08-16,Large,2200
9018,Gwadabawa,Sokoto,2026-03-07,Extra Large,3500
9019,Minna,Niger,2025-01-01,Medium,1200
9020,Nnewi,Anambra,2025-11-22,Small,500
9021,Agbani,Enugu,2024-12-30,Extra Large,3500
9022,Oyo Town,Oyo,2025-01-15,Large,2200
9023,Jamaare,Bauchi,2026-01-12,Medium,1200
9024,Mbaise,Imo,2025-03-07,Small,500
9025,Uyo,Akwa Ibom,2026-02-07,Medium,1200
9026,Talata Mafara,Zamfara,2025-11-13,Extra Large,3500
9027,Benin City,Edo,2025-02-04,Small,500
9028,Birnin Kebbi,Kebbi,2024-09-26,Medium,1200
9029,Okigwe,Imo,2025-07-17,Extra Large,3500
9030,Awka,Anambra,2024-06-20,Large,2200
9031,Afikpo,Ebonyi,2024-08-16,Small,500
9032,Otukpo,Benue,2025-07-29,Medium,1200
9033,Ikeja,Lagos,2025-04-25,Medium,1200
9034,Abak,Akwa Ibom,2025-12-06,Medium,1200
9035,Dass,Bauchi,2024-08-09,Small,500
9036,Ijebu-Ode,Ogun,2026-01-23,Extra Large,3500
9037,Umuahia,Abia,2025-05-31,Small,500
9038,Barkin Ladi,Plateau,2026-04-05,Extra Large,3500
9039,Arochukwu,Abia,2025-11-19,Large,2200
9040,Degema,Rivers,2024-06-29,Extra Large,3500
9041,Benin City,Edo,2024-07-04,Small,500
9042,Numan,Adamawa,2024-12-12,Medium,1200
9043,Sagbama,Bayelsa,2026-03-10,Small,500
9044,Ekwulobia,Anambra,2024-08-23,Small,500
9045,Ibadan,Oyo,2024-11-17,Extra Large,3500
9046,Okigwe,Imo,2025-01-17,Large,2200
9047,Futungo,Adamawa,2024-07-01,Large,2200
9048,Otukpo,Benue,2024-09-04,Medium,1200
9049,Ibadan,Oyo,2025-11-12,Large,2200
9050,Yenagoa,Bayelsa,2024-11-01,Small,500
9051,Gumel,Jigawa,2025-04-07,Large,2200
9052,Gumel,Jigawa,2024-10-31,Extra Large,3500
9053,Barkin Ladi,Plateau,2026-01-27,Extra Large,3500
9054,Omu-Aran,Kwara,2025-08-15,Extra Large,3500
9055,Dikwa,Borno,2024-08-07,Medium,1200
9056,Iseyin,Oyo,2024-07-26,Extra Large,3500
9057,Brass,Bayelsa,2025-06-16,Extra Large,3500
9058,Osogbo,Osun,2024-05-25,Extra Large,3500
9059,Ughelli,Delta,2026-01-14,Medium,1200
9060,Kaiama,Kwara,2025-02-14,Small,500
9061,Obudu,Cross River,2026-01-13,Extra Large,3500
9062,Ejigbo,Osun,2026-02-26,Medium,1200
9063,Numan,Adamawa,2024-07-30,Large,2200
9064,Omoku,Rivers,2025-01-20,Extra Large,3500
9065,Otukpo,Benue,2026-01-04,Extra Large,3500
9066,Kano,Kano,2026-03-23,Medium,1200
9067,Ikom,Cross River,2025-01-25,Large,2200
9068,Lafia,Nasarawa,2025-09-07,Large,2200
9069,Malumfashi,Katsina,2025-05-01,Extra Large,3500
9070,Uromi,Edo,2024-11-05,Extra Large,3500
9071,Nsukka,Enugu,2026-01-27,Small,500
9072,Kano,Kano,2025-09-07,Small,500
9073,Iseyin,Oyo,2025-07-24,Small,500
9074,Daura,Katsina,2025-08-10,Small,500
9075,Ikeja,Lagos,2025-10-20,Large,2200
9076,Tambuwal,Sokoto,2024-10-22,Small,500
9077,Rijau,Niger,2025-12-18,Extra Large,3500
9078,Oji River,Enugu,2024-05-02,Large,2200
9079,Jos,Plateau,2026-01-10,Large,2200
9080,Akwanga,Nasarawa,2024-11-25,Extra Large,3500
9081,Buni Yadi,Yobe,2024-08-20,Extra Large,3500
9082,Gwadabawa,Sokoto,2025-02-12,Small,500
9083,Oji River,Enugu,2024-06-19,Medium,1200
9084,Aba,Abia,2025-02-04,Large,2200
9085,Potiskum,Yobe,2025-03-30,Extra Large,3500
9086,Deba,Gombe,2024-07-04,Medium,1200
9087,Sagbama,Bayelsa,2025-04-02,Medium,1200
9088,Agbor,Delta,2025-08-09,Small,500
9089,Ohaozara,Ebonyi,2026-02-13,Small,500
9090,Akwanga,Nasarawa,2025-04-01,Medium,1200
9091,Kaduna,Kaduna,2024-06-28,Small,500
9092,Dutse,Jigawa,2025-10-13,Extra Large,3500
9093,Agbor,Delta,2026-02-26,Small,500
9094,Nembe,Bayelsa,2026-03-02,Extra Large,3500
9095,Afikpo,Ebonyi,2025-11-09,Medium,1200
9096,Kagoro,Kaduna,2024-09-19,Small,500
9097,Wukari,Taraba,2024-12-23,Small,500
9098,Nembe,Bayelsa,2024-12-14,Small,500
9099,Ejigbo,Osun,2026-04-25,Extra Large,3500
9100,Ekwulobia,Anambra,2025-04-17,Large,2200
9101,Ejigbo,Osun,2025-09-22,Large,2200
9102,Pankshin,Plateau,2025-04-10,Extra Large,3500
9103,Nnewi,Anambra,2024-11-16,Medium,1200
9104,Calabar,Cross River,2024-05-24,Extra Large,3500
9105,Maiduguri,Borno,2024-08-18,Large,2200
9106,Nguru,Yobe,2025-04-05,Large,2200
9107,Sagamu,Ogun,2025-08-07,Small,500
9108,Tsafe,Zamfara,2024-12-17,Small,500
9109,Arochukwu,Abia,2024-05-19,Small,500
9110,Omoku,Rivers,2025-07-10,Large,2200
9111,Ijebu-Ode,Ogun,2025-01-29,Small,500
9112,Ijebu-Ode,Ogun,2026-03-12,Small,500
9113,Ishieke,Ebonyi,2025-01-16,Extra Large,3500
9114,Badagry,Lagos,2025-03-07,Extra Large,3500
9115,Uromi,Edo,2025-04-08,Small,500
9116,Ota,Ogun,2024-06-05,Large,2200
9117,Ijebu-Ode,Ogun,2026-01-21,Extra Large,3500
9118,Tsafe,Zamfara,2026-03-24,Small,500
9119,Nembe,Bayelsa,2025-09-08,Medium,1200
9120,Gembu,Taraba,2024-11-10,Small,500
9121,Rijau,Niger,2025-08-04,Medium,1200
9122,Awka,Anambra,2024-06-27,Medium,1200
9123,Arochukwu,Abia,2024-06-16,Small,500
9124,Ikare,Ondo,2025-02-17,Large,2200
9125,Ikere-Ekiti,Ekiti,2024-12-01,Small,500
9126,Keffi,Nasarawa,2025-09-29,Medium,1200
9127,Abeokuta,Ogun,2026-01-23,Medium,1200
9128,Dass,Bauchi,2025-05-15,Large,2200
9129,Saminaka,Kaduna,2025-08-29,Small,500
9130,Ikot Ekpene,Akwa Ibom,2024-11-02,Small,500
9131,Mbaise,Imo,2025-12-25,Medium,1200
9132,Omu-Aran,Kwara,2024-07-03,Large,2200
9133,Bali,Taraba,2026-02-15,Medium,1200
9134,Kabba,Kogi,2025-01-02,Medium,1200
9135,Gusau,Zamfara,2025-10-29,Medium,1200
9136,Pankshin,Plateau,2024-08-25,Medium,1200
9137,Warri,Delta,2025-01-07,Large,2200
9138,Lokoja,Kogi,2025-02-27,Extra Large,3500
9139,Kaduna,Kaduna,2025-04-09,Medium,1200
9140,Kamba,Kebbi,2025-09-12,Small,500
9141,Kazaure,Jigawa,2024-08-22,Extra Large,3500
9142,Benin City,Edo,2025-09-18,Medium,1200
9143,Igbara-Odo,Ekiti,2025-01-11,Small,500
9144,Dikwa,Borno,2025-09-15,Extra Large,3500
9145,Dukku,Gombe,2025-02-05,Large,2200
9146,Omu-Aran,Kwara,2024-05-04,Small,500
9147,Udi,Enugu,2025-11-20,Large,2200
9148,Argungu,Kebbi,2025-07-07,Small,500
9149,Zuru,Kebbi,2024-06-22,Medium,1200
9150,Ogidi,Anambra,2025-08-28,Medium,1200
9151,Arochukwu,Abia,2025-07-21,Extra Large,3500
9152,Bali,Taraba,2024-12-19,Small,500
9153,Owo,Ondo,2026-04-18,Large,2200
9154,Nguru,Yobe,2026-03-14,Medium,1200
9155,Kaduna,Kaduna,2025-10-22,Medium,1200
9156,Katsina-Ala,Benue,2025-10-17,Extra Large,3500
9157,Omuo-Ekiti,Ekiti,2024-12-14,Small,500
9158,Ilaro,Ogun,2024-08-15,Small,500
9159,Azare,Bauchi,2025-03-28,Medium,1200
9160,Barkin Ladi,Plateau,2024-08-12,Extra Large,3500
9161,Osogbo,Osun,2026-01-18,Extra Large,3500
9162,Calabar,Cross River,2024-07-19,Extra Large,3500
9163,Kaltungo,Gombe,2026-04-06,Small,500
9164,Ekpoma,Edo,2025-02-18,Medium,1200
9165,Afikpo,Ebonyi,2025-05-12,Large,2200
9166,Vandeikya,Benue,2024-04-29,Medium,1200
9167,Ekwulobia,Anambra,2025-03-22,Medium,1200
9168,Auchi,Edo,2025-12-26,Extra Large,3500
9169,Yauri,Kebbi,2024-07-27,Small,500
9170,Vandeikya,Benue,2025-03-21,Small,500
9171,Funtua,Katsina,2026-04-05,Large,2200
9172,Onueke,Ebonyi,2024-07-07,Large,2200
9173,Asaba,Delta,2024-10-03,Medium,1200
9174,Zaria,Kaduna,2026-04-12,Large,2200
9175,Isuikwuato,Abia,2025-02-28,Large,2200
9176,Ede,Osun,2025-05-31,Large,2200
9177,Yenagoa,Bayelsa,2024-08-26,Extra Large,3500
9178,Misau,Bauchi,2025-01-27,Extra Large,3500
9179,Kaduna,Kaduna,2025-01-06,Large,2200
9180,Gboko,Benue,2026-03-24,Extra Large,3500
9181,Offa,Kwara,2026-04-07,Small,500
9182,Igbara-Odo,Ekiti,2025-06-22,Small,500
9183,Yauri,Kebbi,2024-05-07,Medium,1200
9184,Funtua,Katsina,2025-12-12,Small,500
9185,Ogidi,Anambra,2024-05-08,Medium,1200
9186,Lafia,Nasarawa,2026-02-11,Small,500
9187,Mubi,Adamawa,2025-04-29,Large,2200
9188,Akwanga,Nasarawa,2026-01-21,Large,2200
9189,Irrua,Edo,2025-09-20,Medium,1200
9190,Eket,Akwa Ibom,2025-08-14,Medium,1200
9191,Langtang,Plateau,2025-03-26,Extra Large,3500
9192,Idanre,Ondo,2025-02-20,Extra Large,3500
9193,Auchi,Edo,2025-01-09,Large,2200
9194,Biu,Gombe,2025-05-28,Extra Large,3500
9195,Nembe,Bayelsa,2025-05-14,Large,2200
9196,Yenagoa,Bayelsa,2025-11-07,Medium,1200
9197,Futungo,Adamawa,2024-07-18,Medium,1200
9198,Daura,Katsina,2024-09-02,Large,2200
9199,Sapele,Delta,2025-03-06,Small,500
9200,Nassarawa,Nasarawa,2024-09-03,Medium,1200
9201,Tambuwal,Sokoto,2025-07-05,Large,2200
9202,Ijebu-Ode,Ogun,2025-05-28,Medium,1200
9203,Dutsin-Ma,Katsina,2025-01-30,Medium,1200
9204,Okigwe,Imo,2026-01-04,Medium,1200
9205,Pankshin,Plateau,2025-09-12,Small,500
9206,Mutum Biyu,Taraba,2025-03-12,Extra Large,3500
9207,Dutse,Jigawa,2024-11-20,Extra Large,3500
9208,Badagry,Lagos,2025-07-24,Medium,1200
9209,Wudil,Kano,2026-03-04,Medium,1200
9210,Wamba,Nasarawa,2026-01-13,Medium,1200
9211,Anka,Zamfara,2026-04-24,Large,2200
9212,Girei,Adamawa,2025-12-07,Large,2200
9213,Agbani,Enugu,2024-07-11,Small,500
9214,Offa,Kwara,2025-08-14,Large,2200
9215,Kagoro,Kaduna,2025-07-21,Small,500
9216,Oguta,Imo,2025-02-21,Extra Large,3500
9217,Owo,Ondo,2025-04-24,Large,2200
9218,Agbani,Enugu,2025-10-28,Small,500
9219,Langtang,Plateau,2026-03-05,Large,2200
9220,Ikot Ekpene,Akwa Ibom,2024-07-08,Extra Large,3500
9221,Dikwa,Borno,2025-03-17,Medium,1200
9222,Aba,Abia,2025-06-25,Large,2200
9223,Zaria,Kaduna,2024-05-20,Extra Large,3500
9224,Agbani,Enugu,2024-11-24,Large,2200
9225,Kontagora,Niger,2025-02-28,Extra Large,3500
9226,Ikare,Ondo,2024-10-06,Large,2200
9227,Ibadan,Oyo,2025-03-25,Extra Large,3500
9228,Katsina-Ala,Benue,2025-01-30,Small,500
9229,Idanre,Ondo,2024-09-16,Small,500
9230,Sagbama,Bayelsa,2025-04-05,Extra Large,3500
9231,Yenagoa,Bayelsa,2024-07-26,Small,500
9232,Udi,Enugu,2026-04-04,Large,2200
9233,Osogbo,Osun,2026-02-24,Large,2200
9234,Kontagora,Niger,2025-02-22,Large,2200
9235,Ilaro,Ogun,2025-12-17,Large,2200
9236,Ohafia,Abia,2025-09-23,Small,500
9237,Buni Yadi,Yobe,2025-10-20,Extra Large,3500
9238,Yola,Adamawa,2024-05-02,Extra Large,3500
9239,Bori,Rivers,2025-01-25,Large,2200
9240,Auchi,Edo,2024-10-07,Large,2200
9241,Agbani,Enugu,2024-11-20,Extra Large,3500
9242,Bali,Taraba,2026-01-29,Small,500
9243,Kafanchan,Kaduna,2024-11-06,Small,500
9244,Kabba,Kogi,2025-12-30,Extra Large,3500
9245,Deba,Gombe,2025-11-29,Large,2200
9246,Katsina,Katsina,2025-02-24,Medium,1200
9247,Hadejia,Jigawa,2024-10-20,Extra Large,3500
9248,Dass,Bauchi,2026-02-14,Medium,1200
9249,Kabba,Kogi,2025-02-24,Small,500
9250,Katsina,Katsina,2024-05-08,Medium,1200
9251,Lokoja,Kogi,2024-08-17,Medium,1200
9252,Gashua,Yobe,2025-01-25,Extra Large,3500
9253,Ondo City,Ondo,2025-12-15,Extra Large,3500
9254,Dutsin-Ma,Katsina,2025-12-17,Small,500
9255,Ijebu-Ode,Ogun,2025-07-09,Large,2200
9256,Mbaise,Imo,2024-12-27,Small,500
9257,Keffi,Nasarawa,2026-03-29,Large,2200
9258,Wamako,Sokoto,2026-04-22,Medium,1200
9259,Yola,Adamawa,2024-10-20,Small,500
9260,Brass,Bayelsa,2026-04-08,Extra Large,3500
9261,Tsafe,Zamfara,2024-09-14,Extra Large,3500
9262,Lokoja,Kogi,2025-08-11,Medium,1200
9263,Ohafia,Abia,2025-12-23,Large,2200
9264,Ughelli,Delta,2025-12-03,Extra Large,3500
9265,Jebba,Kwara,2025-06-23,Extra Large,3500
9266,Jos,Plateau,2024-07-30,Medium,1200
9267,Akwanga,Nasarawa,2025-08-05,Extra Large,3500
9268,Asaba,Delta,2026-04-11,Medium,1200
9269,Ondo City,Ondo,2024-08-31,Large,2200
9270,Funtua,Katsina,2026-02-16,Medium,1200
9271,Kazaure,Jigawa,2025-05-10,Extra Large,3500
9272,Orlu,Imo,2025-03-12,Small,500
9273,Damaturu,Yobe,2024-07-08,Medium,1200
9274,Ikere-Ekiti,Ekiti,2025-12-03,Large,2200
9275,Ede,Osun,2025-04-30,Small,500
9276,Jos,Plateau,2025-08-01,Extra Large,3500
9277,Gombe,Gombe,2025-11-21,Extra Large,3500
9278,Funtua,Katsina,2026-01-03,Large,2200
9279,Iseyin,Oyo,2025-07-29,Extra Large,3500
9280,Uromi,Edo,2024-11-03,Medium,1200
9281,Keffi,Nasarawa,2025-06-05,Extra Large,3500
9282,Ejigbo,Osun,2026-03-21,Large,2200
9283,Abak,Akwa Ibom,2024-09-22,Extra Large,3500
9284,Bori,Rivers,2024-07-04,Extra Large,3500
9285,Ikorodu,Lagos,2025-03-12,Large,2200
9286,Wudil,Kano,2025-07-30,Large,2200
9287,Wamako,Sokoto,2025-07-04,Medium,1200
9288,Offa,Kwara,2024-05-17,Extra Large,3500
9289,Oyo Town,Oyo,2025-09-26,Small,500
9290,Mbaise,Imo,2026-02-28,Extra Large,3500
9291,Iseyin,Oyo,2024-06-23,Extra Large,3500
9292,Kano,Kano,2025-01-31,Large,2200
9293,Asaba,Delta,2025-10-21,Extra Large,3500
9294,Ilaro,Ogun,2024-07-31,Large,2200
9295,Sagbama,Bayelsa,2025-03-24,Extra Large,3500
9296,Offa,Kwara,2025-08-01,Large,2200
9297,Yenagoa,Bayelsa,2025-01-13,Large,2200
9298,Barkin Ladi,Plateau,2024-10-19,Medium,1200
9299,Ogidi,Anambra,2026-02-12,Small,500
9300,Uyo,Akwa Ibom,2024-11-30,Large,2200
9301,Oron,Akwa Ibom,2025-05-23,Large,2200
9302,Bida,Niger,2024-10-23,Medium,1200
9303,Okigwe,Imo,2025-11-18,Large,2200
9304,Okene,Kogi,2025-11-22,Large,2200
9305,Owo,Ondo,2025-11-11,Medium,1200
9306,Okene,Kogi,2025-08-21,Medium,1200
9307,Obudu,Cross River,2024-11-13,Extra Large,3500
9308,Uyo,Akwa Ibom,2026-03-11,Small,500
9309,Kazaure,Jigawa,2025-07-29,Small,500
9310,Yenagoa,Bayelsa,2025-08-06,Small,500
9311,Okigwe,Imo,2025-06-24,Large,2200
9312,Abeokuta,Ogun,2024-07-11,Small,500
9313,Illela,Sokoto,2025-03-28,Extra Large,3500
9314,Birnin Kebbi,Kebbi,2025-07-06,Small,500
9315,Gusau,Zamfara,2024-07-14,Large,2200
9316,Tambuwal,Sokoto,2024-11-19,Extra Large,3500
9317,Kagoro,Kaduna,2026-02-09,Extra Large,3500
9318,Misau,Bauchi,2024-07-03,Large,2200
9319,Langtang,Plateau,2025-04-23,Extra Large,3500
9320,Nembe,Bayelsa,2025-01-16,Extra Large,3500
9321,Gwadabawa,Sokoto,2025-12-30,Small,500
9322,Kagoro,Kaduna,2025-02-06,Extra Large,3500
9323,Kontagora,Niger,2025-04-20,Medium,1200
9324,Numan,Adamawa,2024-05-13,Medium,1200
9325,Epe,Lagos,2024-06-19,Large,2200
9326,Lagos,Lagos,2026-03-29,Small,500
9327,Zaria,Kaduna,2024-06-21,Medium,1200
9328,Gombe,Gombe,2025-09-11,Medium,1200
9329,Uromi,Edo,2025-01-26,Extra Large,3500
9330,Kano,Kano,2024-12-12,Large,2200
9331,Kagoro,Kaduna,2026-02-19,Medium,1200
9332,Nguru,Yobe,2025-12-09,Medium,1200
9333,Asaba,Delta,2024-09-05,Large,2200
9334,Nnewi,Anambra,2024-05-04,Small,500
9335,Enugu,Enugu,2024-09-04,Extra Large,3500
9336,Lafia,Nasarawa,2025-06-15,Large,2200
9337,Bori,Rivers,2025-07-14,Extra Large,3500
9338,Orlu,Imo,2024-05-19,Small,500
9339,Kazaure,Jigawa,2026-04-10,Large,2200
9340,Onueke,Ebonyi,2026-04-23,Extra Large,3500
9341,Funtua,Katsina,2025-04-15,Medium,1200
9342,Umuahia,Abia,2025-07-19,Large,2200
9343,Gumel,Jigawa,2025-05-31,Small,500
9344,Mubi,Adamawa,2024-08-20,Medium,1200
9345,Gwadabawa,Sokoto,2025-10-21,Medium,1200
9346,Ilorin,Kwara,2026-03-05,Extra Large,3500
9347,Sagamu,Ogun,2024-09-14,Extra Large,3500
9348,Pankshin,Plateau,2024-05-18,Small,500
9349,Enugu,Enugu,2024-05-13,Medium,1200
9350,Lagos,Lagos,2025-05-06,Medium,1200
9351,Umuahia,Abia,2024-08-16,Large,2200
9352,Wamako,Sokoto,2026-01-20,Medium,1200
9353,Kagoro,Kaduna,2024-07-19,Large,2200
9354,Damaturu,Yobe,2024-10-02,Large,2200
9355,Udi,Enugu,2024-12-22,Large,2200
9356,Abakaliki,Ebonyi,2024-10-04,Extra Large,3500
9357,Tsafe,Zamfara,2025-10-10,Large,2200
9358,Ankpa,Kogi,2026-03-15,Small,500
9359,Bali,Taraba,2024-11-08,Small,500
9360,Ishieke,Ebonyi,2025-04-14,Extra Large,3500
9361,Idah,Kogi,2026-03-24,Small,500
9362,Nassarawa,Nasarawa,2025-01-06,Large,2200
9363,Auchi,Edo,2025-06-04,Medium,1200
9364,Vandeikya,Benue,2024-11-28,Medium,1200
9365,Dutsin-Ma,Katsina,2025-10-23,Small,500
9366,Gusau,Zamfara,2025-04-24,Small,500
9367,Efon,Ekiti,2025-05-06,Small,500
9368,Kazaure,Jigawa,2025-02-13,Medium,1200
9369,Hadejia,Jigawa,2024-09-15,Medium,1200
9370,Daura,Katsina,2024-08-31,Small,500
9371,Ikorodu,Lagos,2025-09-11,Extra Large,3500
9372,Owerri,Imo,2026-02-04,Small,500
9373,Benin City,Edo,2024-11-18,Large,2200
9374,Ughelli,Delta,2025-02-08,Medium,1200
9375,Kano,Kano,2025-06-27,Small,500
9376,Danbatta,Kano,2025-11-08,Small,500
9377,Ikere-Ekiti,Ekiti,2024-12-10,Small,500
9378,Idah,Kogi,2025-11-28,Large,2200
9379,Ado-Ekiti,Ekiti,2026-03-25,Small,500
9380,Argungu,Kebbi,2025-04-18,Small,500
9381,Ado-Ekiti,Ekiti,2026-02-01,Large,2200
9382,Kano,Kano,2025-03-02,Extra Large,3500
9383,Ejigbo,Osun,2025-10-25,Small,500
9384,Makurdi,Benue,2025-12-14,Extra Large,3500
9385,Ikorodu,Lagos,2025-07-26,Large,2200
9386,Yauri,Kebbi,2025-07-14,Extra Large,3500
9387,Ilaro,Ogun,2025-03-06,Medium,1200
9388,Funtua,Katsina,2025-06-15,Large,2200
9389,Dikwa,Borno,2025-01-25,Medium,1200
9390,Otukpo,Benue,2025-08-02,Extra Large,3500
9391,Kafanchan,Kaduna,2024-06-12,Medium,1200
9392,Ekwulobia,Anambra,2024-08-27,Large,2200
9393,Nembe,Bayelsa,2024-05-21,Small,500
9394,Girei,Adamawa,2025-05-05,Small,500
9395,Nassarawa,Nasarawa,2025-06-30,Small,500
9396,Yola,Adamawa,2024-11-27,Medium,1200
9397,Onueke,Ebonyi,2025-12-22,Medium,1200
9398,Gwoza,Borno,2025-08-11,Medium,1200
9399,Ota,Ogun,2026-04-02,Medium,1200
9400,Asaba,Delta,2025-01-09,Extra Large,3500
9401,Kaiama,Kwara,2024-05-18,Medium,1200
9402,Wamba,Nasarawa,2024-09-05,Extra Large,3500
9403,Asaba,Delta,2024-12-18,Medium,1200
9404,Kagoro,Kaduna,2025-11-26,Small,500
9405,Aba,Abia,2025-01-13,Large,2200
9406,Biu,Gombe,2024-06-19,Large,2200
9407,Omoku,Rivers,2025-08-20,Medium,1200
9408,Kaura Namoda,Zamfara,2025-01-23,Small,500
9409,Ikere-Ekiti,Ekiti,2025-11-17,Medium,1200
9410,Yola,Adamawa,2024-07-25,Extra Large,3500
9411,Saminaka,Kaduna,2024-12-15,Large,2200
9412,Omoku,Rivers,2024-05-04,Large,2200
9413,Efon,Ekiti,2024-12-23,Extra Large,3500
9414,Biu,Borno,2025-04-02,Large,2200
9415,Sagbama,Bayelsa,2025-11-29,Large,2200
9416,Benin City,Edo,2026-02-12,Large,2200
9417,Sokoto,Sokoto,2025-06-11,Medium,1200
9418,Mutum Biyu,Taraba,2025-02-02,Small,500
9419,Lafia,Nasarawa,2025-07-10,Large,2200
9420,Gusau,Zamfara,2025-05-17,Medium,1200
9421,Ekpoma,Edo,2024-07-11,Small,500
9422,Sagamu,Ogun,2024-11-16,Large,2200
9423,Pankshin,Plateau,2025-07-15,Extra Large,3500
9424,Rijau,Niger,2026-02-01,Large,2200
9425,Abak,Akwa Ibom,2026-01-15,Small,500
9426,Dutse,Jigawa,2024-06-20,Large,2200
9427,Ikare,Ondo,2026-02-08,Large,2200
9428,Enugu,Enugu,2025-03-01,Small,500
9429,Akwanga,Nasarawa,2025-10-31,Large,2200
9430,Ondo City,Ondo,2024-12-15,Medium,1200
9431,Illela,Sokoto,2024-12-17,Extra Large,3500
9432,Gembu,Taraba,2024-09-18,Extra Large,3500
9433,Akwanga,Nasarawa,2025-12-04,Extra Large,3500
9434,Owerri,Imo,2025-04-26,Medium,1200
9435,Lafia,Nasarawa,2026-04-20,Extra Large,3500
9436,Ikom,Cross River,2025-02-28,Small,500
9437,Yenagoa,Bayelsa,2024-07-26,Medium,1200
9438,Kaura Namoda,Zamfara,2024-08-30,Small,500
9439,Kagoro,Kaduna,2024-12-21,Large,2200
9440,Osogbo,Osun,2025-01-31,Small,500
9441,Udi,Enugu,2025-06-22,Small,500
9442,Agbani,Enugu,2024-11-21,Small,500
9443,Birnin Kudu,Jigawa,2025-08-10,Large,2200
9444,Oguta,Imo,2026-01-12,Medium,1200
9445,Bichi,Kano,2026-04-19,Small,500
9446,Monguno,Borno,2026-02-22,Extra Large,3500
9447,Nnewi,Anambra,2024-11-20,Medium,1200
9448,Malumfashi,Katsina,2026-01-02,Medium,1200
9449,Talata Mafara,Zamfara,2025-02-15,Large,2200
9450,Oporoma,Bayelsa,2026-02-10,Extra Large,3500
9451,Enugu,Enugu,2026-02-27,Large,2200
9452,Biu,Gombe,2024-05-25,Extra Large,3500
9453,Port Harcourt,Rivers,2025-08-11,Large,2200
9454,Illela,Sokoto,2024-06-16,Extra Large,3500
9455,Mutum Biyu,Taraba,2024-07-05,Large,2200
9456,Keffi,Nasarawa,2025-12-04,Medium,1200
9457,Ikorodu,Lagos,2025-10-07,Medium,1200
9458,Ishieke,Ebonyi,2024-11-13,Medium,1200
9459,Damaturu,Yobe,2025-10-29,Small,500
9460,Wukari,Taraba,2025-02-13,Medium,1200
9461,Okigwe,Imo,2025-06-07,Medium,1200
9462,Oron,Akwa Ibom,2024-12-11,Large,2200
9463,Idanre,Ondo,2025-07-18,Large,2200
9464,Ikare,Ondo,2025-02-08,Extra Large,3500
9465,Eleme,Rivers,2025-09-18,Small,500
9466,Bida,Niger,2025-03-25,Large,2200
9467,Talata Mafara,Zamfara,2026-01-07,Extra Large,3500
9468,Kafanchan,Kaduna,2026-04-03,Large,2200
9469,Pankshin,Plateau,2024-07-24,Medium,1200
9470,Brass,Bayelsa,2025-01-25,Large,2200
9471,Ado-Ekiti,Ekiti,2025-07-22,Extra Large,3500
9472,Yauri,Kebbi,2024-05-18,Large,2200
9473,Ishieke,Ebonyi,2024-05-31,Extra Large,3500
9474,Saminaka,Kaduna,2024-05-04,Extra Large,3500
9475,Kaduna,Kaduna,2024-07-12,Small,500
9476,Rano,Kano,2024-12-19,Extra Large,3500
9477,Ohaozara,Ebonyi,2025-09-11,Extra Large,3500
9478,Birnin Kebbi,Kebbi,2025-03-11,Small,500
9479,Degema,Rivers,2024-08-29,Large,2200
9480,Okene,Kogi,2024-09-13,Large,2200
9481,Sagamu,Ogun,2026-02-15,Large,2200
9482,Misau,Bauchi,2025-01-21,Extra Large,3500
9483,Katsina,Katsina,2026-02-16,Extra Large,3500
9484,Ejigbo,Osun,2026-04-20,Extra Large,3500
9485,Owerri,Imo,2026-03-10,Small,500
9486,Agbani,Enugu,2026-01-21,Medium,1200
9487,Awka,Anambra,2024-11-02,Extra Large,3500
9488,Ado-Ekiti,Ekiti,2025-11-21,Small,500
9489,Kamba,Kebbi,2024-07-16,Extra Large,3500
9490,Warri,Delta,2026-03-20,Large,2200
9491,Warri,Delta,2024-06-20,Large,2200
9492,Potiskum,Yobe,2024-12-23,Large,2200
9493,Ohaozara,Ebonyi,2025-07-18,Extra Large,3500
9494,Ota,Ogun,2025-12-11,Small,500
9495,Bali,Taraba,2024-11-10,Extra Large,3500
9496,Awka,Anambra,2024-08-29,Small,500
9497,Kaduna,Kaduna,2024-08-05,Medium,1200
9498,Omuo-Ekiti,Ekiti,2025-03-29,Small,500
9499,Misau,Bauchi,2024-07-28,Medium,1200
9500,Ile-Ife,Osun,2026-01-17,Large,2200
9501,Mutum Biyu,Taraba,2025-10-29,Extra Large,3500
9502,Port Harcourt,Rivers,2026-02-04,Large,2200
9503,Yauri,Kebbi,2026-04-03,Large,2200
9504,Abeokuta,Ogun,2025-02-23,Large,2200
9505,Oguta,Imo,2025-03-19,Medium,1200
9506,Minna,Niger,2024-07-25,Extra Large,3500
9507,Bori,Rivers,2025-05-17,Extra Large,3500
9508,Obudu,Cross River,2025-06-23,Medium,1200
9509,Nnewi,Anambra,2025-08-23,Medium,1200
9510,Bida,Niger,2026-04-10,Small,500
9511,Vandeikya,Benue,2024-12-18,Medium,1200
9512,Bali,Taraba,2025-10-13,Extra Large,3500
9513,Ile-Ife,Osun,2024-10-09,Large,2200
9514,Eket,Akwa Ibom,2024-11-05,Small,500
9515,Omu-Aran,Kwara,2024-11-29,Medium,1200
9516,Talata Mafara,Zamfara,2024-06-26,Small,500
9517,Degema,Rivers,2025-06-09,Large,2200
9518,Kamba,Kebbi,2026-01-25,Medium,1200
9519,Brass,Bayelsa,2025-08-22,Extra Large,3500
9520,Uromi,Edo,2025-10-16,Large,2200
9521,Udi,Enugu,2024-09-24,Large,2200
9522,Kontagora,Niger,2024-06-23,Large,2200
9523,Danbatta,Kano,2026-04-07,Small,500
9524,Ejigbo,Osun,2024-06-10,Small,500
9525,Pankshin,Plateau,2024-05-06,Small,500
9526,Vandeikya,Benue,2024-10-01,Small,500
9527,Iseyin,Oyo,2025-12-16,Large,2200
9528,Lagos,Lagos,2024-09-11,Medium,1200
9529,Kafanchan,Kaduna,2024-07-12,Small,500
9530,Dutsin-Ma,Katsina,2024-09-26,Medium,1200
9531,Okene,Kogi,2025-07-02,Small,500
9532,Owo,Ondo,2025-05-17,Medium,1200
9533,Wukari,Taraba,2026-01-14,Large,2200
9534,Pankshin,Plateau,2025-11-03,Extra Large,3500
9535,Ede,Osun,2024-12-10,Large,2200
9536,Akwanga,Nasarawa,2025-03-24,Small,500
9537,Jos,Plateau,2024-08-17,Large,2200
9538,Yauri,Kebbi,2025-04-30,Large,2200
9539,Agbani,Enugu,2026-02-24,Medium,1200
9540,Idanre,Ondo,2024-10-03,Extra Large,3500
9541,Port Harcourt,Rivers,2025-01-17,Large,2200
9542,Ota,Ogun,2026-04-09,Medium,1200
9543,Asaba,Delta,2026-01-21,Large,2200
9544,Ekwulobia,Anambra,2025-05-07,Extra Large,3500
9545,Okigwe,Imo,2025-11-18,Small,500
9546,Offa,Kwara,2024-09-11,Large,2200
9547,Iseyin,Oyo,2024-11-16,Small,500
9548,Awka,Anambra,2024-08-25,Small,500
9549,Monguno,Borno,2024-12-07,Large,2200
9550,Iseyin,Oyo,2026-01-22,Medium,1200
9551,Rano,Kano,2025-08-13,Large,2200
9552,Owerri,Imo,2024-08-12,Large,2200
9553,Nguru,Yobe,2026-01-27,Medium,1200
9554,Ekpoma,Edo,2025-10-23,Large,2200
9555,Saki,Oyo,2024-10-19,Large,2200
9556,Bida,Niger,2026-02-09,Small,500
9557,Kaltungo,Gombe,2024-09-10,Large,2200
9558,Bori,Rivers,2024-05-17,Small,500
9559,Rijau,Niger,2025-08-23,Large,2200
9560,Epe,Lagos,2025-03-23,Medium,1200
9561,Argungu,Kebbi,2024-11-07,Medium,1200
9562,Agbor,Delta,2026-03-05,Large,2200
9563,Badagry,Lagos,2024-06-27,Small,500
9564,Kaiama,Kwara,2025-03-08,Large,2200
9565,Bori,Rivers,2024-08-15,Small,500
9566,Ilaro,Ogun,2025-04-29,Small,500
9567,Agbor,Delta,2025-05-03,Large,2200
9568,Biu,Borno,2024-06-04,Extra Large,3500
9569,Afikpo,Ebonyi,2024-11-12,Medium,1200
9570,Malumfashi,Katsina,2024-07-07,Small,500
9571,Katsina,Katsina,2025-08-14,Extra Large,3500
9572,Gboko,Benue,2025-10-14,Extra Large,3500
9573,Osogbo,Osun,2025-03-01,Large,2200
9574,Eleme,Rivers,2024-11-27,Extra Large,3500
9575,Okigwe,Imo,2025-02-15,Small,500
9576,Anka,Zamfara,2025-07-05,Large,2200
9577,Lokoja,Kogi,2025-05-19,Medium,1200
9578,Bori,Rivers,2025-04-22,Large,2200
9579,Minna,Niger,2025-03-09,Small,500
9580,Ibadan,Oyo,2025-09-06,Medium,1200
9581,Lafia,Nasarawa,2025-08-12,Small,500
9582,Dass,Bauchi,2026-03-29,Large,2200
9583,Yola,Adamawa,2024-10-04,Small,500
9584,Osogbo,Osun,2024-06-04,Extra Large,3500
9585,Saki,Oyo,2024-05-23,Large,2200
9586,Oron,Akwa Ibom,2024-11-07,Extra Large,3500
9587,Irrua,Edo,2024-06-14,Large,2200
9588,Birnin Kebbi,Kebbi,2024-07-09,Extra Large,3500
9589,Asaba,Delta,2024-10-09,Large,2200
9590,Oguta,Imo,2025-07-24,Extra Large,3500
9591,Ede,Osun,2025-10-02,Medium,1200
9592,Offa,Kwara,2025-02-07,Extra Large,3500
9593,Omoku,Rivers,2024-07-10,Large,2200
9594,Jebba,Kwara,2025-10-15,Extra Large,3500
9595,Oron,Akwa Ibom,2026-01-29,Small,500
9596,Ogbomoso,Oyo,2024-11-09,Medium,1200
9597,Buni Yadi,Yobe,2024-09-24,Medium,1200
9598,Kaduna,Kaduna,2025-11-22,Medium,1200
9599,Kaltungo,Gombe,2025-01-06,Small,500
9600,Efon,Ekiti,2024-11-23,Small,500
9601,Misau,Bauchi,2025-07-06,Medium,1200
9602,Ogidi,Anambra,2025-10-15,Extra Large,3500
9603,Daura,Katsina,2024-07-04,Extra Large,3500
9604,Dutsin-Ma,Katsina,2025-04-29,Medium,1200
9605,Ikare,Ondo,2025-09-21,Medium,1200
9606,Zuru,Kebbi,2025-04-10,Extra Large,3500
9607,Osogbo,Osun,2024-12-06,Large,2200
9608,Jalingo,Taraba,2026-02-18,Medium,1200
9609,Aba,Abia,2024-10-18,Extra Large,3500
9610,Kaltungo,Gombe,2024-12-13,Extra Large,3500
9611,Ikorodu,Lagos,2024-06-16,Medium,1200
9612,Lafia,Nasarawa,2024-09-10,Medium,1200
9613,Okene,Kogi,2026-02-13,Extra Large,3500
9614,Mbaise,Imo,2024-08-08,Large,2200
9615,Azare,Bauchi,2024-05-06,Extra Large,3500
9616,Idanre,Ondo,2025-04-08,Small,500
9617,Brass,Bayelsa,2024-12-27,Medium,1200
9618,Ikere-Ekiti,Ekiti,2024-09-03,Small,500
9619,Hadejia,Jigawa,2024-11-05,Large,2200
9620,Ohaozara,Ebonyi,2024-06-22,Small,500
9621,Vandeikya,Benue,2025-09-05,Extra Large,3500
9622,Buni Yadi,Yobe,2026-01-10,Medium,1200
9623,Ankpa,Kogi,2025-07-05,Large,2200
9624,Bida,Niger,2026-04-05,Extra Large,3500
9625,Gumel,Jigawa,2025-06-27,Extra Large,3500
9626,Ikeja,Lagos,2025-04-18,Medium,1200
9627,Badagry,Lagos,2024-10-24,Large,2200
9628,Kano,Kano,2024-07-15,Small,500
9629,Jalingo,Taraba,2025-12-16,Large,2200
9630,Brass,Bayelsa,2025-06-15,Extra Large,3500
9631,Ile-Ife,Osun,2026-04-20,Small,500
9632,Okene,Kogi,2025-12-28,Small,500
9633,Udi,Enugu,2025-05-15,Small,500
9634,Oji River,Enugu,2024-08-27,Extra Large,3500
9635,Wamako,Sokoto,2024-08-12,Small,500
9636,Gashua,Yobe,2024-07-04,Extra Large,3500
9637,Sagbama,Bayelsa,2024-12-05,Extra Large,3500
9638,Ikom,Cross River,2025-10-17,Small,500
9639,Misau,Bauchi,2025-03-23,Medium,1200
9640,Ikere-Ekiti,Ekiti,2025-10-16,Large,2200
9641,Kaduna,Kaduna,2026-04-20,Small,500
9642,Biu,Borno,2024-11-01,Extra Large,3500
9643,Ishieke,Ebonyi,2025-04-17,Medium,1200
9644,Lafia,Nasarawa,2025-01-18,Medium,1200
9645,Isuikwuato,Abia,2024-05-06,Extra Large,3500
9646,Bida,Niger,2025-01-09,Extra Large,3500
9647,Jos,Plateau,2025-09-28,Small,500
9648,Ilaro,Ogun,2026-02-07,Extra Large,3500
9649,Vandeikya,Benue,2025-11-14,Medium,1200
9650,Iseyin,Oyo,2026-01-13,Medium,1200
9651,Lagos,Lagos,2026-02-15,Extra Large,3500
9652,Ilaro,Ogun,2025-07-06,Small,500
9653,Ijebu-Ode,Ogun,2024-07-18,Small,500
9654,Omoku,Rivers,2025-09-10,Small,500
9655,Rano,Kano,2025-10-11,Extra Large,3500
9656,Gusau,Zamfara,2024-05-12,Large,2200
9657,Vandeikya,Benue,2026-04-12,Extra Large,3500
9658,Gombe,Gombe,2026-01-12,Medium,1200
9659,Ohaozara,Ebonyi,2025-08-21,Large,2200
9660,Kabba,Kogi,2024-08-08,Large,2200
9661,Ikare,Ondo,2025-04-25,Large,2200
9662,Vandeikya,Benue,2024-10-22,Small,500
9663,Minna,Niger,2025-10-20,Large,2200
9664,Dukku,Gombe,2026-04-08,Small,500
9665,Akwanga,Nasarawa,2025-01-14,Small,500
9666,Port Harcourt,Rivers,2025-10-23,Medium,1200
9667,Daura,Katsina,2024-09-15,Large,2200
9668,Dikwa,Borno,2026-03-25,Extra Large,3500
9669,Awka,Anambra,2025-08-06,Small,500
9670,Ikorodu,Lagos,2026-04-02,Small,500
9671,Igbara-Odo,Ekiti,2026-01-28,Medium,1200
9672,Kontagora,Niger,2025-09-05,Small,500
9673,Oyo Town,Oyo,2026-02-13,Medium,1200
9674,Monguno,Borno,2025-03-21,Medium,1200
9675,Jamaare,Bauchi,2026-03-28,Medium,1200
9676,Suleja,Niger,2025-05-17,Large,2200
9677,Ohaozara,Ebonyi,2024-11-06,Small,500
9678,Ikom,Cross River,2025-09-05,Small,500
9679,Idanre,Ondo,2026-02-05,Small,500
9680,Tsafe,Zamfara,2025-02-06,Extra Large,3500
9681,Badagry,Lagos,2025-02-26,Small,500
9682,Agbor,Delta,2026-04-23,Medium,1200
9683,Omuo-Ekiti,Ekiti,2024-12-09,Medium,1200
9684,Wamako,Sokoto,2024-05-27,Medium,1200
9685,Yenagoa,Bayelsa,2025-05-12,Extra Large,3500
9686,Epe,Lagos,2025-01-02,Medium,1200
9687,Birnin Kebbi,Kebbi,2025-07-18,Extra Large,3500
9688,Funtua,Katsina,2025-03-09,Large,2200
9689,Wamba,Nasarawa,2025-03-25,Medium,1200
9690,Ilorin,Kwara,2026-04-04,Small,500
9691,Abakaliki,Ebonyi,2025-11-27,Large,2200
9692,Awka,Anambra,2024-11-23,Medium,1200
9693,Potiskum,Yobe,2026-04-05,Medium,1200
9694,Nembe,Bayelsa,2025-04-26,Large,2200
9695,Ikorodu,Lagos,2025-09-10,Extra Large,3500
9696,Umuahia,Abia,2025-04-02,Large,2200
9697,Ibadan,Oyo,2024-08-14,Extra Large,3500
9698,Port Harcourt,Rivers,2026-04-03,Extra Large,3500
9699,Mubi,Adamawa,2025-07-26,Small,500
9700,Kaiama,Kwara,2025-08-25,Extra Large,3500
9701,Ogidi,Anambra,2024-12-04,Large,2200
9702,Azare,Bauchi,2024-11-23,Large,2200
9703,Lafia,Nasarawa,2025-12-02,Large,2200
9704,Oporoma,Bayelsa,2024-05-08,Large,2200
9705,Potiskum,Yobe,2024-05-26,Large,2200
9706,Nsukka,Enugu,2024-11-19,Extra Large,3500
9707,Wamba,Nasarawa,2025-07-04,Large,2200
9708,Dikwa,Borno,2024-06-04,Extra Large,3500
9709,Kontagora,Niger,2024-12-06,Extra Large,3500
9710,Akure,Ondo,2025-03-07,Small,500
9711,Akwanga,Nasarawa,2025-08-22,Medium,1200
9712,Funtua,Katsina,2024-04-27,Extra Large,3500
9713,Gombe,Gombe,2024-10-27,Extra Large,3500
9714,Owerri,Imo,2025-01-08,Medium,1200
9715,Biu,Gombe,2024-11-20,Large,2200
9716,Ilaro,Ogun,2026-01-14,Large,2200
9717,Bori,Rivers,2025-08-26,Large,2200
9718,Maiduguri,Borno,2025-11-10,Large,2200
9719,Gashua,Yobe,2024-08-18,Small,500
9720,Malumfashi,Katsina,2024-06-28,Medium,1200
9721,Dikwa,Borno,2024-11-10,Small,500
9722,Kaiama,Kwara,2026-04-25,Small,500
9723,Idah,Kogi,2024-09-17,Medium,1200
9724,Jos,Plateau,2025-06-28,Extra Large,3500
9725,Ikorodu,Lagos,2024-06-25,Large,2200
9726,Langtang,Plateau,2024-10-03,Small,500
9727,Makurdi,Benue,2025-04-07,Small,500
9728,Shendam,Plateau,2025-01-11,Extra Large,3500
9729,Bida,Niger,2025-12-11,Extra Large,3500
9730,Badagry,Lagos,2025-08-05,Large,2200
9731,Sagamu,Ogun,2025-03-01,Extra Large,3500
9732,Agbor,Delta,2026-04-03,Extra Large,3500
9733,Warri,Delta,2024-07-07,Extra Large,3500
9734,Agbani,Enugu,2024-11-03,Large,2200
9735,Kaduna,Kaduna,2024-12-03,Medium,1200
9736,Isuikwuato,Abia,2024-12-10,Large,2200
9737,Wamba,Nasarawa,2025-06-13,Large,2200
9738,Abeokuta,Ogun,2025-09-05,Extra Large,3500
9739,Wamba,Nasarawa,2024-12-18,Medium,1200
9740,Abeokuta,Ogun,2025-06-23,Medium,1200
9741,Wukari,Taraba,2025-09-08,Extra Large,3500
9742,Kaura Namoda,Zamfara,2024-09-19,Small,500
9743,Ede,Osun,2024-08-04,Extra Large,3500
9744,Ejigbo,Osun,2025-06-06,Large,2200
9745,Ibadan,Oyo,2024-12-03,Medium,1200
9746,Ijebu-Ode,Ogun,2024-06-28,Extra Large,3500
9747,Deba,Gombe,2025-06-15,Extra Large,3500
9748,Uromi,Edo,2025-07-30,Small,500
9749,Yenagoa,Bayelsa,2025-05-31,Extra Large,3500
9750,Okigwe,Imo,2025-01-26,Small,500
9751,Akamkpa,Cross River,2026-01-27,Extra Large,3500
9752,Auchi,Edo,2025-03-12,Small,500
9753,Ota,Ogun,2024-08-06,Medium,1200
9754,Wudil,Kano,2025-03-16,Medium,1200
9755,Biu,Gombe,2024-12-11,Medium,1200
9756,Onitsha,Anambra,2026-03-11,Medium,1200
9757,Kaltungo,Gombe,2025-09-29,Large,2200
9758,Lafia,Nasarawa,2025-04-04,Extra Large,3500
9759,Girei,Adamawa,2025-03-05,Large,2200
9760,Gombe,Gombe,2025-02-28,Extra Large,3500
9761,Offa,Kwara,2025-02-20,Medium,1200
9762,Kabba,Kogi,2024-05-17,Extra Large,3500
9763,Argungu,Kebbi,2025-06-09,Large,2200
9764,Brass,Bayelsa,2026-03-27,Large,2200
9765,Mbaise,Imo,2025-02-28,Small,500
9766,Oron,Akwa Ibom,2025-10-31,Large,2200
9767,Birnin Kudu,Jigawa,2025-07-20,Large,2200
9768,Rano,Kano,2024-12-04,Extra Large,3500
9769,Okene,Kogi,2024-10-21,Small,500
9770,Dikwa,Borno,2025-05-06,Small,500
9771,Hadejia,Jigawa,2024-07-29,Large,2200
9772,Omu-Aran,Kwara,2025-05-29,Medium,1200
9773,Jalingo,Taraba,2025-06-14,Large,2200
9774,Mbaise,Imo,2024-11-27,Extra Large,3500
9775,Daura,Katsina,2025-10-31,Large,2200
9776,Lokoja,Kogi,2025-02-08,Extra Large,3500
9777,Kaura Namoda,Zamfara,2025-02-15,Extra Large,3500
9778,Nguru,Yobe,2024-05-01,Small,500
9779,Benin City,Edo,2025-12-08,Medium,1200
9780,Ikom,Cross River,2026-01-26,Small,500
9781,Owerri,Imo,2025-03-29,Extra Large,3500
9782,Uyo,Akwa Ibom,2024-06-05,Large,2200
9783,Kaura Namoda,Zamfara,2024-06-05,Extra Large,3500
9784,Udi,Enugu,2025-12-24,Medium,1200
9785,Nguru,Yobe,2025-08-15,Extra Large,3500
9786,Ishieke,Ebonyi,2024-12-26,Extra Large,3500
9787,Ado-Ekiti,Ekiti,2024-07-07,Large,2200
9788,Onueke,Ebonyi,2024-11-25,Large,2200
9789,Ijebu-Ode,Ogun,2025-04-13,Small,500
9790,Shendam,Plateau,2024-12-25,Extra Large,3500
9791,Funtua,Katsina,2024-06-10,Small,500
9792,Akure,Ondo,2025-10-20,Medium,1200
9793,Ikere-Ekiti,Ekiti,2025-09-01,Small,500
9794,Jos,Plateau,2025-10-19,Small,500
9795,Birnin Kebbi,Kebbi,2024-06-04,Small,500
9796,Irrua,Edo,2024-09-23,Extra Large,3500
9797,Funtua,Katsina,2024-08-10,Small,500
9798,Asaba,Delta,2025-10-20,Medium,1200
9799,Abakaliki,Ebonyi,2025-04-24,Small,500
9800,Bori,Rivers,2024-10-07,Large,2200
9801,Badagry,Lagos,2025-09-02,Small,500
9802,Bida,Niger,2026-01-09,Extra Large,3500
9803,Calabar,Cross River,2024-12-02,Small,500
9804,Kagoro,Kaduna,2024-12-10,Extra Large,3500
9805,Obudu,Cross River,2026-04-20,Large,2200
9806,Yola,Adamawa,2024-05-01,Large,2200
9807,Ohaozara,Ebonyi,2025-04-16,Extra Large,3500
9808,Gumel,Jigawa,2025-09-11,Medium,1200
9809,Onitsha,Anambra,2024-07-19,Extra Large,3500
9810,Ekwulobia,Anambra,2024-04-27,Large,2200
9811,Rano,Kano,2025-07-12,Medium,1200
9812,Ado-Ekiti,Ekiti,2024-07-24,Large,2200
9813,Gwadabawa,Sokoto,2024-07-06,Medium,1200
9814,Oguta,Imo,2024-09-23,Medium,1200
9815,Rijau,Niger,2025-04-08,Small,500
9816,Akure,Ondo,2025-12-26,Small,500
9817,Gumel,Jigawa,2025-03-17,Extra Large,3500
9818,Warri,Delta,2024-06-06,Medium,1200
9819,Kontagora,Niger,2024-07-25,Small,500
9820,Saminaka,Kaduna,2025-02-16,Large,2200
9821,Sokoto,Sokoto,2026-04-15,Extra Large,3500
9822,Aba,Abia,2025-12-17,Large,2200
9823,Uyo,Akwa Ibom,2026-01-02,Extra Large,3500
9824,Eleme,Rivers,2025-05-31,Extra Large,3500
9825,Calabar,Cross River,2025-12-18,Medium,1200
9826,Ilorin,Kwara,2025-09-07,Medium,1200
9827,Uyo,Akwa Ibom,2026-01-15,Medium,1200
9828,Anka,Zamfara,2025-07-22,Medium,1200
9829,Orlu,Imo,2025-03-09,Medium,1200
9830,Osogbo,Osun,2025-08-05,Large,2200
9831,Igbara-Odo,Ekiti,2024-09-09,Large,2200
9832,Tambuwal,Sokoto,2025-12-16,Small,500
9833,Ankpa,Kogi,2025-08-20,Large,2200
9834,Birnin Kebbi,Kebbi,2024-08-29,Small,500
9835,Ondo City,Ondo,2025-10-21,Extra Large,3500
9836,Sagbama,Bayelsa,2025-05-31,Medium,1200
9837,Girei,Adamawa,2025-04-10,Large,2200
9838,Oyo Town,Oyo,2024-11-25,Small,500
9839,Daura,Katsina,2025-08-27,Large,2200
9840,Kaura Namoda,Zamfara,2026-03-29,Medium,1200
9841,Ijebu-Ode,Ogun,2025-04-22,Extra Large,3500
9842,Ogoja,Cross River,2025-08-28,Small,500
9843,Gembu,Taraba,2025-02-06,Medium,1200
9844,Azare,Bauchi,2025-09-18,Large,2200
9845,Langtang,Plateau,2024-07-14,Medium,1200
9846,Ikare,Ondo,2025-02-25,Extra Large,3500
9847,Onueke,Ebonyi,2025-03-03,Large,2200
9848,Omuo-Ekiti,Ekiti,2024-05-17,Medium,1200
9849,Idah,Kogi,2025-03-27,Extra Large,3500
9850,Mutum Biyu,Taraba,2025-06-13,Medium,1200
9851,Akwanga,Nasarawa,2024-05-05,Extra Large,3500
9852,Monguno,Borno,2024-12-04,Extra Large,3500
9853,Daura,Katsina,2025-08-11,Small,500
9854,Ishieke,Ebonyi,2026-02-08,Small,500
9855,Kaltungo,Gombe,2025-07-24,Small,500
9856,Wudil,Kano,2024-05-28,Large,2200
9857,Shendam,Plateau,2026-02-19,Extra Large,3500
9858,Awka,Anambra,2026-03-31,Small,500
9859,Kano,Kano,2025-04-04,Small,500
9860,Sagamu,Ogun,2025-10-07,Extra Large,3500
9861,Deba,Gombe,2024-11-15,Extra Large,3500
9862,Ogoja,Cross River,2026-04-14,Medium,1200
9863,Kontagora,Niger,2025-01-13,Medium,1200
9864,Ogoja,Cross River,2026-01-12,Large,2200
9865,Asaba,Delta,2025-04-29,Medium,1200
9866,Ota,Ogun,2025-01-06,Medium,1200
9867,Ogidi,Anambra,2025-09-25,Small,500
9868,Kaduna,Kaduna,2025-02-06,Small,500
9869,Okene,Kogi,2024-06-11,Extra Large,3500
9870,Owerri,Imo,2025-08-19,Small,500
9871,Ogbomoso,Oyo,2025-01-09,Medium,1200
9872,Bida,Niger,2025-10-04,Small,500
9873,Kazaure,Jigawa,2024-12-31,Large,2200
9874,Ota,Ogun,2025-10-01,Small,500
9875,Aba,Abia,2025-11-23,Large,2200
9876,Akamkpa,Cross River,2024-11-16,Medium,1200
9877,Agbani,Enugu,2025-11-05,Large,2200
9878,Ilesa,Osun,2024-12-04,Medium,1200
9879,Ishieke,Ebonyi,2025-02-08,Medium,1200
9880,Kamba,Kebbi,2026-02-25,Extra Large,3500
9881,Ilaro,Ogun,2025-08-11,Extra Large,3500
9882,Sagbama,Bayelsa,2025-01-27,Medium,1200
9883,Mubi,Adamawa,2025-04-06,Medium,1200
9884,Ondo City,Ondo,2025-08-21,Large,2200
9885,Ogbomoso,Oyo,2025-06-22,Extra Large,3500
9886,Birnin Kebbi,Kebbi,2026-03-05,Small,500
9887,Ikere-Ekiti,Ekiti,2025-11-14,Small,500
9888,Uyo,Akwa Ibom,2025-05-16,Extra Large,3500
9889,Malumfashi,Katsina,2024-07-30,Extra Large,3500
9890,Misau,Bauchi,2024-12-19,Large,2200
9891,Ughelli,Delta,2026-03-26,Extra Large,3500
9892,Okigwe,Imo,2025-01-06,Large,2200
9893,Dutse,Jigawa,2025-07-22,Large,2200
9894,Auchi,Edo,2025-02-16,Small,500
9895,Rijau,Niger,2024-05-29,Extra Large,3500
9896,Asaba,Delta,2026-01-09,Extra Large,3500
9897,Ilesa,Osun,2024-08-21,Large,2200
9898,Dukku,Gombe,2024-07-06,Medium,1200
9899,Daura,Katsina,2024-07-13,Extra Large,3500
9900,Numan,Adamawa,2026-03-10,Large,2200
9901,Udi,Enugu,2025-04-10,Medium,1200
9902,Offa,Kwara,2025-11-03,Extra Large,3500
9903,Talata Mafara,Zamfara,2026-04-14,Large,2200
9904,Ogbomoso,Oyo,2025-12-09,Medium,1200
9905,Sokoto,Sokoto,2025-10-14,Medium,1200
9906,Owerri,Imo,2024-10-16,Extra Large,3500
9907,Kaltungo,Gombe,2026-02-13,Large,2200
9908,Orlu,Imo,2024-09-01,Small,500
9909,Auchi,Edo,2026-02-08,Extra Large,3500
9910,Katsina,Katsina,2025-10-31,Medium,1200
9911,Sapele,Delta,2025-02-28,Extra Large,3500
9912,Dutse,Jigawa,2024-06-13,Large,2200
9913,Igbara-Odo,Ekiti,2025-07-18,Medium,1200
9914,Onitsha,Anambra,2024-07-19,Medium,1200
9915,Ilorin,Kwara,2026-01-06,Large,2200
9916,Dass,Bauchi,2024-06-19,Small,500
9917,Ikom,Cross River,2025-11-06,Medium,1200
9918,Birnin Kebbi,Kebbi,2025-07-14,Small,500
9919,Port Harcourt,Rivers,2026-01-01,Large,2200
9920,Omu-Aran,Kwara,2026-03-03,Extra Large,3500
9921,Ogidi,Anambra,2024-12-17,Large,2200
9922,Nnewi,Anambra,2025-09-19,Medium,1200
9923,Sapele,Delta,2025-01-28,Large,2200
9924,Bida,Niger,2026-04-19,Small,500
9925,Nembe,Bayelsa,2025-06-20,Medium,1200
9926,Badagry,Lagos,2024-09-20,Small,500
9927,Ogoja,Cross River,2024-10-28,Medium,1200
9928,Sokoto,Sokoto,2025-03-12,Extra Large,3500
9929,Jalingo,Taraba,2024-11-22,Small,500
9930,Okigwe,Imo,2024-09-21,Small,500
9931,Offa,Kwara,2024-08-23,Large,2200
9932,Dutse,Jigawa,2025-12-12,Extra Large,3500
9933,Monguno,Borno,2025-12-09,Extra Large,3500
9934,Yauri,Kebbi,2024-09-14,Extra Large,3500
9935,Gwoza,Borno,2025-06-26,Extra Large,3500
9936,Biu,Gombe,2025-07-30,Medium,1200
9937,Kagoro,Kaduna,2025-08-28,Medium,1200
9938,Girei,Adamawa,2024-09-22,Small,500
9939,Ijebu-Ode,Ogun,2025-12-10,Small,500
9940,Gashua,Yobe,2026-02-08,Extra Large,3500
9941,Okigwe,Imo,2025-01-14,Medium,1200
9942,Aba,Abia,2025-02-19,Extra Large,3500
9943,Akure,Ondo,2025-05-31,Large,2200
9944,Ikot Ekpene,Akwa Ibom,2024-06-18,Medium,1200
9945,Nnewi,Anambra,2024-09-09,Extra Large,3500
9946,Wamako,Sokoto,2025-10-12,Extra Large,3500
9947,Ede,Osun,2026-02-21,Small,500
9948,Daura,Katsina,2025-08-09,Medium,1200
9949,Akure,Ondo,2025-04-24,Small,500
9950,Uyo,Akwa Ibom,2025-12-26,Small,500
9951,Sagbama,Bayelsa,2025-06-17,Extra Large,3500
9952,Makurdi,Benue,2025-04-08,Medium,1200
9953,Ughelli,Delta,2025-01-09,Small,500
9954,Buni Yadi,Yobe,2025-07-23,Medium,1200
9955,Ikot Ekpene,Akwa Ibom,2025-06-09,Extra Large,3500
9956,Gwoza,Borno,2024-08-05,Medium,1200
9957,Tsafe,Zamfara,2024-06-15,Small,500
9958,Ota,Ogun,2025-03-05,Extra Large,3500
9959,Gashua,Yobe,2025-01-26,Small,500
9960,Bali,Taraba,2024-06-17,Extra Large,3500
9961,Ikot Ekpene,Akwa Ibom,2024-06-23,Small,500
9962,Akwanga,Nasarawa,2025-11-19,Extra Large,3500
9963,Tsafe,Zamfara,2024-12-01,Medium,1200
9964,Nassarawa,Nasarawa,2024-07-22,Medium,1200
9965,Jalingo,Taraba,2024-10-12,Small,500
9966,Barkin Ladi,Plateau,2025-07-10,Extra Large,3500
9967,Abakaliki,Ebonyi,2024-12-24,Small,500
9968,Danbatta,Kano,2024-10-07,Medium,1200
9969,Igbara-Odo,Ekiti,2026-03-15,Medium,1200
9970,Kaiama,Kwara,2026-03-02,Large,2200
9971,Girei,Adamawa,2024-10-27,Medium,1200
9972,Futungo,Adamawa,2025-09-23,Medium,1200
9973,Ekwulobia,Anambra,2024-06-15,Extra Large,3500
9974,Gembu,Taraba,2026-01-24,Large,2200
9975,Gboko,Benue,2026-04-04,Large,2200
9976,Rano,Kano,2024-06-20,Medium,1200
9977,Ilaro,Ogun,2025-06-21,Small,500
9978,Kazaure,Jigawa,2026-01-10,Extra Large,3500
9979,Birnin Kudu,Jigawa,2026-03-09,Small,500
9980,Ikare,Ondo,2025-04-27,Extra Large,3500
9981,Ilesa,Osun,2025-02-12,Small,500
9982,Anka,Zamfara,2024-06-07,Extra Large,3500
9983,Makurdi,Benue,2025-09-18,Extra Large,3500
9984,Funtua,Katsina,2024-07-17,Extra Large,3500
9985,Ikot Ekpene,Akwa Ibom,2025-04-06,Large,2200
9986,Suleja,Niger,2026-02-26,Large,2200
9987,Owerri,Imo,2024-11-05,Small,500
9988,Ile-Ife,Osun,2024-05-18,Medium,1200
9989,Yola,Adamawa,2024-12-30,Medium,1200
9990,Jebba,Kwara,2024-11-03,Large,2200
9991,Owo,Ondo,2024-12-27,Medium,1200
9992,Mbaise,Imo,2025-11-07,Extra Large,3500
9993,Barkin Ladi,Plateau,2024-08-06,Small,500
9994,Ado-Ekiti,Ekiti,2025-05-31,Extra Large,3500
9995,Eleme,Rivers,2025-10-15,Extra Large,3500
9996,Vandeikya,Benue,2026-03-03,Medium,1200
9997,Abeokuta,Ogun,2025-08-24,Large,2200
9998,Rano,Kano,2026-01-29,Extra Large,3500
9999,Asaba,Delta,2024-10-16,Small,500
10000,Sapele,Delta,2024-06-19,Small,500
